_real_time,_totl_time,missn_time,timer_time,_zulu_time,local_time,hobbs_time,__mag_comp,mavar__deg,__lat__deg,__lon__deg,__altftmsl,__altftagl,___onrunwy,__alt__ind,__latorign,__lonorign,NAV_1,_freqNAV_1,_stbyNAV_1,_typeNAV_2,_freqNAV_2,_stbyNAV_2,_typeNAV_1,n-typNAV_1,to-frNAV_1,m-crsNAV_1,r-brgNAV_1,dme-dNAV_1,h-defNAV_1,v-defNAV_2,n-typNAV_2,to-frNAV_2,m-crsNAV_2,r-brgNAV_2,dme-dNAV_2,h-defNAV_2,v-defADF_1,_freqADF_1,_cardADF_1,r-brgADF_1,n-typADF_2,_freqADF_2,_cardADF_2,r-brgADF_2,n-typ__DME,nav01__DME,_mode__DME,found__DME,_dist__DME,speed__DME,_time__DME,n-typDME-3_freq,
195.60974,0.04532,0.04532,0.00000,13.15504,14.15504,2.27559,167.02266,-1.73001,47.44106,5.07231,2780.04980,1699.41357,0.00000,2567.47534,47.50000,5.00000,11145.00000,11300.00000,0.00000,11735.00000,11710.00000,0.00000,0.00000,0.00000,358.15076,18.17940,0.00000,2.07362,0.00813,0.00000,0.00000,358.15076,89.66282,0.00000,0.00813,0.00813,309.00000,0.00000,88.31408,0.00000,210.00000,0.00000,89.66282,0.00000,0.00000,2.00000,0.00000,0.00000,0.00000,0.00000,0.00000,10940.00000,
197.74753,1.07940,1.07940,0.00000,13.15533,14.15533,2.27588,170.64934,-1.73003,47.44068,5.07236,2749.35815,1673.35046,0.00000,2089.44067,47.50000,5.00000,11145.00000,11300.00000,3.00000,11735.00000,11710.00000,0.00000,3.00000,1.00000,100.89817,159.95053,10.27061,-2.40430,0.00012,0.00000,0.00000,332.66830,89.88047,0.00000,0.00012,0.00012,309.00000,0.00000,89.40225,0.00000,210.00000,0.00000,89.88047,0.00000,0.00000,2.00000,1.00000,10.27061,107.29450,3.32754,3.00000,10940.00000,
286.41754,1.77800,0.27542,0.00000,13.15552,14.15552,2.27607,41.25886,-1.72994,47.44231,5.07214,2847.25073,1761.41150,0.00000,308.36279,47.50000,5.00000,11145.00000,11300.00000,3.00000,11735.00000,11710.00000,0.00000,3.00000,1.00000,137.36758,-125.05594,10.36294,-2.49430,0.00001,0.00000,0.00000,325.49005,89.94065,0.00000,0.00001,0.00001,309.00000,0.00000,89.70321,0.00000,210.00000,0.00000,89.94065,0.00000,0.00000,2.00000,1.00000,10.36294,543.67200,1.23951,3.00000,10940.00000,
305.52402,2.20157,0.69898,0.00000,13.15564,14.15564,2.27619,86.92851,-1.72995,47.44218,5.07216,2844.79199,1758.97632,0.00000,1170.71265,47.50000,5.00000,11145.00000,11300.00000,3.00000,11735.00000,11710.00000,0.00000,3.00000,1.00000,149.80692,-91.81086,10.36183,-2.49897,0.00000,0.00000,0.00000,322.92249,89.96117,0.00000,0.00000,0.00000,309.00000,0.00000,89.80588,0.00000,210.00000,0.00000,89.96117,0.00000,0.00000,2.00000,1.00000,10.36183,62.02267,9.00554,3.00000,10940.00000,
306.51996,3.19749,1.69491,0.00000,13.15591,14.15591,2.27647,141.33495,-1.72996,47.44187,5.07220,2834.27808,1748.51868,0.00000,2428.72095,47.50000,5.00000,11145.00000,11300.00000,3.00000,11735.00000,11710.00000,0.00000,3.00000,1.00000,164.66214,-42.45203,10.34335,-0.62067,0.00000,0.00000,0.00000,319.92184,89.98571,0.00000,0.00000,0.00000,309.00000,0.00000,89.92850,0.00000,210.00000,0.00000,89.98571,0.00000,0.00000,2.00000,1.00000,10.34335,68.03706,9.16419,3.00000,10940.00000,
307.52444,4.20200,2.69941,0.00000,13.15619,14.15619,2.27674,161.05887,-1.72998,47.44154,5.07224,2817.01538,1731.59204,0.00000,2752.23877,47.50000,5.00000,11145.00000,11300.00000,3.00000,11735.00000,11710.00000,0.00000,3.00000,1.00000,170.16119,-18.48010,10.32370,1.13580,0.00000,0.00000,0.00000,318.89862,89.99479,0.00000,0.00000,0.00000,309.00000,0.00000,89.97388,0.00000,210.00000,0.00000,89.99479,0.00000,0.00000,2.00000,1.00000,10.32370,72.26368,8.62558,3.00000,10940.00000,
308.52795,5.20548,3.70290,0.00000,13.15647,14.15647,2.27702,167.86313,-1.73000,47.44119,5.07229,2795.16479,1712.84448,0.00000,2801.53809,47.50000,5.00000,11145.00000,11300.00000,3.00000,11735.00000,11710.00000,0.00000,3.00000,1.00000,172.16820,-7.47623,10.30269,1.80030,0.00000,0.00000,0.00000,318.61725,89.99802,0.00000,0.00000,0.00000,309.00000,0.00000,89.99045,0.00000,210.00000,0.00000,89.99802,0.00000,0.00000,2.00000,1.00000,10.30269,77.39874,8.03091,3.00000,10940.00000,
309.52081,6.19836,4.69578,0.00000,13.15675,14.15675,2.27730,170.07492,-1.73002,47.44083,5.07234,2771.46680,1693.70837,0.00000,2792.14624,47.50000,5.00000,11145.00000,11300.00000,3.00000,11735.00000,11710.00000,0.00000,3.00000,1.00000,172.89751,-2.55663,10.28046,2.04228,0.00000,0.00000,0.00000,318.61093,89.99923,0.00000,0.00000,0.00000,309.00000,0.00000,89.99641,0.00000,210.00000,0.00000,89.99923,0.00000,0.00000,2.00000,1.00000,10.28046,82.58544,7.51435,3.00000,10940.00000,
310.51846,7.19600,5.69342,0.00000,13.15703,14.15703,2.27758,170.75404,-1.73005,47.44043,5.07240,2748.11865,1675.24243,0.00000,2770.94019,47.50000,5.00000,11145.00000,11300.00000,3.00000,11735.00000,11710.00000,0.00000,3.00000,1.00000,173.16788,-0.31493,10.25674,2.13191,0.00000,0.00000,0.00000,318.70923,89.99928,0.00000,0.00000,0.00000,309.00000,0.00000,89.99870,0.00000,210.00000,0.00000,89.99928,0.00000,0.00000,2.00000,1.00000,10.25674,87.52880,7.06855,3.00000,10940.00000,
311.51477,8.19231,6.68973,0.00000,13.15730,14.15730,2.27785,170.76645,-1.73007,47.44002,5.07247,2727.83813,1660.11255,0.00000,2748.58813,47.50000,5.00000,11145.00000,11300.00000,3.00000,11735.00000,11710.00000,0.00000,3.00000,1.00000,173.26775,0.74981,10.23179,2.16497,0.00000,0.00000,0.00000,318.85046,89.99928,0.00000,0.00000,0.00000,309.00000,0.00000,89.99923,0.00000,210.00000,0.00000,89.99928,0.00000,0.00000,2.00000,1.00000,10.23179,91.82269,6.71404,3.00000,10940.00000,
312.51541,9.19296,7.69037,0.00000,13.15758,14.15758,2.27813,169.77899,-1.73010,47.43959,5.07254,2712.88892,1650.58118,0.00000,2728.88892,47.50000,5.00000,11145.00000,11300.00000,3.00000,11735.00000,11710.00000,0.00000,3.00000,1.00000,173.30565,1.35090,10.20566,2.17742,0.00000,0.00000,0.00000,319.01117,89.99932,0.00000,0.00000,0.00000,309.00000,0.00000,89.99930,0.00000,210.00000,0.00000,89.99932,0.00000,0.00000,2.00000,1.00000,10.20566,95.34933,6.44411,3.00000,10940.00000,
313.51169,10.18922,8.68663,0.00000,13.15786,14.15786,2.27841,167.07648,-1.73013,47.43914,5.07263,2705.22607,1648.53064,0.00000,2714.53052,47.50000,5.00000,11145.00000,11300.00000,3.00000,11735.00000,11710.00000,0.00000,3.00000,1.00000,173.32225,2.27997,10.17889,2.18250,0.00000,0.00000,0.00000,319.17792,89.99932,0.00000,0.00000,0.00000,309.00000,0.00000,89.99930,0.00000,210.00000,0.00000,89.99932,0.00000,0.00000,2.00000,1.00000,10.17889,97.53925,6.27514,3.00000,10940.00000,
314.51248,11.19001,9.68743,0.00000,13.15813,14.15813,2.27869,162.49536,-1.73017,47.43870,5.07275,2705.78564,1654.86169,0.00000,2707.17529,47.50000,5.00000,11145.00000,11300.00000,3.00000,11735.00000,11710.00000,0.00000,3.00000,1.00000,173.33305,3.96622,10.15161,2.18542,0.00000,0.00000,0.00000,319.34482,89.99937,0.00000,0.00000,0.00000,309.00000,0.00000,89.99934,0.00000,210.00000,0.00000,89.99937,0.00000,0.00000,2.00000,1.00000,10.15161,98.34789,6.19965,3.00000,10940.00000,
315.51837,12.19591,10.69332,0.00000,13.15841,14.15841,2.27897,156.52988,-1.73022,47.43825,5.07289,2714.81714,1669.77527,0.00000,2707.90308,47.50000,5.00000,11145.00000,11300.00000,3.00000,11735.00000,11710.00000,0.00000,3.00000,1.00000,173.34738,6.58439,10.12423,2.18872,0.00000,0.00000,0.00000,319.50400,89.99937,0.00000,0.00000,0.00000,309.00000,0.00000,89.99934,0.00000,210.00000,0.00000,89.99937,0.00000,0.00000,2.00000,1.00000,10.12423,97.53124,6.22012,3.00000,10940.00000,
316.52460,13.20213,11.69954,0.00000,13.15869,14.15869,2.27924,150.17732,-1.73027,47.43781,5.07308,2731.82397,1692.77844,0.00000,2716.94678,47.50000,5.00000,11145.00000,11300.00000,3.00000,11735.00000,11710.00000,0.00000,3.00000,1.00000,173.36800,9.89096,10.09733,2.19343,0.00000,0.00000,0.00000,319.64688,89.99937,0.00000,0.00000,0.00000,309.00000,0.00000,89.99936,0.00000,210.00000,0.00000,89.99937,0.00000,0.00000,2.00000,1.00000,10.09733,95.22980,6.35061,3.00000,10940.00000,
317.52832,14.20585,12.70327,0.00000,13.15897,14.15897,2.27952,144.12440,-1.73034,47.43739,5.07331,2755.77148,1724.81873,0.00000,2733.79419,47.50000,5.00000,11145.00000,11300.00000,3.00000,11735.00000,11710.00000,0.00000,3.00000,1.00000,173.39725,13.67515,10.07140,2.20021,0.00000,0.00000,0.00000,319.76935,89.99941,0.00000,0.00000,0.00000,309.00000,0.00000,89.99940,0.00000,210.00000,0.00000,89.99941,0.00000,0.00000,2.00000,1.00000,10.07140,91.39741,6.58501,3.00000,10940.00000,
318.52908,15.20662,13.70404,0.00000,13.15925,14.15925,2.27980,138.92990,-1.73042,47.43700,5.07357,2785.34668,1766.44128,0.00000,2757.40845,47.50000,5.00000,11145.00000,11300.00000,3.00000,11735.00000,11710.00000,0.00000,3.00000,1.00000,173.43571,17.72865,10.04676,2.20925,0.00000,0.00000,0.00000,319.86813,89.99941,0.00000,0.00000,0.00000,309.00000,0.00000,89.99940,0.00000,210.00000,0.00000,89.99941,0.00000,0.00000,2.00000,1.00000,10.04676,86.68926,6.92262,3.00000,10940.00000,
319.53275,16.21029,14.70771,0.00000,13.15953,14.15953,2.28008,134.80893,-1.73050,47.43663,5.07387,2819.29883,1797.39868,0.00000,2786.76953,47.50000,5.00000,11145.00000,11300.00000,3.00000,11735.00000,11710.00000,0.00000,3.00000,1.00000,173.48341,21.91517,10.02353,2.22063,0.00000,0.00000,0.00000,319.94272,89.99941,0.00000,0.00000,0.00000,309.00000,0.00000,89.99940,0.00000,210.00000,0.00000,89.99941,0.00000,0.00000,2.00000,1.00000,10.02353,81.07776,7.37069,3.00000,10940.00000,
320.53415,17.21169,15.70910,0.00000,13.15981,14.15981,2.28036,132.05896,-1.73059,47.43628,5.07419,2855.49805,1830.58191,0.00000,2820.27271,47.50000,5.00000,11145.00000,11300.00000,3.00000,11735.00000,11710.00000,0.00000,3.00000,1.00000,173.53911,25.96722,10.00193,2.23406,0.00000,0.00000,0.00000,319.99390,89.99941,0.00000,0.00000,0.00000,309.00000,0.00000,89.99940,0.00000,210.00000,0.00000,89.99941,0.00000,0.00000,2.00000,1.00000,10.00193,75.51278,7.90240,3.00000,10940.00000,
321.54129,18.22470,16.72211,0.00000,13.16009,14.16009,2.28064,129.74496,-1.73069,47.43596,5.07454,2889.48462,1861.50024,0.00000,2855.79297,47.50000,5.00000,11145.00000,11300.00000,3.00000,11735.00000,11710.00000,0.00000,3.00000,1.00000,173.60254,29.59933,9.98142,2.24951,0.00000,0.00000,0.00000,320.02493,89.99944,0.00000,0.00000,0.00000,309.00000,0.00000,89.99943,0.00000,210.00000,0.00000,89.99944,0.00000,0.00000,2.00000,1.00000,9.98142,71.20747,8.36044,3.00000,10940.00000,
322.54248,19.22589,17.72331,0.00000,13.16037,14.16037,2.28092,127.03553,-1.73079,47.43566,5.07489,2917.32495,1886.28076,0.00000,2888.47046,47.50000,5.00000,11145.00000,11300.00000,3.00000,11735.00000,11710.00000,0.00000,3.00000,1.00000,173.67108,32.77102,9.96213,2.26629,0.00000,0.00000,0.00000,320.03754,89.99944,0.00000,0.00000,0.00000,309.00000,0.00000,89.99943,0.00000,210.00000,0.00000,89.99944,0.00000,0.00000,2.00000,1.00000,9.96213,68.13007,8.73087,3.00000,10940.00000,
323.53812,20.22153,18.71895,0.00000,13.16064,14.16064,2.28119,123.76566,-1.73089,47.43537,5.07527,2937.67944,1901.72852,0.00000,2915.62891,47.50000,5.00000,11145.00000,11300.00000,3.00000,11735.00000,11710.00000,0.00000,3.00000,1.00000,173.74426,35.57635,9.94362,2.28430,0.00000,0.00000,0.00000,320.03482,89.99944,0.00000,0.00000,0.00000,309.00000,0.00000,89.99943,0.00000,210.00000,0.00000,89.99944,0.00000,0.00000,2.00000,1.00000,9.94362,66.19282,8.99608,3.00000,10940.00000,
324.53806,21.22147,19.71888,0.00000,13.16092,14.16092,2.28147,119.74300,-1.73100,47.43509,5.07567,2950.39307,1908.66809,0.00000,2935.83740,47.50000,5.00000,11145.00000,11300.00000,3.00000,11735.00000,11710.00000,0.00000,3.00000,1.00000,173.82315,38.19007,9.92551,2.30368,0.00000,0.00000,0.00000,320.02097,89.99944,0.00000,0.00000,0.00000,309.00000,0.00000,89.99943,0.00000,210.00000,0.00000,89.99944,0.00000,0.00000,2.00000,1.00000,9.92551,64.56393,9.19932,3.00000,10940.00000,
325.54422,22.22764,20.72506,0.00000,13.16120,14.16120,2.28175,115.04510,-1.73111,47.43482,5.07609,2956.96851,1921.07715,0.00000,2948.82349,47.50000,5.00000,11145.00000,11300.00000,3.00000,11735.00000,11710.00000,0.00000,3.00000,1.00000,173.90758,40.79641,9.90769,2.32446,0.00000,0.00000,0.00000,319.99438,89.99944,0.00000,0.00000,0.00000,309.00000,0.00000,89.99943,0.00000,210.00000,0.00000,89.99944,0.00000,0.00000,2.00000,1.00000,9.90769,63.10342,9.39562,3.00000,10940.00000,
326.54340,23.23433,21.73174,0.00000,13.16148,14.16148,2.28203,110.33263,-1.73123,47.43456,5.07653,2960.99072,1935.85400,0.00000,2956.12158,47.50000,5.00000,11145.00000,11300.00000,3.00000,11735.00000,11710.00000,0.00000,3.00000,1.00000,173.99825,43.56445,9.89035,2.34673,0.00000,0.00000,0.00000,319.95621,89.99946,0.00000,0.00000,0.00000,309.00000,0.00000,89.99945,0.00000,210.00000,0.00000,89.99946,0.00000,0.00000,2.00000,1.00000,9.89035,61.10904,9.67839,3.00000,10940.00000,
327.54242,24.23337,22.73079,0.00000,13.16176,14.16176,2.28231,106.57735,-1.73136,47.43431,5.07700,2965.70605,1948.17395,0.00000,2960.94263,47.50000,5.00000,11145.00000,11300.00000,3.00000,11735.00000,11710.00000,0.00000,3.00000,1.00000,174.09441,46.51421,9.87382,2.37040,0.00000,0.00000,0.00000,319.90436,89.99946,0.00000,0.00000,0.00000,309.00000,0.00000,89.99945,0.00000,210.00000,0.00000,89.99946,0.00000,0.00000,2.00000,1.00000,9.87382,58.46957,10.08840,3.00000,10940.00000,
328.53851,25.22945,23.72687,0.00000,13.16203,14.16203,2.28259,104.04305,-1.73149,47.43408,5.07749,2972.77588,1960.74646,0.00000,2966.16724,47.50000,5.00000,11145.00000,11300.00000,3.00000,11735.00000,11710.00000,0.00000,3.00000,1.00000,174.19667,49.59987,9.85820,2.39559,0.00000,0.00000,0.00000,319.84009,89.99946,0.00000,0.00000,0.00000,309.00000,0.00000,89.99945,0.00000,210.00000,0.00000,89.99946,0.00000,0.00000,2.00000,1.00000,9.85820,55.09859,10.67208,3.00000,10940.00000,
329.54053,26.23147,24.72889,0.00000,13.16231,14.16231,2.28286,102.15219,-1.73163,47.43386,5.07800,2982.09277,1978.67407,0.00000,2973.37769,47.50000,5.00000,11145.00000,11300.00000,3.00000,11735.00000,11710.00000,0.00000,3.00000,1.00000,174.30562,52.76451,9.84351,2.42243,0.00000,0.00000,0.00000,319.76071,89.99946,0.00000,0.00000,0.00000,309.00000,0.00000,89.99945,0.00000,210.00000,0.00000,89.99946,0.00000,0.00000,2.00000,1.00000,9.84351,51.27754,11.44633,3.00000,10940.00000,
330.54587,27.23683,25.73424,0.00000,13.16259,14.16259,2.28314,100.26498,-1.73177,47.43366,5.07854,2992.56812,1999.28503,0.00000,2982.53198,47.50000,5.00000,11145.00000,11300.00000,3.00000,11735.00000,11710.00000,0.00000,3.00000,1.00000,174.42111,55.93632,9.82985,2.45095,0.00000,0.00000,0.00000,319.66812,89.99946,0.00000,0.00000,0.00000,309.00000,0.00000,89.99945,0.00000,210.00000,0.00000,89.99946,0.00000,0.00000,2.00000,1.00000,9.82985,47.34862,12.37372,3.00000,10940.00000,
331.54077,28.23172,26.72914,0.00000,13.16287,14.16287,2.28342,98.25935,-1.73192,47.43348,5.07908,3003.26514,2014.45129,0.00000,2992.69482,47.50000,5.00000,11145.00000,11300.00000,3.00000,11735.00000,11710.00000,0.00000,3.00000,1.00000,174.54002,59.05800,9.81744,2.48040,0.00000,0.00000,0.00000,319.56271,89.99946,0.00000,0.00000,0.00000,309.00000,0.00000,89.99945,0.00000,210.00000,0.00000,89.99946,0.00000,0.00000,2.00000,1.00000,9.81744,43.22318,13.50166,3.00000,10940.00000,
332.55225,29.24320,27.74062,0.00000,13.16315,14.16315,2.28370,96.16417,-1.73207,47.43332,5.07965,3014.11011,2024.68408,0.00000,3003.45215,47.50000,5.00000,11145.00000,11300.00000,3.00000,11735.00000,11710.00000,0.00000,3.00000,1.00000,174.66574,62.22916,9.80599,2.49937,0.00000,0.00000,0.00000,319.44189,89.99946,0.00000,0.00000,0.00000,309.00000,0.00000,89.99945,0.00000,210.00000,0.00000,89.99946,0.00000,0.00000,2.00000,1.00000,9.80599,38.98548,14.93111,3.00000,10940.00000,
333.54965,30.24059,28.73801,0.00000,13.16343,14.16343,2.28398,94.18603,-1.73222,47.43318,5.08022,3024.67505,2034.21667,0.00000,3014.10474,47.50000,5.00000,11145.00000,11300.00000,3.00000,11735.00000,11710.00000,0.00000,3.00000,1.00000,174.79428,65.35937,9.79591,2.49999,0.00000,0.00000,0.00000,319.31122,89.99946,0.00000,0.00000,0.00000,309.00000,0.00000,89.99945,0.00000,210.00000,0.00000,89.99946,0.00000,0.00000,2.00000,1.00000,9.79591,34.63424,16.74930,3.00000,10940.00000,
334.55319,31.24415,29.74156,0.00000,13.16370,14.16370,2.28426,92.36746,-1.73238,47.43306,5.08081,3035.18823,2043.26123,0.00000,3024.72583,47.50000,5.00000,11145.00000,11300.00000,3.00000,11735.00000,11710.00000,0.00000,3.00000,1.00000,174.92754,68.51584,9.78699,2.50000,0.00000,0.00000,0.00000,319.16760,89.99946,0.00000,0.00000,0.00000,309.00000,0.00000,89.99945,0.00000,210.00000,0.00000,89.99946,0.00000,0.00000,2.00000,1.00000,9.78699,30.15687,19.19233,3.00000,10940.00000,
335.55386,32.24479,30.74221,0.00000,13.16398,14.16398,2.28453,90.76315,-1.73253,47.43296,5.08141,3045.59766,2051.77759,0.00000,3035.21362,47.50000,5.00000,11145.00000,11300.00000,3.00000,11735.00000,11710.00000,0.00000,3.00000,1.00000,175.06413,71.67068,9.77938,2.50000,0.00000,0.00000,0.00000,319.01233,89.99946,0.00000,0.00000,0.00000,309.00000,0.00000,89.99945,0.00000,210.00000,0.00000,89.99946,0.00000,0.00000,2.00000,1.00000,9.77938,25.54009,22.60124,3.00000,10940.00000,
336.55154,33.24248,31.73989,0.00000,13.16426,14.16426,2.28481,89.38061,-1.73269,47.43289,5.08202,3055.93628,2059.80615,0.00000,3045.60010,47.50000,5.00000,11145.00000,11300.00000,3.00000,11735.00000,11710.00000,0.00000,3.00000,1.00000,175.20331,74.81860,9.77309,2.50000,0.00000,0.00000,0.00000,318.84708,89.99946,0.00000,0.00000,0.00000,309.00000,0.00000,89.99945,0.00000,210.00000,0.00000,89.99946,0.00000,0.00000,2.00000,1.00000,9.77309,20.77867,27.57186,3.00000,10940.00000,
337.55209,34.24303,32.74044,0.00000,13.16454,14.16454,2.28509,88.20199,-1.73285,47.43283,5.08263,3066.28467,2067.41748,0.00000,3055.97095,47.50000,5.00000,11145.00000,11300.00000,3.00000,11735.00000,11710.00000,0.00000,3.00000,1.00000,175.34583,77.97730,9.76812,2.50000,0.00000,0.00000,0.00000,318.67029,89.99946,0.00000,0.00000,0.00000,309.00000,0.00000,89.99945,0.00000,210.00000,0.00000,89.99946,0.00000,0.00000,2.00000,1.00000,9.76812,15.93137,35.77358,3.00000,10940.00000,
338.54935,35.24029,33.73771,0.00000,13.16481,14.16481,2.28537,87.22468,-1.73301,47.43280,5.08325,3076.58789,2074.57983,0.00000,3066.29077,47.50000,5.00000,11145.00000,11300.00000,3.00000,11735.00000,11710.00000,0.00000,3.00000,1.00000,175.49011,81.12563,9.76451,2.50000,0.00000,0.00000,0.00000,318.48425,89.99946,0.00000,0.00000,0.00000,309.00000,0.00000,89.99945,0.00000,210.00000,0.00000,89.99946,0.00000,0.00000,2.00000,1.00000,9.76451,11.02484,50.96307,3.00000,10940.00000,
339.54514,36.23609,34.73351,0.00000,13.16509,14.16509,2.28564,86.43727,-1.73318,47.43279,5.08387,3086.86792,2087.26660,0.00000,3076.58228,47.50000,5.00000,11145.00000,11300.00000,3.00000,11735.00000,11710.00000,0.00000,3.00000,1.00000,175.63632,84.26963,9.76227,2.50000,0.00000,0.00000,0.00000,318.28894,89.99946,0.00000,0.00000,0.00000,309.00000,0.00000,89.99945,0.00000,210.00000,0.00000,89.99946,0.00000,0.00000,2.00000,1.00000,9.76227,6.10653,89.37064,3.00000,10940.00000,
340.54242,37.23993,35.73734,0.00000,13.16537,14.16537,2.28592,85.85036,-1.73334,47.43280,5.08449,3097.22266,2102.36670,0.00000,3086.94604,47.50000,5.00000,11145.00000,11300.00000,3.00000,11735.00000,11710.00000,0.00000,3.00000,1.00000,175.78482,87.43880,9.76142,2.50000,0.00000,0.00000,0.00000,318.08276,89.99948,0.00000,0.00000,0.00000,309.00000,0.00000,89.99947,0.00000,210.00000,0.00000,89.99948,0.00000,0.00000,2.00000,1.00000,9.76142,1.09166,413.40555,3.00000,10940.00000,
341.54633,38.24973,36.74715,0.00000,13.16565,14.16565,2.28620,85.30895,-1.73350,47.43283,5.08512,3107.63062,2117.40186,0.00000,3097.36084,47.50000,5.00000,11145.00000,11300.00000,3.00000,11735.00000,11710.00000,0.00000,3.00000,1.00000,175.93520,90.62704,9.76198,2.50000,0.00000,0.00000,0.00000,317.86630,89.99950,0.00000,0.00000,0.00000,309.00000,0.00000,89.99950,0.00000,210.00000,0.00000,89.99950,0.00000,0.00000,2.00000,1.00000,9.76198,4.10467,166.81590,3.00000,10940.00000,
342.54062,39.25170,37.74912,0.00000,13.16593,14.16593,2.28648,84.64220,-1.73366,47.43288,5.08575,3117.94946,2132.15308,0.00000,3107.69458,47.50000,5.00000,11145.00000,11300.00000,3.00000,11735.00000,11710.00000,0.00000,3.00000,1.00000,176.08492,93.79156,9.76397,2.50000,0.00000,0.00000,0.00000,317.64352,89.99953,0.00000,0.00000,0.00000,309.00000,0.00000,89.99952,0.00000,210.00000,0.00000,89.99953,0.00000,0.00000,2.00000,1.00000,9.76397,9.17483,67.64662,3.00000,10940.00000,
343.54068,40.25175,38.74916,0.00000,13.16621,14.16621,2.28676,83.84054,-1.73382,47.43296,5.08637,3128.24390,2136.64355,0.00000,3117.98633,47.50000,5.00000,11145.00000,11300.00000,3.00000,11735.00000,11710.00000,0.00000,3.00000,1.00000,176.23430,96.94897,9.76736,2.50000,0.00000,0.00000,0.00000,317.41327,89.99953,0.00000,0.00000,0.00000,309.00000,0.00000,89.99952,0.00000,210.00000,0.00000,89.99953,0.00000,0.00000,2.00000,1.00000,9.76736,14.31551,42.56290,3.00000,10940.00000,
344.53998,41.25106,39.74847,0.00000,13.16648,14.16648,2.28704,82.93338,-1.73398,47.43306,5.08698,3138.52759,2133.09937,0.00000,3128.27173,47.50000,5.00000,11145.00000,11300.00000,3.00000,11735.00000,11710.00000,0.00000,3.00000,1.00000,176.38321,100.10328,9.77216,2.50000,0.00000,0.00000,0.00000,317.17624,89.99953,0.00000,0.00000,0.00000,309.00000,0.00000,89.99952,0.00000,210.00000,0.00000,89.99953,0.00000,0.00000,2.00000,1.00000,9.77216,19.33210,31.17577,3.00000,10940.00000,
345.53659,42.24765,40.74507,0.00000,13.16676,14.16676,2.28731,81.88094,-1.73414,47.43318,5.08759,3148.77881,2141.58447,0.00000,3138.52881,47.50000,5.00000,11145.00000,11300.00000,3.00000,11735.00000,11710.00000,0.00000,3.00000,1.00000,176.53075,103.24747,9.77833,2.50000,0.00000,0.00000,0.00000,316.93359,89.99953,0.00000,0.00000,0.00000,309.00000,0.00000,89.99952,0.00000,210.00000,0.00000,89.99953,0.00000,0.00000,2.00000,1.00000,9.77833,24.29282,24.63751,3.00000,10940.00000,
346.53708,43.24816,41.74557,0.00000,13.16704,14.16704,2.28759,80.65904,-1.73429,47.43333,5.08819,3159.06323,2154.54517,0.00000,3148.81885,47.50000,5.00000,11145.00000,11300.00000,3.00000,11735.00000,11710.00000,0.00000,3.00000,1.00000,176.67715,106.40233,9.78592,2.50000,0.00000,0.00000,0.00000,316.68378,89.99953,0.00000,0.00000,0.00000,309.00000,0.00000,89.99952,0.00000,210.00000,0.00000,89.99953,0.00000,0.00000,2.00000,1.00000,9.78592,29.25712,20.36270,3.00000,10940.00000,
347.53995,44.27959,42.77700,0.00000,13.16733,14.16733,2.28788,79.21636,-1.73445,47.43350,5.08880,3169.65771,2164.80542,0.00000,3159.43408,47.50000,5.00000,11145.00000,11300.00000,3.00000,11735.00000,11710.00000,0.00000,3.00000,1.00000,176.82634,109.65319,9.79519,2.50000,0.00000,0.00000,0.00000,316.42050,89.99957,0.00000,0.00000,0.00000,309.00000,0.00000,89.99957,0.00000,210.00000,0.00000,89.99957,0.00000,0.00000,2.00000,1.00000,9.79519,34.33695,17.33148,3.00000,10940.00000,
348.53983,45.28351,43.78092,0.00000,13.16761,14.16761,2.28816,77.63142,-1.73459,47.43369,5.08937,3179.96118,2174.62061,0.00000,3169.74023,47.50000,5.00000,11145.00000,11300.00000,3.00000,11735.00000,11710.00000,0.00000,3.00000,1.00000,176.96881,112.81480,9.80558,2.50000,0.00000,0.00000,0.00000,316.15915,89.99957,0.00000,0.00000,0.00000,309.00000,0.00000,89.99957,0.00000,210.00000,0.00000,89.99957,0.00000,0.00000,2.00000,1.00000,9.80558,39.24642,15.17089,3.00000,10940.00000,
349.54541,46.28908,44.78650,0.00000,13.16788,14.16788,2.28844,75.86230,-1.73474,47.43390,5.08994,3190.27344,2184.56689,0.00000,3180.05249,47.50000,5.00000,11145.00000,11300.00000,3.00000,11735.00000,11710.00000,0.00000,3.00000,1.00000,177.10861,115.97914,9.81733,2.50000,0.00000,0.00000,0.00000,315.89282,89.99957,0.00000,0.00000,0.00000,309.00000,0.00000,89.99957,0.00000,210.00000,0.00000,89.99957,0.00000,0.00000,2.00000,1.00000,9.81733,43.92076,13.54908,3.00000,10940.00000,
350.54810,47.30411,45.80152,0.00000,13.16817,14.16817,2.28872,73.89044,-1.73488,47.43412,5.09049,3200.67432,2194.72534,0.00000,3190.46655,47.50000,5.00000,11145.00000,11300.00000,3.00000,11735.00000,11710.00000,0.00000,3.00000,1.00000,177.24632,119.16998,9.83051,2.50000,0.00000,0.00000,0.00000,315.62024,89.99960,0.00000,0.00000,0.00000,309.00000,0.00000,89.99959,0.00000,210.00000,0.00000,89.99960,0.00000,0.00000,2.00000,1.00000,9.83051,48.65368,12.23570,3.00000,10940.00000,
351.54324,48.31858,46.81600,0.00000,13.16845,14.16845,2.28900,71.73285,-1.73501,47.43438,5.09103,3211.06128,2203.95654,0.00000,3200.86914,47.50000,5.00000,11145.00000,11300.00000,3.00000,11735.00000,11710.00000,0.00000,3.00000,1.00000,177.38010,122.35521,9.84499,2.50000,0.00000,0.00000,0.00000,315.34430,89.99963,0.00000,0.00000,0.00000,309.00000,0.00000,89.99963,0.00000,210.00000,0.00000,89.99963,0.00000,0.00000,2.00000,1.00000,9.84499,53.24648,11.19680,3.00000,10940.00000,
352.54651,49.32187,47.81929,0.00000,13.16873,14.16873,2.28928,69.41800,-1.73514,47.43465,5.09154,3221.32544,2210.70654,0.00000,3211.13281,47.50000,5.00000,11145.00000,11300.00000,3.00000,11735.00000,11710.00000,0.00000,3.00000,1.00000,177.50804,125.50130,9.86053,2.50000,0.00000,0.00000,0.00000,315.06897,89.99963,0.00000,0.00000,0.00000,309.00000,0.00000,89.99963,0.00000,210.00000,0.00000,89.99963,0.00000,0.00000,2.00000,1.00000,9.86053,57.42944,10.36252,3.00000,10940.00000,
353.55585,50.33543,48.83285,0.00000,13.16901,14.16901,2.28956,66.89790,-1.73526,47.43494,5.09204,3231.68701,2217.58081,0.00000,3221.49902,47.50000,5.00000,11145.00000,11300.00000,3.00000,11735.00000,11710.00000,0.00000,3.00000,1.00000,177.63268,128.67500,9.87743,2.50000,0.00000,0.00000,0.00000,314.78851,89.99963,0.00000,0.00000,0.00000,309.00000,0.00000,89.99963,0.00000,210.00000,0.00000,89.99963,0.00000,0.00000,2.00000,1.00000,9.87743,61.75534,9.66453,3.00000,10940.00000,
354.55533,51.34091,49.83833,0.00000,13.16929,14.16929,2.28984,64.22045,-1.73538,47.43524,5.09251,3241.95801,2224.46582,0.00000,3231.78003,47.50000,5.00000,11145.00000,11300.00000,3.00000,11735.00000,11710.00000,0.00000,3.00000,1.00000,177.75102,131.81824,9.89533,2.50000,0.00000,0.00000,0.00000,314.50882,89.99963,0.00000,0.00000,0.00000,309.00000,0.00000,89.99963,0.00000,210.00000,0.00000,89.99963,0.00000,0.00000,2.00000,1.00000,9.89533,65.67625,9.08850,3.00000,10940.00000,
355.55820,52.34378,50.84120,0.00000,13.16957,14.16957,2.29012,61.37850,-1.73549,47.43556,5.09296,3252.19482,2231.40796,0.00000,3242.02441,47.50000,5.00000,11145.00000,11300.00000,3.00000,11735.00000,11710.00000,0.00000,3.00000,1.00000,177.86343,134.94804,9.91428,2.50000,0.00000,0.00000,0.00000,314.22903,89.99963,0.00000,0.00000,0.00000,309.00000,0.00000,89.99963,0.00000,210.00000,0.00000,89.99963,0.00000,0.00000,2.00000,1.00000,9.91428,69.54450,8.60218,3.00000,10940.00000,
356.55936,53.34494,51.84236,0.00000,13.16984,14.16984,2.29040,58.37579,-1.73559,47.43590,5.09338,3262.40698,2238.42261,0.00000,3252.24683,47.50000,5.00000,11145.00000,11300.00000,3.00000,11735.00000,11710.00000,0.00000,3.00000,1.00000,177.97025,138.06677,9.93421,2.50000,0.00000,0.00000,0.00000,313.94922,89.99963,0.00000,0.00000,0.00000,309.00000,0.00000,89.99963,0.00000,210.00000,0.00000,89.99963,0.00000,0.00000,2.00000,1.00000,9.93421,73.10849,8.19204,3.00000,10940.00000,
357.54980,54.34003,52.83745,0.00000,13.17012,14.17012,2.29067,55.23156,-1.73569,47.43625,5.09377,3272.55103,2248.60010,0.00000,3262.40161,47.50000,5.00000,11145.00000,11300.00000,3.00000,11735.00000,11710.00000,0.00000,3.00000,1.00000,178.07031,141.16096,9.95498,2.50000,0.00000,0.00000,0.00000,313.67166,89.99963,0.00000,0.00000,0.00000,309.00000,0.00000,89.99963,0.00000,210.00000,0.00000,89.99963,0.00000,0.00000,2.00000,1.00000,9.95498,76.46803,7.84296,3.00000,10940.00000,
358.55887,55.35608,53.85350,0.00000,13.17040,14.17040,2.29095,51.86408,-1.73578,47.43662,5.09414,3282.90088,2259.42358,0.00000,3272.76440,47.50000,5.00000,11145.00000,11300.00000,3.00000,11735.00000,11710.00000,0.00000,3.00000,1.00000,178.16594,144.31354,9.97711,2.50000,0.00000,0.00000,0.00000,313.38904,89.99963,0.00000,0.00000,0.00000,309.00000,0.00000,89.99963,0.00000,210.00000,0.00000,89.99963,0.00000,0.00000,2.00000,1.00000,9.97711,79.70965,7.53793,3.00000,10940.00000,
359.56299,56.36022,54.85764,0.00000,13.17068,14.17068,2.29123,48.30902,-1.73586,47.43700,5.09448,3293.12793,2270.37085,0.00000,3282.98486,47.50000,5.00000,11145.00000,11300.00000,3.00000,11735.00000,11710.00000,0.00000,3.00000,1.00000,178.25362,147.42679,9.99983,2.50000,0.00000,0.00000,0.00000,313.11108,89.99963,0.00000,0.00000,0.00000,309.00000,0.00000,89.99963,0.00000,210.00000,0.00000,89.99963,0.00000,0.00000,2.00000,1.00000,9.99983,82.55474,7.28747,3.00000,10940.00000,
360.55695,57.35417,55.85159,0.00000,13.17096,14.17096,2.29151,44.29087,-1.73593,47.43739,5.09479,3303.29810,2281.49512,0.00000,3293.11328,47.50000,5.00000,11145.00000,11300.00000,3.00000,11735.00000,11710.00000,0.00000,3.00000,1.00000,178.33353,150.48291,10.02308,2.50000,0.00000,0.00000,0.00000,312.83795,89.99963,0.00000,0.00000,0.00000,309.00000,0.00000,89.99963,0.00000,210.00000,0.00000,89.99963,0.00000,0.00000,2.00000,1.00000,10.02308,85.21583,7.07555,3.00000,10940.00000,
361.55051,58.34772,56.84513,0.00000,13.17123,14.17123,2.29179,39.83408,-1.73600,47.43779,5.09507,3313.55811,2292.93213,0.00000,3303.29224,47.50000,5.00000,11145.00000,11300.00000,3.00000,11735.00000,11710.00000,0.00000,3.00000,1.00000,178.40669,153.39275,10.04696,2.50000,0.00000,0.00000,0.00000,312.56750,89.99963,0.00000,0.00000,0.00000,309.00000,0.00000,89.99963,0.00000,210.00000,0.00000,89.99963,0.00000,0.00000,2.00000,1.00000,10.04696,87.39866,6.90947,3.00000,10940.00000,
362.54855,59.34576,57.84318,0.00000,13.17151,14.17151,2.29206,35.23548,-1.73606,47.43820,5.09532,3323.95728,2305.65601,1.00000,3313.60254,47.50000,5.00000,11145.00000,11300.00000,3.00000,11735.00000,11710.00000,0.00000,3.00000,1.00000,178.47346,156.07784,10.07150,2.50000,0.00000,0.00000,0.00000,312.29865,89.99963,0.00000,0.00000,0.00000,309.00000,0.00000,89.99963,0.00000,210.00000,0.00000,89.99963,0.00000,0.00000,2.00000,1.00000,10.07150,89.21201,6.78426,3.00000,10940.00000,
363.55423,60.35144,58.84886,0.00000,13.17179,14.17179,2.29234,30.79891,-1.73611,47.43862,5.09556,3334.49756,2318.71655,1.00000,3324.07422,47.50000,5.00000,11145.00000,11300.00000,3.00000,11735.00000,11710.00000,0.00000,3.00000,1.00000,178.53487,158.47392,10.09667,2.50000,0.00000,0.00000,0.00000,312.03052,89.99963,0.00000,0.00000,0.00000,309.00000,0.00000,89.99963,0.00000,210.00000,0.00000,89.99963,0.00000,0.00000,2.00000,1.00000,10.09667,90.66200,6.68927,3.00000,10940.00000,
364.55560,61.35815,59.85557,0.00000,13.17207,14.17207,2.29262,26.79410,-1.73616,47.43905,5.09578,3345.05957,2329.75781,1.00000,3334.61450,47.50000,5.00000,11145.00000,11300.00000,3.00000,11735.00000,11710.00000,0.00000,3.00000,1.00000,178.59084,160.53680,10.12222,2.50000,0.00000,0.00000,0.00000,311.76492,89.99963,0.00000,0.00000,0.00000,309.00000,0.00000,89.99963,0.00000,210.00000,0.00000,89.99963,0.00000,0.00000,2.00000,1.00000,10.12222,91.88502,6.61784,3.00000,10940.00000,
365.56046,62.36300,60.86042,0.00000,13.17235,14.17235,2.29290,23.35017,-1.73620,47.43948,5.09597,3355.57349,2340.81396,1.00000,3345.14771,47.50000,5.00000,11145.00000,11300.00000,3.00000,11735.00000,11710.00000,0.00000,3.00000,1.00000,178.64198,162.26880,10.14801,2.50000,0.00000,0.00000,0.00000,311.50143,89.99963,0.00000,0.00000,0.00000,309.00000,0.00000,89.99963,0.00000,210.00000,0.00000,89.99963,0.00000,0.00000,2.00000,1.00000,10.14801,92.76163,6.57101,3.00000,10940.00000,
366.55786,63.36040,61.85781,0.00000,13.17263,14.17263,2.29318,20.50406,-1.73624,47.43991,5.09616,3365.95898,2351.24756,1.00000,3355.58203,47.50000,5.00000,11145.00000,11300.00000,3.00000,11735.00000,11710.00000,0.00000,3.00000,1.00000,178.68857,163.69176,10.17383,2.50000,0.00000,0.00000,0.00000,311.24164,89.99963,0.00000,0.00000,0.00000,309.00000,0.00000,89.99963,0.00000,210.00000,0.00000,89.99963,0.00000,0.00000,2.00000,1.00000,10.17383,93.46891,6.53510,3.00000,10940.00000,
367.55353,64.36025,62.85767,0.00000,13.17290,14.17290,2.29346,18.18704,-1.73628,47.44034,5.09633,3376.31372,2364.14453,1.00000,3365.98560,47.50000,5.00000,11145.00000,11300.00000,3.00000,11735.00000,11710.00000,0.00000,3.00000,1.00000,178.73201,164.86139,10.19989,2.50000,0.00000,0.00000,0.00000,310.98227,89.99963,0.00000,0.00000,0.00000,309.00000,0.00000,89.99963,0.00000,210.00000,0.00000,89.99963,0.00000,0.00000,2.00000,1.00000,10.19989,94.06820,6.50792,3.00000,10940.00000,
368.55185,65.36604,63.86346,0.00000,13.17318,14.17318,2.29373,16.32842,-1.73631,47.44078,5.09650,3386.67749,2379.34033,1.00000,3376.39917,47.50000,5.00000,11145.00000,11300.00000,3.00000,11735.00000,11710.00000,0.00000,3.00000,1.00000,178.77289,165.82156,10.22626,2.50000,0.00000,0.00000,0.00000,310.72208,89.99963,0.00000,0.00000,0.00000,309.00000,0.00000,89.99963,0.00000,210.00000,0.00000,89.99963,0.00000,0.00000,2.00000,1.00000,10.22626,94.59333,6.48904,3.00000,10940.00000,
369.54373,66.35793,64.85534,0.00000,13.17346,14.17346,2.29401,14.87917,-1.73635,47.44121,5.09666,3396.85645,2395.52417,1.00000,3386.63062,47.50000,5.00000,11145.00000,11300.00000,3.00000,11735.00000,11710.00000,0.00000,3.00000,1.00000,178.81113,166.59685,10.25239,2.50000,0.00000,0.00000,0.00000,310.46625,89.99963,0.00000,0.00000,0.00000,309.00000,0.00000,89.99963,0.00000,210.00000,0.00000,89.99963,0.00000,0.00000,2.00000,1.00000,10.25239,94.99343,6.47647,3.00000,10940.00000,
370.54761,67.36179,65.85920,0.00000,13.17374,14.17374,2.29429,13.72037,-1.73638,47.44165,5.09681,3407.12549,2412.88501,1.00000,3396.92847,47.50000,5.00000,11145.00000,11300.00000,3.00000,11735.00000,11710.00000,0.00000,3.00000,1.00000,178.84770,167.24438,10.27895,2.50000,0.00000,0.00000,0.00000,310.20667,89.99963,0.00000,0.00000,0.00000,309.00000,0.00000,89.99963,0.00000,210.00000,0.00000,89.99963,0.00000,0.00000,2.00000,1.00000,10.27895,95.33914,6.46481,3.00000,10940.00000,
371.54297,68.35715,66.85458,0.00000,13.17401,14.17401,2.29457,12.80737,-1.73641,47.44209,5.09696,3417.28369,2427.97534,1.00000,3407.11279,47.50000,5.00000,11145.00000,11300.00000,3.00000,11735.00000,11710.00000,0.00000,3.00000,1.00000,178.88268,167.78000,10.30537,2.50000,0.00000,0.00000,0.00000,309.94897,89.99963,0.00000,0.00000,0.00000,309.00000,0.00000,89.99963,0.00000,210.00000,0.00000,89.99963,0.00000,0.00000,2.00000,1.00000,10.30537,95.67039,6.46077,3.00000,10940.00000,
372.53909,69.35327,67.85069,0.00000,13.17429,14.17429,2.29484,12.07165,-1.73644,47.44254,5.09710,3427.43188,2443.08521,1.00000,3417.28149,47.50000,5.00000,11145.00000,11300.00000,3.00000,11735.00000,11710.00000,0.00000,3.00000,1.00000,178.91646,168.23244,10.33191,2.50000,0.00000,0.00000,0.00000,309.69061,89.99963,0.00000,0.00000,0.00000,309.00000,0.00000,89.99963,0.00000,210.00000,0.00000,89.99963,0.00000,0.00000,2.00000,1.00000,10.33191,96.05442,6.45783,3.00000,10940.00000,
373.54166,70.35584,68.85326,0.00000,13.17457,14.17457,2.29512,11.46527,-1.73646,47.44298,5.09724,3437.63257,2458.30273,1.00000,3427.49365,47.50000,5.00000,11145.00000,11300.00000,3.00000,11735.00000,11710.00000,0.00000,3.00000,1.00000,178.94945,168.62283,10.35869,2.50000,0.00000,0.00000,0.00000,309.43005,89.99963,0.00000,0.00000,0.00000,309.00000,0.00000,89.99963,0.00000,210.00000,0.00000,89.99963,0.00000,0.00000,2.00000,1.00000,10.35869,96.31168,6.45526,3.00000,10940.00000,
374.53598,71.36130,69.85871,0.00000,13.17485,14.17485,2.29540,10.95880,-1.73649,47.44343,5.09738,3447.85205,2473.57397,1.00000,3437.74023,47.50000,5.00000,11145.00000,11300.00000,3.00000,11710.00000,11735.00000,3.00000,3.00000,1.00000,178.98137,168.96056,10.38563,2.50000,0.00000,3.00000,2.00000,338.68552,57.83578,0.00000,1.57509,0.00000,309.00000,0.00000,89.99965,0.00000,210.00000,0.00000,89.99965,0.00000,0.00000,2.00000,1.00000,10.38563,96.54774,6.45477,3.00000,10940.00000,
375.53946,72.36479,70.86221,0.00000,13.17513,14.17513,2.29568,10.53150,-1.73652,47.44387,5.09751,3458.04346,2488.82568,1.00000,3447.92993,47.50000,5.00000,11145.00000,11300.00000,3.00000,11710.00000,11735.00000,3.00000,3.00000,1.00000,179.01227,169.25293,10.41258,2.50000,0.00000,3.00000,2.00000,38.24907,26.50628,0.00000,-2.39711,0.00000,309.00000,0.00000,89.99965,0.00000,210.00000,0.00000,89.99965,0.00000,0.00000,2.00000,1.00000,10.41258,96.75761,6.45493,3.00000,10940.00000,
376.53061,73.35594,71.85336,0.00000,13.17540,14.17540,2.29595,10.17068,-1.73654,47.44432,5.09764,3468.10205,2503.82715,0.00000,3457.99902,47.50000,5.00000,11145.00000,11300.00000,3.00000,11710.00000,11735.00000,3.00000,3.00000,1.00000,179.04221,169.50409,10.43926,2.50000,0.00000,3.00000,2.00000,59.90242,36.96849,0.00000,-2.49812,0.00000,309.00000,0.00000,89.99965,0.00000,210.00000,0.00000,89.99965,0.00000,0.00000,2.00000,1.00000,10.43926,96.97953,6.45722,3.00000,10940.00000,
377.53741,74.36273,72.86015,0.00000,13.17568,14.17568,2.29623,9.85604,-1.73657,47.44477,5.09778,3478.31250,2518.97827,0.00000,3468.21265,47.50000,5.00000,11145.00000,11300.00000,3.00000,11710.00000,11735.00000,3.00000,3.00000,1.00000,179.07191,169.72566,10.46642,2.50000,0.00000,3.00000,2.00000,68.01195,49.09438,0.00000,-2.49997,0.00000,309.00000,0.00000,89.99965,0.00000,210.00000,0.00000,89.99965,0.00000,0.00000,2.00000,1.00000,10.46642,97.20972,6.45814,3.00000,10940.00000,
378.53275,75.35806,73.85547,0.00000,13.17596,14.17596,2.29651,9.58932,-1.73659,47.44521,5.09790,3488.40088,2533.49146,0.00000,3478.30200,47.50000,5.00000,11145.00000,11300.00000,3.00000,11710.00000,11735.00000,3.00000,3.00000,1.00000,179.10097,169.91576,10.49333,2.50000,0.00000,3.00000,2.00000,70.96553,56.54183,0.00000,-2.50000,0.00000,309.00000,0.00000,89.99965,0.00000,210.00000,0.00000,89.99965,0.00000,0.00000,2.00000,1.00000,10.49333,97.45653,6.46400,3.00000,10940.00000,
379.53110,76.35641,74.85383,0.00000,13.17624,14.17624,2.29679,9.36092,-1.73662,47.44566,5.09803,3498.51416,2539.96118,0.00000,3488.42480,47.50000,5.00000,11145.00000,11300.00000,3.00000,11710.00000,11735.00000,3.00000,3.00000,1.00000,179.12918,170.08052,10.52037,2.50000,0.00000,3.00000,2.00000,72.07418,60.46915,0.00000,-2.50000,0.00000,309.00000,0.00000,89.99965,0.00000,210.00000,0.00000,89.99965,0.00000,0.00000,2.00000,1.00000,10.52037,97.60236,6.46675,3.00000,10940.00000,
380.52777,77.35308,75.85050,0.00000,13.17651,14.17651,2.29706,9.16770,-1.73664,47.44611,5.09816,3508.60498,2546.39966,0.00000,3498.52051,47.50000,5.00000,11145.00000,11300.00000,3.00000,11710.00000,11735.00000,3.00000,3.00000,1.00000,179.15685,170.22211,10.54741,2.50000,0.00000,3.00000,2.00000,72.49882,62.39078,0.00000,-2.50000,0.00000,309.00000,0.00000,89.99965,0.00000,210.00000,0.00000,89.99965,0.00000,0.00000,2.00000,1.00000,10.54741,97.74750,6.47303,3.00000,10940.00000,
381.53357,78.35889,76.85630,0.00000,13.17679,14.17679,2.29734,9.00402,-1.73667,47.44657,5.09829,3518.78296,2552.87793,0.00000,3508.70313,47.50000,5.00000,11145.00000,11300.00000,3.00000,11710.00000,11735.00000,3.00000,3.00000,1.00000,179.18465,170.34517,10.57474,2.50000,0.00000,3.00000,2.00000,72.67365,63.32048,0.00000,-2.50000,0.00000,309.00000,0.00000,89.99965,0.00000,210.00000,0.00000,89.99965,0.00000,0.00000,2.00000,1.00000,10.57474,97.91319,6.48188,3.00000,10940.00000,
382.53134,79.35667,77.85408,0.00000,13.17707,14.17707,2.29762,8.86898,-1.73669,47.44702,5.09841,3528.87500,2559.28784,0.00000,3518.80566,47.50000,5.00000,11145.00000,11300.00000,3.00000,11710.00000,11735.00000,3.00000,3.00000,1.00000,179.21236,170.45055,10.60190,2.50000,0.00000,3.00000,2.00000,72.75459,63.77267,0.00000,-2.50000,0.00000,309.00000,0.00000,89.99965,0.00000,210.00000,0.00000,89.99965,0.00000,0.00000,2.00000,1.00000,10.60190,98.08431,6.48597,3.00000,10940.00000,
383.53210,80.35743,78.85484,0.00000,13.17735,14.17735,2.29790,8.75720,-1.73672,47.44747,5.09854,3538.99292,2565.70142,0.00000,3528.92773,47.50000,5.00000,11145.00000,11300.00000,3.00000,11710.00000,11735.00000,3.00000,3.00000,1.00000,179.23927,170.54178,10.62919,2.50000,0.00000,3.00000,2.00000,72.80194,64.01181,0.00000,-2.50000,0.00000,309.00000,0.00000,89.99965,0.00000,210.00000,0.00000,89.99965,0.00000,0.00000,2.00000,1.00000,10.62919,98.22902,6.49336,3.00000,10940.00000,
384.53427,81.35959,79.85700,0.00000,13.17763,14.17763,2.29818,8.66546,-1.73674,47.44792,5.09866,3549.12036,2572.10962,0.00000,3539.05396,47.50000,5.00000,11145.00000,11300.00000,3.00000,11710.00000,11735.00000,3.00000,3.00000,1.00000,179.26637,170.62119,10.65654,2.50000,0.00000,3.00000,2.00000,72.83690,64.15329,0.00000,-2.50000,0.00000,309.00000,0.00000,89.99965,0.00000,210.00000,0.00000,89.99965,0.00000,0.00000,2.00000,1.00000,10.65654,98.25929,6.50202,3.00000,10940.00000,
385.53915,82.36449,80.86191,0.00000,13.17791,14.17791,2.29846,8.59046,-1.73676,47.44838,5.09878,3559.27148,2578.52222,0.00000,3549.20996,47.50000,5.00000,11145.00000,11300.00000,3.00000,11710.00000,11735.00000,3.00000,3.00000,1.00000,179.29320,170.69107,10.68401,2.50000,0.00000,3.00000,2.00000,72.86750,64.24911,0.00000,-2.50000,0.00000,309.00000,0.00000,89.99965,0.00000,210.00000,0.00000,89.99965,0.00000,0.00000,2.00000,1.00000,10.68401,98.50494,6.50950,3.00000,10940.00000,
386.54453,83.36986,81.86727,0.00000,13.17818,14.17818,2.29874,8.52948,-1.73679,47.44884,5.09891,3569.42310,2584.92529,0.00000,3559.36621,47.50000,5.00000,11145.00000,11300.00000,3.00000,11710.00000,11735.00000,3.00000,3.00000,1.00000,179.31975,170.75290,10.71153,2.50000,0.00000,3.00000,2.00000,72.89635,64.32210,0.00000,-2.50000,0.00000,309.00000,0.00000,89.99965,0.00000,210.00000,0.00000,89.99965,0.00000,0.00000,2.00000,1.00000,10.71153,98.63551,6.51470,3.00000,10940.00000,
387.54343,84.36875,82.86617,0.00000,13.17846,14.17846,2.29901,8.48011,-1.73681,47.44929,5.09903,3579.50562,2591.27563,0.00000,3569.45215,47.50000,5.00000,11145.00000,11300.00000,3.00000,11710.00000,11735.00000,3.00000,3.00000,1.00000,179.34584,170.80748,10.73891,2.50000,0.00000,3.00000,2.00000,72.92462,64.38235,0.00000,-2.50000,0.00000,309.00000,0.00000,89.99965,0.00000,210.00000,0.00000,89.99965,0.00000,0.00000,2.00000,1.00000,10.73891,98.65157,6.52748,3.00000,10940.00000,
388.54184,85.36716,83.86458,0.00000,13.17874,14.17874,2.29929,8.39065,-1.73684,47.44975,5.09916,3589.57739,2597.61011,0.00000,3579.52881,47.50000,5.00000,11145.00000,11300.00000,3.00000,11710.00000,11735.00000,3.00000,3.00000,1.00000,179.37184,170.85883,10.76630,2.50000,0.00000,3.00000,2.00000,72.95275,64.43700,0.00000,-2.50000,0.00000,309.00000,0.00000,89.99965,0.00000,210.00000,0.00000,89.99965,0.00000,0.00000,2.00000,1.00000,10.76630,98.82867,6.53683,3.00000,10940.00000,
389.53662,86.36829,84.86570,0.00000,13.17902,14.17902,2.29957,8.17240,-1.73686,47.45020,5.09928,3599.66577,2603.94849,0.00000,3589.62891,47.50000,5.00000,11145.00000,11300.00000,3.00000,11710.00000,11735.00000,3.00000,3.00000,1.00000,179.39789,170.88872,10.79380,2.50000,0.00000,3.00000,2.00000,72.98083,64.46942,0.00000,-2.50000,0.00000,309.00000,0.00000,89.99965,0.00000,210.00000,0.00000,89.99965,0.00000,0.00000,2.00000,1.00000,10.79380,98.94173,6.54460,3.00000,10940.00000,
390.53195,87.36364,85.86105,0.00000,13.17929,14.17929,2.29985,7.86944,-1.73688,47.45065,5.09941,3609.68140,2610.24097,0.00000,3599.65503,47.50000,5.00000,11145.00000,11300.00000,3.00000,11710.00000,11735.00000,3.00000,3.00000,1.00000,179.42400,170.84413,10.82116,2.50000,0.00000,3.00000,2.00000,73.00874,64.42683,0.00000,-2.50000,0.00000,309.00000,0.00000,89.99965,0.00000,210.00000,0.00000,89.99965,0.00000,0.00000,2.00000,1.00000,10.82116,98.91106,6.55963,3.00000,10940.00000,
391.52701,88.35867,86.85609,0.00000,13.17957,14.17957,2.30012,7.56731,-1.73691,47.45111,5.09953,3619.67676,2616.53101,0.00000,3609.66772,47.50000,5.00000,11145.00000,11300.00000,3.00000,11710.00000,11735.00000,3.00000,3.00000,1.00000,179.44992,170.69116,10.84852,2.50000,0.00000,3.00000,2.00000,73.03654,64.27582,0.00000,-2.50000,0.00000,309.00000,0.00000,89.99965,0.00000,210.00000,0.00000,89.99965,0.00000,0.00000,2.00000,1.00000,10.84852,99.01145,6.57462,3.00000,10940.00000,
392.52808,89.35975,87.85717,0.00000,13.17985,14.17985,2.30040,7.34249,-1.73693,47.45156,5.09967,3629.71436,2622.67651,0.00000,3619.73364,47.50000,5.00000,11145.00000,11300.00000,3.00000,11710.00000,11735.00000,3.00000,3.00000,1.00000,179.47638,170.40823,10.87604,2.50000,0.00000,3.00000,2.00000,73.06451,63.99471,0.00000,-2.50000,0.00000,309.00000,0.00000,89.99965,0.00000,210.00000,0.00000,89.99965,0.00000,0.00000,2.00000,1.00000,10.87604,98.93069,6.59261,3.00000,10940.00000,
393.53232,90.36400,88.86141,0.00000,13.18013,14.18013,2.30068,7.24931,-1.73696,47.45202,5.09981,3639.76636,2628.66748,0.00000,3629.79712,47.50000,5.00000,11145.00000,11300.00000,3.00000,11710.00000,11735.00000,3.00000,3.00000,1.00000,179.50391,169.99442,10.90363,2.50000,0.00000,3.00000,2.00000,73.09257,63.58213,0.00000,-2.50000,0.00000,309.00000,0.00000,89.99965,0.00000,210.00000,0.00000,89.99965,0.00000,0.00000,2.00000,1.00000,10.90363,98.76027,6.61546,3.00000,10940.00000,
394.53448,91.36617,89.86358,0.00000,13.18041,14.18041,2.30096,7.31348,-1.73699,47.45248,5.09996,3649.78418,2634.68115,0.00000,3639.82739,47.50000,5.00000,11145.00000,11300.00000,3.00000,11710.00000,11735.00000,3.00000,3.00000,1.00000,179.53264,169.46376,10.93114,2.50000,0.00000,3.00000,2.00000,73.12049,63.05190,0.00000,-2.50000,0.00000,309.00000,0.00000,89.99965,0.00000,210.00000,0.00000,89.99965,0.00000,0.00000,2.00000,1.00000,10.93114,98.80593,6.64067,3.00000,10940.00000,
395.53793,92.36960,90.86702,0.00000,13.18069,14.18069,2.30124,7.53773,-1.73702,47.45293,5.10011,3659.80640,2640.75073,0.00000,3649.85986,47.50000,5.00000,11145.00000,11300.00000,3.00000,11710.00000,11735.00000,3.00000,3.00000,1.00000,179.56281,168.83537,10.95863,2.50000,0.00000,3.00000,2.00000,73.14820,62.42257,0.00000,-2.50000,0.00000,309.00000,0.00000,89.99965,0.00000,210.00000,0.00000,89.99965,0.00000,0.00000,2.00000,1.00000,10.95863,98.60657,6.66562,3.00000,10940.00000,
396.52991,93.36157,91.85899,0.00000,13.18096,14.18096,2.30151,7.90411,-1.73706,47.45338,5.10027,3669.71069,2646.80981,0.00000,3659.76953,47.50000,5.00000,11145.00000,11300.00000,3.00000,11710.00000,11735.00000,3.00000,3.00000,1.00000,179.59428,168.14149,10.98576,2.50000,0.00000,3.00000,2.00000,73.17560,61.72607,0.00000,-2.50000,0.00000,309.00000,0.00000,89.99965,0.00000,210.00000,0.00000,89.99965,0.00000,0.00000,2.00000,1.00000,10.98576,98.47083,6.69906,3.00000,10940.00000,
397.53766,94.36935,92.86676,0.00000,13.18124,14.18124,2.30179,8.40165,-1.73709,47.45384,5.10045,3679.77246,2656.63623,0.00000,3669.83325,47.50000,5.00000,11145.00000,11300.00000,3.00000,11735.00000,11710.00000,0.00000,3.00000,1.00000,179.62807,167.38480,11.01325,2.50000,0.00000,0.00000,0.00000,72.77481,68.46894,0.00000,-0.77410,0.00000,309.00000,0.00000,89.99965,0.00000,210.00000,0.00000,89.99965,0.00000,0.00000,2.00000,1.00000,11.01325,98.10098,6.73338,3.00000,10940.00000,
398.53256,95.36424,93.86166,0.00000,13.18152,14.18152,2.30207,8.99112,-1.73713,47.45428,5.10063,3689.70752,2668.08691,0.00000,3679.76294,47.50000,5.00000,11145.00000,11300.00000,3.00000,11710.00000,11735.00000,3.00000,3.00000,1.00000,179.66319,166.60587,11.04032,2.50000,0.00000,3.00000,2.00000,72.71484,68.99299,0.00000,-2.23542,0.00000,309.00000,0.00000,89.99965,0.00000,210.00000,0.00000,89.99965,0.00000,0.00000,2.00000,1.00000,11.04032,97.80745,6.77008,3.00000,10940.00000,
399.53555,96.36723,94.86465,0.00000,13.18180,14.18180,2.30235,9.65861,-1.73718,47.45473,5.10083,3699.72534,2679.70410,0.00000,3689.78442,47.50000,5.00000,11145.00000,11300.00000,3.00000,11710.00000,11735.00000,3.00000,3.00000,1.00000,179.70050,165.80396,11.06752,2.50000,0.00000,3.00000,2.00000,73.06876,62.40519,0.00000,-2.49538,0.00000,309.00000,0.00000,89.99965,0.00000,210.00000,0.00000,89.99965,0.00000,0.00000,2.00000,1.00000,11.06752,97.50241,6.80570,3.00000,10940.00000,
400.53445,97.36613,95.86355,0.00000,13.18207,14.18207,2.30262,10.37386,-1.73722,47.45518,5.10103,3709.70410,2691.34692,0.00000,3699.75781,47.50000,5.00000,11145.00000,11300.00000,3.00000,11710.00000,11735.00000,3.00000,3.00000,1.00000,179.73973,165.00020,11.09453,2.50000,0.00000,3.00000,2.00000,73.21486,59.60179,0.00000,-2.49992,0.00000,309.00000,0.00000,89.99965,0.00000,210.00000,0.00000,89.99965,0.00000,0.00000,2.00000,1.00000,11.09453,97.17327,6.84409,3.00000,10940.00000,
401.53503,98.36669,96.86411,0.00000,13.18235,14.18235,2.30290,11.12237,-1.73727,47.45563,5.10124,3719.70044,2703.07983,0.00000,3709.75537,47.50000,5.00000,11145.00000,11300.00000,3.00000,11710.00000,11735.00000,3.00000,3.00000,1.00000,179.78056,164.19745,11.12149,2.50000,0.00000,3.00000,2.00000,73.28535,58.09906,0.00000,-2.50000,0.00000,309.00000,0.00000,89.99965,0.00000,210.00000,0.00000,89.99965,0.00000,0.00000,2.00000,1.00000,11.12149,96.82850,6.88673,3.00000,10940.00000,
402.53125,99.36293,97.86034,0.00000,13.18263,14.18263,2.30318,11.88622,-1.73732,47.45607,5.10147,3729.65381,2714.83154,0.00000,3719.70508,47.50000,5.00000,11145.00000,11300.00000,3.00000,11710.00000,11735.00000,3.00000,3.00000,1.00000,179.82333,163.40572,11.14823,2.50000,0.00000,3.00000,2.00000,73.32762,57.05759,0.00000,-2.50000,0.00000,309.00000,0.00000,89.99965,0.00000,210.00000,0.00000,89.99965,0.00000,0.00000,2.00000,1.00000,11.14823,96.47134,6.92469,3.00000,10940.00000,
403.53165,100.36330,98.86073,0.00000,13.18291,14.18291,2.30346,12.66274,-1.73737,47.45651,5.10170,3739.64819,2726.69946,0.00000,3729.69458,47.50000,5.00000,11145.00000,11300.00000,3.00000,11710.00000,11735.00000,3.00000,3.00000,1.00000,179.86821,162.62164,11.17498,2.50000,0.00000,3.00000,2.00000,73.35966,56.17582,0.00000,-2.50000,0.00000,309.00000,0.00000,89.99965,0.00000,210.00000,0.00000,89.99965,0.00000,0.00000,2.00000,1.00000,11.17498,96.11851,6.96849,3.00000,10940.00000,
404.52692,101.35860,99.85601,0.00000,13.18318,14.18318,2.30373,13.43924,-1.73742,47.45695,5.10194,3749.59106,2738.57324,0.00000,3739.63794,47.50000,5.00000,11145.00000,11300.00000,3.00000,11710.00000,11735.00000,3.00000,3.00000,1.00000,179.91394,161.85422,11.20149,2.50000,0.00000,3.00000,2.00000,73.38754,55.36235,0.00000,-2.50000,0.00000,309.00000,0.00000,89.99965,0.00000,210.00000,0.00000,89.99965,0.00000,0.00000,2.00000,1.00000,11.20149,95.75806,7.01404,3.00000,10940.00000,
405.53101,102.36267,100.86008,0.00000,13.18346,14.18346,2.30401,14.22347,-1.73748,47.45739,5.10219,3759.62085,2750.80737,0.00000,3749.67114,47.50000,5.00000,11145.00000,11300.00000,3.00000,11710.00000,11735.00000,3.00000,3.00000,1.00000,179.96254,161.09389,11.22813,2.50000,0.00000,3.00000,2.00000,73.41418,54.57209,0.00000,-2.50000,0.00000,309.00000,0.00000,89.99965,0.00000,210.00000,0.00000,89.99965,0.00000,0.00000,2.00000,1.00000,11.22813,95.32259,7.06378,3.00000,10940.00000,
406.53220,103.36388,101.86129,0.00000,13.18374,14.18374,2.30429,15.00495,-1.73754,47.45782,5.10245,3769.62134,2764.91675,0.00000,3759.67139,47.50000,5.00000,11145.00000,11300.00000,3.00000,11710.00000,11735.00000,3.00000,3.00000,1.00000,180.01236,160.35088,11.25458,2.50000,0.00000,3.00000,2.00000,73.43972,53.80345,0.00000,-2.50000,0.00000,309.00000,0.00000,89.99965,0.00000,210.00000,0.00000,89.99965,0.00000,0.00000,2.00000,1.00000,11.25458,94.98900,7.10696,3.00000,10940.00000,
407.53146,104.36314,102.86055,0.00000,13.18402,14.18402,2.30457,15.78362,-1.73760,47.45826,5.10272,3779.60205,2779.01709,0.00000,3769.65649,47.50000,5.00000,11145.00000,11300.00000,3.00000,11710.00000,11735.00000,3.00000,3.00000,1.00000,180.06395,159.62526,11.28086,2.50000,0.00000,3.00000,2.00000,73.46497,53.05239,0.00000,-2.50000,0.00000,309.00000,0.00000,89.99965,0.00000,210.00000,0.00000,89.99965,0.00000,0.00000,2.00000,1.00000,11.28086,94.50288,7.15395,3.00000,10940.00000,
408.52948,105.36117,103.85859,0.00000,13.18429,14.18429,2.30484,16.55941,-1.73767,47.45869,5.10300,3789.57007,2793.11719,0.00000,3779.62769,47.50000,5.00000,11145.00000,11300.00000,3.00000,11710.00000,11735.00000,3.00000,3.00000,1.00000,180.11700,158.91783,11.30700,2.50000,0.00000,3.00000,2.00000,73.48995,52.31820,0.00000,-2.50000,0.00000,309.00000,0.00000,89.99965,0.00000,210.00000,0.00000,89.99965,0.00000,0.00000,2.00000,1.00000,11.30700,94.05231,7.20324,3.00000,10940.00000,
409.52533,106.35701,104.85442,0.00000,13.18457,14.18457,2.30512,17.33072,-1.73773,47.45911,5.10328,3799.51587,2807.20239,0.00000,3789.57153,47.50000,5.00000,11145.00000,11300.00000,3.00000,11710.00000,11735.00000,3.00000,3.00000,1.00000,180.17145,158.22987,11.33296,2.50000,0.00000,3.00000,2.00000,73.51467,51.60203,0.00000,-2.50000,0.00000,309.00000,0.00000,89.99965,0.00000,210.00000,0.00000,89.99965,0.00000,0.00000,2.00000,1.00000,11.33296,93.59293,7.25493,3.00000,10940.00000,
410.52878,107.36047,105.85788,0.00000,13.18485,14.18485,2.30540,18.10400,-1.73780,47.45954,5.10358,3809.53784,2821.41040,0.00000,3799.58911,47.50000,5.00000,11145.00000,11300.00000,3.00000,11710.00000,11735.00000,3.00000,3.00000,1.00000,180.22733,157.55556,11.35901,2.50000,0.00000,3.00000,2.00000,73.53909,50.89791,0.00000,-2.50000,0.00000,309.00000,0.00000,89.99965,0.00000,210.00000,0.00000,89.99965,0.00000,0.00000,2.00000,1.00000,11.35901,93.30965,7.29953,3.00000,10940.00000,
411.53085,108.36254,106.85995,0.00000,13.18513,14.18513,2.30568,18.87047,-1.73787,47.45996,5.10388,3819.54590,2835.61328,0.00000,3809.59790,47.50000,5.00000,11145.00000,11300.00000,3.00000,11710.00000,11735.00000,3.00000,3.00000,1.00000,180.28520,156.90225,11.38491,2.50000,0.00000,3.00000,2.00000,73.56330,50.21297,0.00000,-2.50000,0.00000,309.00000,0.00000,89.99965,0.00000,210.00000,0.00000,89.99965,0.00000,0.00000,2.00000,1.00000,11.38491,92.81133,7.34690,3.00000,10940.00000,
412.52524,109.36181,107.85922,0.00000,13.18540,14.18540,2.30596,19.62750,-1.73794,47.46039,5.10419,3829.52637,2849.78955,0.00000,3819.57959,47.50000,5.00000,11145.00000,11300.00000,3.00000,11710.00000,11735.00000,3.00000,3.00000,1.00000,180.34402,156.27229,11.41062,2.50000,0.00000,3.00000,2.00000,73.58737,49.54974,0.00000,-2.50000,0.00000,309.00000,0.00000,89.99965,0.00000,210.00000,0.00000,89.99965,0.00000,0.00000,2.00000,1.00000,11.41062,92.42648,7.40410,3.00000,10940.00000,
413.52774,110.36431,108.86172,0.00000,13.18568,14.18568,2.30623,20.37732,-1.73802,47.46081,5.10451,3839.53882,2867.20288,0.00000,3829.58911,47.50000,5.00000,11145.00000,11300.00000,3.00000,11710.00000,11735.00000,3.00000,3.00000,1.00000,180.40408,155.66211,11.43629,2.50000,0.00000,3.00000,2.00000,73.61121,48.90461,0.00000,-2.50000,0.00000,309.00000,0.00000,89.99965,0.00000,210.00000,0.00000,89.99965,0.00000,0.00000,2.00000,1.00000,11.43629,92.00657,7.45369,3.00000,10940.00000,
414.53244,111.36900,109.86642,0.00000,13.18596,14.18596,2.30651,21.11723,-1.73810,47.46123,5.10483,3849.57324,2885.15625,0.00000,3839.62500,47.50000,5.00000,11145.00000,11300.00000,3.00000,11710.00000,11735.00000,3.00000,3.00000,1.00000,180.46599,155.07300,11.46191,2.50000,0.00000,3.00000,2.00000,73.63485,48.27909,0.00000,-2.50000,0.00000,309.00000,0.00000,89.99965,0.00000,210.00000,0.00000,89.99965,0.00000,0.00000,2.00000,1.00000,11.46191,91.57066,7.49992,3.00000,10940.00000,
415.53244,112.36902,110.86643,0.00000,13.18624,14.18624,2.30679,21.84023,-1.73817,47.46164,5.10516,3859.56104,2903.05322,0.00000,3849.61084,47.50000,5.00000,11145.00000,11300.00000,3.00000,11710.00000,11735.00000,3.00000,3.00000,1.00000,180.52843,154.50963,11.48729,2.50000,0.00000,3.00000,2.00000,73.65829,47.67786,0.00000,-2.50000,0.00000,309.00000,0.00000,89.99965,0.00000,210.00000,0.00000,89.99965,0.00000,0.00000,2.00000,1.00000,11.48729,91.16209,7.55421,3.00000,10940.00000,
416.52881,113.36539,111.86280,0.00000,13.18652,14.18652,2.30707,22.54547,-1.73825,47.46206,5.10550,3869.51221,2920.91040,0.00000,3859.56836,47.50000,5.00000,11145.00000,11300.00000,3.00000,11710.00000,11735.00000,3.00000,3.00000,1.00000,180.59171,153.97093,11.51248,2.50000,0.00000,3.00000,2.00000,73.68134,47.10019,0.00000,-2.50000,0.00000,309.00000,0.00000,89.99965,0.00000,210.00000,0.00000,89.99965,0.00000,0.00000,2.00000,1.00000,11.51248,90.82194,7.60021,3.00000,10940.00000,
417.53470,114.37127,112.86868,0.00000,13.18680,14.18680,2.30735,23.24085,-1.73834,47.46247,5.10584,3879.55859,2938.96143,0.00000,3869.60962,47.50000,5.00000,11145.00000,11300.00000,3.00000,11710.00000,11735.00000,3.00000,3.00000,1.00000,180.65674,153.45009,11.53780,2.50000,0.00000,3.00000,2.00000,73.70435,46.53877,0.00000,-2.50000,0.00000,309.00000,0.00000,89.99965,0.00000,210.00000,0.00000,89.99965,0.00000,0.00000,2.00000,1.00000,11.53780,90.44273,7.64674,3.00000,10940.00000,
418.53104,115.36761,113.86502,0.00000,13.18707,14.18707,2.30762,23.91190,-1.73842,47.46288,5.10619,3889.50928,2956.86328,0.00000,3879.56104,47.50000,5.00000,11145.00000,11300.00000,3.00000,11710.00000,11735.00000,3.00000,3.00000,1.00000,180.72229,152.95691,11.56278,2.50000,0.00000,3.00000,2.00000,73.72697,46.00395,0.00000,-2.50000,0.00000,309.00000,0.00000,89.99965,0.00000,210.00000,0.00000,89.99965,0.00000,0.00000,2.00000,1.00000,11.56278,90.12524,7.68899,3.00000,10940.00000,
419.53009,116.37920,114.87661,0.00000,13.18735,14.18735,2.30791,24.57430,-1.73850,47.46329,5.10655,3899.61206,2973.95068,0.00000,3889.66797,47.50000,5.00000,11145.00000,11300.00000,3.00000,11710.00000,11735.00000,3.00000,3.00000,1.00000,180.78963,152.47900,11.58803,2.50000,0.00000,3.00000,2.00000,73.74968,45.48262,0.00000,-2.50000,0.00000,309.00000,0.00000,89.99967,0.00000,210.00000,0.00000,89.99967,0.00000,0.00000,2.00000,1.00000,11.58803,89.74992,7.74133,3.00000,10940.00000,
420.53418,117.38328,115.88069,0.00000,13.18763,14.18763,2.30818,25.21218,-1.73859,47.46369,5.10691,3909.63965,2987.28784,0.00000,3899.69263,47.50000,5.00000,11145.00000,11300.00000,3.00000,11710.00000,11735.00000,3.00000,3.00000,1.00000,180.85724,152.02713,11.61300,2.50000,0.00000,3.00000,2.00000,73.77206,44.98637,0.00000,-2.50000,0.00000,309.00000,0.00000,89.99967,0.00000,210.00000,0.00000,89.99967,0.00000,0.00000,2.00000,1.00000,11.61300,89.40115,7.78988,3.00000,10940.00000,
421.54022,118.39588,116.89330,0.00000,13.18791,14.18791,2.30847,25.83532,-1.73868,47.46410,5.10728,3919.75220,3000.79199,0.00000,3909.80591,47.50000,5.00000,11145.00000,11300.00000,3.00000,11710.00000,11735.00000,3.00000,3.00000,1.00000,180.92641,151.59343,11.63809,2.50000,0.00000,3.00000,2.00000,73.79432,44.50706,0.00000,-2.50000,0.00000,309.00000,0.00000,89.99967,0.00000,210.00000,0.00000,89.99967,0.00000,0.00000,2.00000,1.00000,11.63809,89.08405,7.83483,3.00000,10940.00000,
422.53424,119.38992,117.88733,0.00000,13.18819,14.18819,2.30874,26.42678,-1.73877,47.46450,5.10765,3929.67896,3008.17651,0.00000,3919.74146,47.50000,5.00000,11145.00000,11300.00000,3.00000,11710.00000,11735.00000,3.00000,3.00000,1.00000,180.99496,151.18889,11.66262,2.50000,0.00000,3.00000,2.00000,73.81621,44.05671,0.00000,-2.50000,0.00000,309.00000,0.00000,89.99967,0.00000,210.00000,0.00000,89.99967,0.00000,0.00000,2.00000,1.00000,11.66262,88.69056,7.88246,3.00000,10940.00000,
423.53665,120.39233,118.88975,0.00000,13.18847,14.18847,2.30902,27.00308,-1.73886,47.46490,5.10802,3939.68921,3007.81323,0.00000,3929.74976,47.50000,5.00000,11145.00000,11300.00000,3.00000,11710.00000,11735.00000,3.00000,3.00000,1.00000,181.06470,150.80173,11.68728,2.50000,0.00000,3.00000,2.00000,73.83803,43.62242,0.00000,-2.50000,0.00000,309.00000,0.00000,89.99967,0.00000,210.00000,0.00000,89.99967,0.00000,0.00000,2.00000,1.00000,11.68728,88.51083,7.92229,3.00000,10940.00000,
424.53934,121.39500,119.89241,0.00000,13.18875,14.18875,2.30930,27.55917,-1.73895,47.46530,5.10840,3949.70166,3007.33081,0.00000,3939.75513,47.50000,5.00000,11145.00000,11300.00000,3.00000,11710.00000,11735.00000,3.00000,3.00000,1.00000,181.13533,150.43457,11.71186,2.50000,0.00000,3.00000,2.00000,73.85973,43.20738,0.00000,-2.50000,0.00000,309.00000,0.00000,89.99967,0.00000,210.00000,0.00000,89.99967,0.00000,0.00000,2.00000,1.00000,11.71186,88.08492,7.96709,3.00000,10940.00000,
425.53305,122.38873,120.88614,0.00000,13.18902,14.18902,2.30957,28.09014,-1.73904,47.46569,5.10878,3959.62451,3010.81812,0.00000,3949.67847,47.50000,5.00000,11145.00000,11300.00000,3.00000,11710.00000,11735.00000,3.00000,3.00000,1.00000,181.20599,150.09044,11.73613,2.50000,0.00000,3.00000,2.00000,73.88120,42.81473,0.00000,-2.50000,0.00000,309.00000,0.00000,89.99967,0.00000,210.00000,0.00000,89.99967,0.00000,0.00000,2.00000,1.00000,11.73613,87.77191,8.01595,3.00000,10940.00000,
426.52905,123.40559,121.90300,0.00000,13.18931,14.18931,2.30986,28.61288,-1.73914,47.46609,5.10918,3969.77832,3020.28442,0.00000,3959.83936,47.50000,5.00000,11145.00000,11300.00000,3.00000,11710.00000,11735.00000,3.00000,3.00000,1.00000,181.27841,149.75743,11.76090,2.50000,0.00000,3.00000,2.00000,73.90288,42.43148,0.00000,-2.50000,0.00000,309.00000,0.00000,89.99969,0.00000,210.00000,0.00000,89.99969,0.00000,0.00000,2.00000,1.00000,11.76090,87.55463,8.05571,3.00000,10940.00000,
427.53098,124.40750,122.90491,0.00000,13.18958,14.18958,2.31014,29.10805,-1.73923,47.46648,5.10957,3979.78223,3029.53711,0.00000,3969.83765,47.50000,5.00000,11145.00000,11300.00000,3.00000,11710.00000,11735.00000,3.00000,3.00000,1.00000,181.35034,149.44774,11.78524,2.50000,0.00000,3.00000,2.00000,73.92419,42.07173,0.00000,-2.50000,0.00000,309.00000,0.00000,89.99969,0.00000,210.00000,0.00000,89.99969,0.00000,0.00000,2.00000,1.00000,11.78524,87.32726,8.09075,3.00000,10940.00000,
428.52850,125.40506,123.90247,0.00000,13.18986,14.18986,2.31041,29.58155,-1.73933,47.46687,5.10996,3989.74243,3038.67920,0.00000,3979.79810,47.50000,5.00000,11145.00000,11300.00000,3.00000,11710.00000,11735.00000,3.00000,3.00000,1.00000,181.42290,149.15709,11.80939,2.50000,0.00000,3.00000,2.00000,73.94489,41.73041,0.00000,-2.50000,0.00000,309.00000,0.00000,89.99969,0.00000,210.00000,0.00000,89.99969,0.00000,0.00000,2.00000,1.00000,11.80939,87.07003,8.13229,3.00000,10940.00000,
429.52484,126.40139,124.89880,0.00000,13.19014,14.19014,2.31069,30.03540,-1.73942,47.46726,5.11036,3999.68994,3047.74341,0.00000,3989.74561,47.50000,5.00000,11145.00000,11300.00000,3.00000,11710.00000,11735.00000,3.00000,3.00000,1.00000,181.49574,148.88394,11.83345,2.50000,0.00000,3.00000,2.00000,73.96565,41.40580,0.00000,-2.50000,0.00000,309.00000,0.00000,89.99969,0.00000,210.00000,0.00000,89.99969,0.00000,0.00000,2.00000,1.00000,11.83345,86.86444,8.17025,3.00000,10940.00000,
430.52554,127.40208,125.89950,0.00000,13.19042,14.19042,2.31097,30.47257,-1.73952,47.46765,5.11076,4009.68091,3056.78320,0.00000,3999.73315,47.50000,5.00000,11145.00000,11300.00000,3.00000,11710.00000,11735.00000,3.00000,3.00000,1.00000,181.56909,148.62589,11.85755,2.50000,0.00000,3.00000,2.00000,73.98637,41.09560,0.00000,-2.50000,0.00000,309.00000,0.00000,89.99969,0.00000,210.00000,0.00000,89.99969,0.00000,0.00000,2.00000,1.00000,11.85755,86.54633,8.21141,3.00000,10940.00000,
431.52048,128.39700,126.89442,0.00000,13.19069,14.19069,2.31124,30.88907,-1.73962,47.46804,5.11116,4019.61377,3065.70996,0.00000,4009.66699,47.50000,5.00000,11145.00000,11300.00000,3.00000,11710.00000,11735.00000,3.00000,3.00000,1.00000,181.64247,148.38519,11.88146,2.50000,0.00000,3.00000,2.00000,74.00693,40.80253,0.00000,-2.50000,0.00000,309.00000,0.00000,89.99969,0.00000,210.00000,0.00000,89.99969,0.00000,0.00000,2.00000,1.00000,11.88146,86.45006,8.23853,3.00000,10940.00000,
432.51770,129.39423,127.89165,0.00000,13.19097,14.19097,2.31152,31.28869,-1.73972,47.46842,5.11157,4029.56909,3074.59961,0.00000,4019.62622,47.50000,5.00000,11145.00000,11300.00000,3.00000,11710.00000,11735.00000,3.00000,3.00000,1.00000,181.71645,148.15912,11.90537,2.50000,0.00000,3.00000,2.00000,74.02740,40.52353,0.00000,-2.50000,0.00000,309.00000,0.00000,89.99969,0.00000,210.00000,0.00000,89.99969,0.00000,0.00000,2.00000,1.00000,11.90537,86.25140,8.28054,3.00000,10940.00000,
433.51956,130.39612,128.89352,0.00000,13.19125,14.19125,2.31180,31.67276,-1.73982,47.46880,5.11198,4039.57056,3083.47461,0.00000,4029.62622,47.50000,5.00000,11145.00000,11300.00000,3.00000,11710.00000,11735.00000,3.00000,3.00000,1.00000,181.79102,147.94681,11.92933,2.50000,0.00000,3.00000,2.00000,74.04781,40.25742,0.00000,-2.50000,0.00000,309.00000,0.00000,89.99969,0.00000,210.00000,0.00000,89.99969,0.00000,0.00000,2.00000,1.00000,11.92933,86.05817,8.31750,3.00000,10940.00000,
434.51700,131.40184,129.89926,0.00000,13.19153,14.19153,2.31208,32.04113,-1.73992,47.46919,5.11239,4049.61011,3092.75464,0.00000,4039.66748,47.50000,5.00000,11145.00000,11300.00000,3.00000,11710.00000,11735.00000,3.00000,3.00000,1.00000,181.86613,147.74765,11.95334,2.50000,0.00000,3.00000,2.00000,74.06822,40.00396,0.00000,-2.50000,0.00000,309.00000,0.00000,89.99969,0.00000,210.00000,0.00000,89.99969,0.00000,0.00000,2.00000,1.00000,11.95334,85.91022,8.34685,3.00000,10940.00000,
435.52078,132.40562,130.90305,0.00000,13.19181,14.19181,2.31236,32.39221,-1.74002,47.46957,5.11281,4059.62988,3102.05347,0.00000,4049.68652,47.50000,5.00000,11145.00000,11300.00000,3.00000,11710.00000,11735.00000,3.00000,3.00000,1.00000,181.94139,147.56256,11.97725,2.50000,0.00000,3.00000,2.00000,74.08858,39.76434,0.00000,-2.50000,0.00000,309.00000,0.00000,89.99969,0.00000,210.00000,0.00000,89.99969,0.00000,0.00000,2.00000,1.00000,11.97725,85.61142,8.38336,3.00000,10940.00000,
436.52173,133.40657,131.90398,0.00000,13.19208,14.19208,2.31263,32.72632,-1.74012,47.46995,5.11323,4069.62061,3111.29028,0.00000,4059.67749,47.50000,5.00000,11145.00000,11300.00000,3.00000,11710.00000,11735.00000,3.00000,3.00000,1.00000,182.01665,147.39084,12.00106,2.50000,0.00000,3.00000,2.00000,74.10873,39.53791,0.00000,-2.50000,0.00000,309.00000,0.00000,89.99969,0.00000,210.00000,0.00000,89.99969,0.00000,0.00000,2.00000,1.00000,12.00106,85.56020,8.41298,3.00000,10940.00000,
437.51843,134.40825,132.90567,0.00000,13.19236,14.19236,2.31291,33.04525,-1.74022,47.47033,5.11365,4079.61865,3120.50049,0.00000,4069.67798,47.50000,5.00000,11145.00000,11300.00000,3.00000,11710.00000,11735.00000,3.00000,3.00000,1.00000,182.09209,147.23134,12.02484,2.50000,0.00000,3.00000,2.00000,74.12871,39.32329,0.00000,-2.50000,0.00000,309.00000,0.00000,89.99969,0.00000,210.00000,0.00000,89.99969,0.00000,0.00000,2.00000,1.00000,12.02484,85.43214,8.44480,3.00000,10940.00000,
438.51337,135.41194,133.90936,0.00000,13.19264,14.19264,2.31319,33.34986,-1.74033,47.47071,5.11408,4089.63599,3129.69653,0.00000,4079.69922,47.50000,5.00000,11145.00000,11300.00000,3.00000,11710.00000,11735.00000,3.00000,3.00000,1.00000,182.16783,147.08333,12.04863,2.50000,0.00000,3.00000,2.00000,74.14880,39.11977,0.00000,-2.50000,0.00000,309.00000,0.00000,89.99969,0.00000,210.00000,0.00000,89.99969,0.00000,0.00000,2.00000,1.00000,12.04863,85.32188,8.47559,3.00000,10940.00000,
439.51859,136.41716,134.91458,0.00000,13.19292,14.19292,2.31347,33.64048,-1.74043,47.47109,5.11450,4099.66846,3139.03394,0.00000,4089.73511,47.50000,5.00000,11145.00000,11300.00000,3.00000,11710.00000,11735.00000,3.00000,3.00000,1.00000,182.24365,146.94635,12.07242,2.50000,0.00000,3.00000,2.00000,74.16883,38.92707,0.00000,-2.50000,0.00000,309.00000,0.00000,89.99969,0.00000,210.00000,0.00000,89.99969,0.00000,0.00000,2.00000,1.00000,12.07242,85.17698,8.50411,3.00000,10940.00000,
440.51495,137.41353,135.91095,0.00000,13.19320,14.19320,2.31375,33.91488,-1.74053,47.47146,5.11493,4109.61182,3149.66211,0.00000,4099.67139,47.50000,5.00000,11145.00000,11300.00000,3.00000,11710.00000,11735.00000,3.00000,3.00000,1.00000,182.31915,146.82109,12.09598,2.50000,0.00000,3.00000,2.00000,74.18870,38.74641,0.00000,-2.50000,0.00000,309.00000,0.00000,89.99969,0.00000,210.00000,0.00000,89.99969,0.00000,0.00000,2.00000,1.00000,12.09598,85.01836,8.52610,3.00000,10940.00000,
441.51013,138.40871,136.90613,0.00000,13.19347,14.19347,2.31402,34.17587,-1.74064,47.47184,5.11535,4119.54346,3160.25293,0.00000,4109.61133,47.50000,5.00000,11145.00000,11300.00000,3.00000,11710.00000,11735.00000,3.00000,3.00000,1.00000,182.39455,146.70619,12.11947,2.50000,0.00000,3.00000,2.00000,74.20830,38.57582,0.00000,-2.50000,0.00000,309.00000,0.00000,89.99969,0.00000,210.00000,0.00000,89.99969,0.00000,0.00000,2.00000,1.00000,12.11947,84.96223,8.55856,3.00000,10940.00000,
442.50638,139.40495,137.90237,0.00000,13.19375,14.19375,2.31430,34.42474,-1.74074,47.47221,5.11578,4129.48486,3170.83252,0.00000,4119.54980,47.50000,5.00000,11145.00000,11300.00000,3.00000,11710.00000,11735.00000,3.00000,3.00000,1.00000,182.47008,146.60049,12.14296,2.50000,0.00000,3.00000,2.00000,74.22807,38.41446,0.00000,-2.50000,0.00000,309.00000,0.00000,89.99969,0.00000,210.00000,0.00000,89.99969,0.00000,0.00000,2.00000,1.00000,12.14296,84.88960,8.58350,3.00000,10940.00000,
443.50497,140.40353,138.90096,0.00000,13.19403,14.19403,2.31458,34.66209,-1.74085,47.47258,5.11621,4139.44922,3176.77319,0.00000,4129.51221,47.50000,5.00000,11145.00000,11300.00000,3.00000,11710.00000,11735.00000,3.00000,3.00000,1.00000,182.54602,146.50380,12.16648,2.50000,0.00000,3.00000,2.00000,74.24770,38.26171,0.00000,-2.50000,0.00000,309.00000,0.00000,89.99969,0.00000,210.00000,0.00000,89.99969,0.00000,0.00000,2.00000,1.00000,12.16648,84.71420,8.61279,3.00000,10940.00000,
444.50055,141.39911,139.89653,0.00000,13.19430,14.19430,2.31486,34.88741,-1.74095,47.47295,5.11664,4149.38330,3177.30664,0.00000,4139.44531,47.50000,5.00000,11145.00000,11300.00000,3.00000,11710.00000,11735.00000,3.00000,3.00000,1.00000,182.62155,146.41603,12.18991,2.50000,0.00000,3.00000,2.00000,74.26715,38.11788,0.00000,-2.50000,0.00000,309.00000,0.00000,89.99969,0.00000,210.00000,0.00000,89.99969,0.00000,0.00000,2.00000,1.00000,12.18991,84.76371,8.63174,3.00000,10940.00000,
445.49875,142.39731,140.89473,0.00000,13.19458,14.19458,2.31513,35.10237,-1.74106,47.47332,5.11708,4159.34277,3177.68311,0.00000,4149.40771,47.50000,5.00000,11145.00000,11300.00000,3.00000,11710.00000,11735.00000,3.00000,3.00000,1.00000,182.69736,146.33618,12.21337,2.50000,0.00000,3.00000,2.00000,74.28645,37.98178,0.00000,-2.50000,0.00000,309.00000,0.00000,89.99969,0.00000,210.00000,0.00000,89.99969,0.00000,0.00000,2.00000,1.00000,12.21337,84.56412,8.66150,3.00000,10940.00000,
446.49924,143.39780,141.89520,0.00000,13.19486,14.19486,2.31541,35.30725,-1.74117,47.47369,5.11751,4169.32520,3178.07104,0.00000,4159.38770,47.50000,5.00000,11145.00000,11300.00000,3.00000,11710.00000,11735.00000,3.00000,3.00000,1.00000,182.77339,146.26416,12.23687,2.50000,0.00000,3.00000,2.00000,74.30589,37.85316,0.00000,-2.50000,0.00000,309.00000,0.00000,89.99969,0.00000,210.00000,0.00000,89.99969,0.00000,0.00000,2.00000,1.00000,12.23687,84.58205,8.68045,3.00000,10940.00000,
447.50122,144.39980,142.89722,0.00000,13.19514,14.19514,2.31569,35.50248,-1.74127,47.47407,5.11795,4179.32178,3178.33740,0.00000,4169.38379,47.50000,5.00000,11145.00000,11300.00000,3.00000,11710.00000,11735.00000,3.00000,3.00000,1.00000,182.84952,146.19949,12.26039,2.50000,0.00000,3.00000,2.00000,74.32529,37.73175,0.00000,-2.50000,0.00000,309.00000,0.00000,89.99969,0.00000,210.00000,0.00000,89.99969,0.00000,0.00000,2.00000,1.00000,12.26039,84.39673,8.70808,3.00000,10940.00000,
448.50296,145.40154,143.89894,0.00000,13.19542,14.19542,2.31597,35.68808,-1.74138,47.47444,5.11839,4189.31543,3178.58276,0.00000,4179.37451,47.50000,5.00000,11145.00000,11300.00000,3.00000,11710.00000,11735.00000,3.00000,3.00000,1.00000,182.92551,146.14172,12.28389,2.50000,0.00000,3.00000,2.00000,74.34460,37.61747,0.00000,-2.50000,0.00000,309.00000,0.00000,89.99969,0.00000,210.00000,0.00000,89.99969,0.00000,0.00000,2.00000,1.00000,12.28389,84.47684,8.72840,3.00000,10940.00000,
449.49747,146.39604,144.89346,0.00000,13.19569,14.19569,2.31624,35.86337,-1.74149,47.47480,5.11883,4199.23682,3178.83350,0.00000,4189.29785,47.50000,5.00000,11145.00000,11300.00000,3.00000,11710.00000,11735.00000,3.00000,3.00000,1.00000,183.00095,146.09119,12.30720,2.50000,0.00000,3.00000,2.00000,74.36378,37.51075,0.00000,-2.50000,0.00000,309.00000,0.00000,89.99969,0.00000,210.00000,0.00000,89.99969,0.00000,0.00000,2.00000,1.00000,12.30720,84.32550,8.75412,3.00000,10940.00000,
450.49542,147.39398,145.89139,0.00000,13.19597,14.19597,2.31652,36.03059,-1.74160,47.47517,5.11927,4209.19189,3179.09253,0.00000,4199.25488,47.50000,5.00000,11145.00000,11300.00000,3.00000,11710.00000,11735.00000,3.00000,3.00000,1.00000,183.07675,146.04703,12.33058,2.50000,0.00000,3.00000,2.00000,74.38299,37.40997,0.00000,-2.50000,0.00000,309.00000,0.00000,89.99969,0.00000,210.00000,0.00000,89.99969,0.00000,0.00000,2.00000,1.00000,12.33058,84.28667,8.77247,3.00000,10940.00000,
451.49319,148.39177,146.88918,0.00000,13.19625,14.19625,2.31680,36.18939,-1.74170,47.47554,5.11971,4219.14502,3179.59302,0.00000,4209.20801,47.50000,5.00000,11145.00000,11300.00000,3.00000,11710.00000,11735.00000,3.00000,3.00000,1.00000,183.15219,146.00867,12.35395,2.50000,0.00000,3.00000,2.00000,74.40219,37.31530,0.00000,-2.50000,0.00000,309.00000,0.00000,89.99969,0.00000,210.00000,0.00000,89.99969,0.00000,0.00000,2.00000,1.00000,12.35395,84.26963,8.79027,3.00000,10940.00000,
452.48978,149.38835,147.88576,0.00000,13.19652,14.19652,2.31707,36.34011,-1.74181,47.47590,5.12015,4229.08545,3187.74487,0.00000,4219.15234,47.50000,5.00000,11145.00000,11300.00000,3.00000,11710.00000,11735.00000,3.00000,3.00000,1.00000,183.22740,145.97617,12.37728,2.50000,0.00000,3.00000,2.00000,74.42122,37.22646,0.00000,-2.50000,0.00000,309.00000,0.00000,89.99969,0.00000,210.00000,0.00000,89.99969,0.00000,0.00000,2.00000,1.00000,12.37728,84.28183,8.81404,3.00000,10940.00000,
453.47665,150.38882,148.88625,0.00000,13.19680,14.19680,2.31735,36.48374,-1.74192,47.47627,5.12059,4239.06445,3199.66260,0.00000,4229.14063,47.50000,5.00000,11145.00000,11300.00000,3.00000,11710.00000,11735.00000,3.00000,3.00000,1.00000,183.30305,145.94901,12.40069,2.50000,0.00000,3.00000,2.00000,74.44035,37.14276,0.00000,-2.50000,0.00000,309.00000,0.00000,89.99972,0.00000,210.00000,0.00000,89.99972,0.00000,0.00000,2.00000,1.00000,12.40069,84.24165,8.83036,3.00000,10940.00000,
454.46979,151.38962,149.88704,0.00000,13.19708,14.19708,2.31763,36.62021,-1.74203,47.47664,5.12104,4249.04639,3211.58301,0.00000,4239.11523,47.50000,5.00000,11145.00000,11300.00000,3.00000,11710.00000,11735.00000,3.00000,3.00000,1.00000,183.37866,145.92682,12.42410,2.50000,0.00000,3.00000,2.00000,74.45949,37.06428,0.00000,-2.50000,0.00000,309.00000,0.00000,89.99972,0.00000,210.00000,0.00000,89.99972,0.00000,0.00000,2.00000,1.00000,12.42410,84.21671,8.84814,3.00000,10940.00000,
455.47116,152.39099,150.88840,0.00000,13.19736,14.19736,2.31791,36.74987,-1.74214,47.47701,5.12148,4259.03369,3223.50952,0.00000,4249.10059,47.50000,5.00000,11145.00000,11300.00000,3.00000,11710.00000,11735.00000,3.00000,3.00000,1.00000,183.45403,145.90984,12.44752,2.50000,0.00000,3.00000,2.00000,74.47865,36.99067,0.00000,-2.50000,0.00000,309.00000,0.00000,89.99972,0.00000,210.00000,0.00000,89.99972,0.00000,0.00000,2.00000,1.00000,12.44752,84.18854,8.86846,3.00000,10940.00000,
456.47470,153.40009,151.89749,0.00000,13.19764,14.19764,2.31819,36.87393,-1.74225,47.47737,5.12193,4269.09766,3235.52686,0.00000,4259.16162,47.50000,5.00000,11145.00000,11300.00000,3.00000,11710.00000,11735.00000,3.00000,3.00000,1.00000,183.53001,145.89714,12.47112,2.50000,0.00000,3.00000,2.00000,74.49773,36.92131,0.00000,-2.50000,0.00000,309.00000,0.00000,89.99972,0.00000,210.00000,0.00000,89.99972,0.00000,0.00000,2.00000,1.00000,12.47112,84.19194,8.88763,3.00000,10940.00000,
457.47144,154.39682,152.89423,0.00000,13.19791,14.19791,2.31847,36.99013,-1.74236,47.47773,5.12238,4279.03760,3247.39624,0.00000,4269.10449,47.50000,5.00000,11145.00000,11300.00000,3.00000,11710.00000,11735.00000,3.00000,3.00000,1.00000,183.60460,145.88895,12.49442,2.50000,0.00000,3.00000,2.00000,74.51665,36.85704,0.00000,-2.50000,0.00000,309.00000,0.00000,89.99972,0.00000,210.00000,0.00000,89.99972,0.00000,0.00000,2.00000,1.00000,12.49442,84.15392,8.90647,3.00000,10940.00000,
458.47394,155.39934,153.89674,0.00000,13.19819,14.19819,2.31874,37.10120,-1.74247,47.47810,5.12283,4289.03516,3259.33350,0.00000,4279.10156,47.50000,5.00000,11145.00000,11300.00000,3.00000,11710.00000,11735.00000,3.00000,3.00000,1.00000,183.67975,145.88472,12.51785,2.50000,0.00000,3.00000,2.00000,74.53587,36.79675,0.00000,-2.50000,0.00000,309.00000,0.00000,89.99972,0.00000,210.00000,0.00000,89.99972,0.00000,0.00000,2.00000,1.00000,12.51785,84.06181,8.92848,3.00000,10940.00000,
459.47836,156.40375,154.90117,0.00000,13.19847,14.19847,2.31902,37.20687,-1.74258,47.47847,5.12328,4299.05127,3271.29199,0.00000,4289.11768,47.50000,5.00000,11145.00000,11300.00000,3.00000,11710.00000,11735.00000,3.00000,3.00000,1.00000,183.75482,145.88464,12.54133,2.50000,0.00000,3.00000,2.00000,74.55507,36.74059,0.00000,-2.50000,0.00000,309.00000,0.00000,89.99972,0.00000,210.00000,0.00000,89.99972,0.00000,0.00000,2.00000,1.00000,12.54133,84.16894,8.94487,3.00000,10940.00000,
460.48276,157.41606,155.91347,0.00000,13.19875,14.19875,2.31930,37.30805,-1.74269,47.47883,5.12373,4309.14551,3283.34326,0.00000,4299.21875,47.50000,5.00000,11145.00000,11300.00000,3.00000,11710.00000,11735.00000,3.00000,3.00000,1.00000,183.83051,145.88853,12.56499,2.50000,0.00000,3.00000,2.00000,74.57426,36.68789,0.00000,-2.50000,0.00000,309.00000,0.00000,89.99972,0.00000,210.00000,0.00000,89.99972,0.00000,0.00000,2.00000,1.00000,12.56499,84.21665,8.96003,3.00000,10940.00000,
461.47986,158.42476,156.92218,0.00000,13.19903,14.19903,2.31958,37.40355,-1.74280,47.47920,5.12418,4319.20313,3295.35010,0.00000,4309.27393,47.50000,5.00000,11145.00000,11300.00000,3.00000,11710.00000,11735.00000,3.00000,3.00000,1.00000,183.90533,145.89581,12.58857,2.50000,0.00000,3.00000,1.00000,74.59328,36.63879,0.00000,-2.50000,0.00000,309.00000,0.00000,89.99972,0.00000,210.00000,0.00000,89.99972,0.00000,0.00000,2.00000,1.00000,12.58857,84.21716,8.97368,3.00000,10940.00000,
462.48361,159.42851,157.92592,0.00000,13.19931,14.19931,2.31986,37.49393,-1.74291,47.47956,5.12464,4329.21143,3307.29688,0.00000,4319.27881,47.50000,5.00000,11145.00000,11300.00000,3.00000,11710.00000,11735.00000,3.00000,3.00000,1.00000,183.98013,145.90630,12.61203,2.50000,0.00000,3.00000,1.00000,74.61234,36.59357,0.00000,-2.50000,0.00000,309.00000,0.00000,89.99972,0.00000,210.00000,0.00000,89.99972,0.00000,0.00000,2.00000,1.00000,12.61203,84.12714,8.99296,3.00000,10940.00000,
463.48663,160.45029,158.94771,0.00000,13.19960,14.19960,2.32015,37.58126,-1.74303,47.47993,5.12509,4339.39941,3319.45703,0.00000,4329.47656,47.50000,5.00000,11145.00000,11300.00000,3.00000,11710.00000,11735.00000,3.00000,3.00000,1.00000,184.05597,145.91963,12.63591,2.50000,0.00000,3.00000,1.00000,74.63159,36.55066,0.00000,-2.50000,0.00000,309.00000,0.00000,89.99972,0.00000,210.00000,0.00000,89.99972,0.00000,0.00000,2.00000,1.00000,12.63591,84.18826,9.00512,3.00000,10940.00000,
464.48068,161.46161,159.95901,0.00000,13.19988,14.19988,2.32043,37.66353,-1.74314,47.48030,5.12555,4349.48193,3332.31055,0.00000,4339.56055,47.50000,5.00000,11145.00000,11300.00000,3.00000,11710.00000,11735.00000,3.00000,3.00000,1.00000,184.13081,145.93626,12.65956,2.50000,0.00000,3.00000,1.00000,74.65084,36.51152,0.00000,-2.50000,0.00000,309.00000,0.00000,89.99972,0.00000,210.00000,0.00000,89.99972,0.00000,0.00000,2.00000,1.00000,12.65956,84.19968,9.01860,3.00000,10940.00000,
465.48416,162.46509,160.96249,0.00000,13.20016,14.20016,2.32071,37.74098,-1.74325,47.48066,5.12600,4359.48682,3345.39624,0.00000,4349.55957,47.50000,5.00000,11145.00000,11300.00000,3.00000,11710.00000,11735.00000,3.00000,3.00000,1.00000,184.20497,145.95595,12.68302,2.50000,0.00000,3.00000,1.00000,74.66986,36.47567,0.00000,-2.50000,0.00000,309.00000,0.00000,89.99972,0.00000,210.00000,0.00000,89.99972,0.00000,0.00000,2.00000,1.00000,12.68302,84.19305,9.03822,3.00000,10940.00000,
466.48459,163.46548,161.96291,0.00000,13.20043,14.20043,2.32098,37.81432,-1.74336,47.48103,5.12646,4369.45996,3358.44263,0.00000,4359.53320,47.50000,5.00000,11145.00000,11300.00000,3.00000,11710.00000,11735.00000,3.00000,3.00000,1.00000,184.27821,145.97745,12.70640,2.50000,0.00000,3.00000,1.00000,74.68882,36.44274,0.00000,-2.50000,0.00000,309.00000,0.00000,89.99972,0.00000,210.00000,0.00000,89.99972,0.00000,0.00000,2.00000,1.00000,12.70640,84.12193,9.05641,3.00000,10940.00000,
467.48792,164.46881,162.96623,0.00000,13.20071,14.20071,2.32126,37.88405,-1.74347,47.48139,5.12691,4379.46191,3371.52832,0.00000,4369.53174,47.50000,5.00000,11145.00000,11300.00000,3.00000,11710.00000,11735.00000,3.00000,3.00000,1.00000,184.35196,146.00185,12.72987,2.50000,0.00000,3.00000,1.00000,74.70770,36.41236,0.00000,-2.50000,0.00000,309.00000,0.00000,89.99972,0.00000,210.00000,0.00000,89.99972,0.00000,0.00000,2.00000,1.00000,12.72987,84.13021,9.06969,3.00000,10940.00000,
468.48813,165.46906,163.96646,0.00000,13.20099,14.20099,2.32154,37.95005,-1.74358,47.48175,5.12736,4389.43311,3384.57446,0.00000,4379.50488,47.50000,5.00000,11145.00000,11300.00000,3.00000,11710.00000,11735.00000,3.00000,3.00000,1.00000,184.42523,146.02882,12.75327,2.50000,0.00000,3.00000,1.00000,74.72662,36.38446,0.00000,-2.50000,0.00000,309.00000,0.00000,89.99972,0.00000,210.00000,0.00000,89.99972,0.00000,0.00000,2.00000,1.00000,12.75327,84.17219,9.08389,3.00000,10940.00000,
469.48517,166.46606,164.96349,0.00000,13.20127,14.20127,2.32182,38.01256,-1.74369,47.48211,5.12781,4399.37158,3397.57886,0.00000,4389.45020,47.50000,5.00000,11145.00000,11300.00000,3.00000,11710.00000,11735.00000,3.00000,3.00000,1.00000,184.49825,146.05750,12.77660,2.50000,0.00000,3.00000,1.00000,74.74543,36.35910,0.00000,-2.50000,0.00000,309.00000,0.00000,89.99972,0.00000,210.00000,0.00000,89.99972,0.00000,0.00000,2.00000,1.00000,12.77660,84.29039,9.09370,3.00000,10940.00000,
470.48138,167.46230,165.95970,0.00000,13.20154,14.20154,2.32209,38.07174,-1.74380,47.48246,5.12826,4409.30176,3402.58301,0.00000,4399.37109,47.50000,5.00000,11145.00000,11300.00000,3.00000,11710.00000,11735.00000,3.00000,3.00000,1.00000,184.57071,146.08867,12.79991,2.50000,0.00000,3.00000,1.00000,74.76421,36.33596,0.00000,-2.50000,0.00000,309.00000,0.00000,89.99972,0.00000,210.00000,0.00000,89.99972,0.00000,0.00000,2.00000,1.00000,12.79991,84.28929,9.11547,3.00000,10940.00000,
471.47885,168.45975,166.95717,0.00000,13.20182,14.20182,2.32237,38.12809,-1.74392,47.48283,5.12872,4419.24414,3400.79810,0.00000,4409.31885,47.50000,5.00000,11145.00000,11300.00000,3.00000,11710.00000,11735.00000,3.00000,3.00000,1.00000,184.64304,146.12093,12.82326,2.50000,0.00000,3.00000,1.00000,74.78298,36.31495,0.00000,-2.50000,0.00000,309.00000,0.00000,89.99972,0.00000,210.00000,0.00000,89.99972,0.00000,0.00000,2.00000,1.00000,12.82326,84.30805,9.12778,3.00000,10940.00000,
472.47629,169.45718,167.95461,0.00000,13.20210,14.20210,2.32265,38.18139,-1.74403,47.48318,5.12917,4429.18555,3394.76611,0.00000,4419.26318,47.50000,5.00000,11145.00000,11300.00000,3.00000,11710.00000,11735.00000,3.00000,3.00000,1.00000,184.71535,146.15552,12.84661,2.50000,0.00000,3.00000,1.00000,74.80187,36.29588,0.00000,-2.50000,0.00000,309.00000,0.00000,89.99972,0.00000,210.00000,0.00000,89.99972,0.00000,0.00000,2.00000,1.00000,12.84661,84.29266,9.14189,3.00000,10940.00000,
473.47842,170.46404,168.96144,0.00000,13.20238,14.20238,2.32293,38.23256,-1.74414,47.48354,5.12963,4439.22070,3384.55518,0.00000,4429.29736,47.50000,5.00000,11145.00000,11300.00000,3.00000,11710.00000,11735.00000,3.00000,3.00000,1.00000,184.78804,146.19220,12.87019,2.50000,0.00000,3.00000,1.00000,74.82092,36.27862,0.00000,-2.50000,0.00000,309.00000,0.00000,89.99972,0.00000,210.00000,0.00000,89.99972,0.00000,0.00000,2.00000,1.00000,12.87019,84.22430,9.16140,3.00000,10940.00000,
474.47638,171.46902,169.96645,0.00000,13.20266,14.20266,2.32321,38.28111,-1.74425,47.48391,5.13008,4449.23730,3374.35913,0.00000,4439.31592,47.50000,5.00000,11145.00000,11300.00000,3.00000,11710.00000,11735.00000,3.00000,3.00000,1.00000,184.86046,146.23080,12.89373,2.50000,0.00000,3.00000,1.00000,74.83979,36.26323,0.00000,-2.50000,0.00000,309.00000,0.00000,89.99972,0.00000,210.00000,0.00000,89.99972,0.00000,0.00000,2.00000,1.00000,12.89373,84.35970,9.16798,3.00000,10940.00000,
475.48541,172.48445,170.98186,0.00000,13.20294,14.20294,2.32349,38.32768,-1.74437,47.48427,5.13054,4459.35742,3373.85278,0.00000,4449.43018,47.50000,5.00000,11145.00000,11300.00000,3.00000,11710.00000,11735.00000,3.00000,3.00000,1.00000,184.93330,146.27058,12.91753,2.50000,0.00000,3.00000,1.00000,74.85895,36.24936,0.00000,-2.50000,0.00000,309.00000,0.00000,89.99972,0.00000,210.00000,0.00000,89.99972,0.00000,0.00000,2.00000,1.00000,12.91753,84.33151,9.18437,3.00000,10940.00000,
476.49216,173.49577,171.99318,0.00000,13.20322,14.20322,2.32377,38.37176,-1.74448,47.48463,5.13100,4469.43604,3385.36230,0.00000,4459.51416,47.50000,5.00000,11145.00000,11300.00000,3.00000,11710.00000,11735.00000,3.00000,3.00000,1.00000,185.00569,146.31216,12.94123,2.50000,0.00000,3.00000,1.00000,74.87801,36.23714,0.00000,-2.50000,0.00000,309.00000,0.00000,89.99972,0.00000,210.00000,0.00000,89.99972,0.00000,0.00000,2.00000,1.00000,12.94123,84.33808,9.20382,3.00000,10940.00000,
477.48795,174.49159,172.98900,0.00000,13.20350,14.20350,2.32405,38.41312,-1.74459,47.48499,5.13145,4479.35986,3396.69580,0.00000,4469.43604,47.50000,5.00000,11145.00000,11300.00000,3.00000,11710.00000,11735.00000,3.00000,3.00000,1.00000,185.07690,146.35419,12.96459,2.50000,0.00000,3.00000,1.00000,74.89671,36.22676,0.00000,-2.50000,0.00000,309.00000,0.00000,89.99972,0.00000,210.00000,0.00000,89.99972,0.00000,0.00000,2.00000,1.00000,12.96459,84.46156,9.21447,3.00000,10940.00000,
478.48203,175.48564,173.98306,0.00000,13.20377,14.20377,2.32432,38.45232,-1.74470,47.48534,5.13191,4489.26611,3408.64014,0.00000,4479.34082,47.50000,5.00000,11145.00000,11300.00000,3.00000,11710.00000,11735.00000,3.00000,3.00000,1.00000,185.14769,146.39767,12.98790,2.50000,0.00000,3.00000,1.00000,74.91546,36.21781,0.00000,-2.50000,0.00000,309.00000,0.00000,89.99972,0.00000,210.00000,0.00000,89.99972,0.00000,0.00000,2.00000,1.00000,12.98790,84.37850,9.22796,3.00000,10940.00000,
479.47690,176.48816,174.98558,0.00000,13.20405,14.20405,2.32460,38.49001,-1.74481,47.48571,5.13236,4499.25586,3420.63477,0.00000,4489.32861,47.50000,5.00000,11145.00000,11300.00000,3.00000,11710.00000,11735.00000,3.00000,3.00000,1.00000,185.21873,146.44260,13.01143,2.50000,0.00000,3.00000,1.00000,74.93443,36.21021,0.00000,-2.50000,0.00000,309.00000,0.00000,89.99972,0.00000,210.00000,0.00000,89.99972,0.00000,0.00000,2.00000,1.00000,13.01143,84.49982,9.24062,3.00000,10940.00000,
480.48239,177.49367,175.99109,0.00000,13.20433,14.20433,2.32488,38.52606,-1.74493,47.48606,5.13282,4509.27539,3432.60522,0.00000,4499.34521,47.50000,5.00000,11145.00000,11300.00000,3.00000,11710.00000,11735.00000,3.00000,3.00000,1.00000,185.28973,146.48885,13.03503,2.50000,0.00000,3.00000,1.00000,74.95346,36.20403,0.00000,-2.50000,0.00000,309.00000,0.00000,89.99972,0.00000,210.00000,0.00000,89.99972,0.00000,0.00000,2.00000,1.00000,13.03503,84.47186,9.25094,3.00000,10940.00000,
481.48645,178.49770,176.99512,0.00000,13.20461,14.20461,2.32516,38.56023,-1.74504,47.48642,5.13328,4519.27979,3444.55786,0.00000,4509.35449,47.50000,5.00000,11145.00000,11300.00000,3.00000,11710.00000,11735.00000,3.00000,3.00000,1.00000,185.36050,146.53563,13.05861,2.50000,0.00000,3.00000,1.00000,74.97242,36.19918,0.00000,-2.50000,0.00000,309.00000,0.00000,89.99972,0.00000,210.00000,0.00000,89.99972,0.00000,0.00000,2.00000,1.00000,13.05861,84.54123,9.26481,3.00000,10940.00000,
482.49033,179.50812,178.00554,0.00000,13.20489,14.20489,2.32544,38.59285,-1.74515,47.48679,5.13374,4529.34766,3455.64160,0.00000,4519.42432,47.50000,5.00000,11145.00000,11300.00000,3.00000,11710.00000,11735.00000,3.00000,3.00000,1.00000,185.43141,146.58420,13.08234,2.50000,0.00000,3.00000,1.00000,74.99146,36.19544,0.00000,-2.50000,0.00000,309.00000,0.00000,89.99972,0.00000,210.00000,0.00000,89.99972,0.00000,0.00000,2.00000,1.00000,13.08234,84.47890,9.28311,3.00000,10940.00000,
483.48853,180.51256,179.00998,0.00000,13.20517,14.20517,2.32572,38.62357,-1.74526,47.48714,5.13420,4539.35547,3465.96069,0.00000,4529.43213,47.50000,5.00000,11145.00000,11300.00000,3.00000,11710.00000,11735.00000,3.00000,3.00000,1.00000,185.50168,146.63322,13.10595,2.50000,0.00000,3.00000,1.00000,75.01041,36.19296,0.00000,-2.50000,0.00000,309.00000,0.00000,89.99972,0.00000,210.00000,0.00000,89.99972,0.00000,0.00000,2.00000,1.00000,13.10595,84.69814,9.28778,3.00000,10940.00000,
484.48825,181.51230,180.00972,0.00000,13.20545,14.20545,2.32600,38.65263,-1.74538,47.48750,5.13465,4549.31641,3477.81616,0.00000,4539.39209,47.50000,5.00000,11145.00000,11300.00000,3.00000,11710.00000,11735.00000,3.00000,3.00000,1.00000,185.57135,146.68289,13.12945,2.50000,0.00000,3.00000,1.00000,75.02948,36.19160,0.00000,-2.50000,0.00000,309.00000,0.00000,89.99972,0.00000,210.00000,0.00000,89.99972,0.00000,0.00000,2.00000,1.00000,13.12945,84.57492,9.31150,3.00000,10940.00000,
485.48627,182.51031,181.00774,0.00000,13.20572,14.20572,2.32627,38.68007,-1.74549,47.48786,5.13511,4559.25977,3489.65112,0.00000,4549.33691,47.50000,5.00000,11145.00000,11300.00000,3.00000,11710.00000,11735.00000,3.00000,3.00000,1.00000,185.64075,146.73276,13.15292,2.50000,0.00000,3.00000,1.00000,75.04825,36.19134,0.00000,-2.50000,0.00000,309.00000,0.00000,89.99972,0.00000,210.00000,0.00000,89.99972,0.00000,0.00000,2.00000,1.00000,13.15292,84.69770,9.32040,3.00000,10940.00000,
486.48499,183.51488,182.01228,0.00000,13.20600,14.20600,2.32655,38.70633,-1.74560,47.48822,5.13556,4569.26807,3503.51489,0.00000,4559.34863,47.50000,5.00000,11145.00000,11300.00000,3.00000,11710.00000,11735.00000,3.00000,3.00000,1.00000,185.71030,146.78430,13.17655,2.50000,0.00000,3.00000,1.00000,75.06722,36.19198,0.00000,-2.50000,0.00000,309.00000,0.00000,89.99972,0.00000,210.00000,0.00000,89.99972,0.00000,0.00000,2.00000,1.00000,13.17655,84.66844,9.33523,3.00000,10940.00000,
487.49084,184.52072,183.01813,0.00000,13.20628,14.20628,2.32683,38.73119,-1.74571,47.48857,5.13602,4579.28906,3512.83960,0.00000,4569.36377,47.50000,5.00000,11145.00000,11300.00000,3.00000,11710.00000,11735.00000,3.00000,3.00000,1.00000,185.77983,146.83699,13.20023,2.50000,0.00000,3.00000,1.00000,75.08606,36.19337,0.00000,-2.50000,0.00000,309.00000,0.00000,89.99972,0.00000,210.00000,0.00000,89.99972,0.00000,0.00000,2.00000,1.00000,13.20023,84.79292,9.34531,3.00000,10940.00000,
488.49176,185.52162,184.01904,0.00000,13.20656,14.20656,2.32711,38.75456,-1.74583,47.48893,5.13648,4589.26025,3522.09497,0.00000,4579.33594,47.50000,5.00000,11145.00000,11300.00000,3.00000,11710.00000,11735.00000,3.00000,3.00000,1.00000,185.84863,146.88982,13.22379,2.50000,0.00000,3.00000,1.00000,75.10501,36.19583,0.00000,-2.50000,0.00000,309.00000,0.00000,89.99972,0.00000,210.00000,0.00000,89.99972,0.00000,0.00000,2.00000,1.00000,13.22379,84.85603,9.35838,3.00000,10940.00000,
489.47293,188.10231,186.59973,0.00000,13.20728,14.20728,2.32783,38.80999,-1.74611,47.48985,5.13765,4614.96875,3547.54907,0.00000,4605.16943,47.50000,5.00000,11145.00000,11300.00000,3.00000,11710.00000,11735.00000,3.00000,3.00000,1.00000,186.02533,147.02759,13.28460,2.50000,0.00000,3.00000,1.00000,75.15370,36.20543,0.00000,-2.50000,0.00000,309.00000,0.00000,89.99978,0.00000,210.00000,0.00000,89.99978,0.00000,0.00000,2.00000,1.00000,13.28460,84.88096,9.39164,3.00000,10940.00000,
490.46451,190.91605,189.41347,0.00000,13.20806,14.20806,2.32861,38.86316,-1.74643,47.49085,5.13894,4642.99707,3578.89282,0.00000,4633.18750,47.50000,5.00000,11145.00000,11300.00000,3.00000,11710.00000,11735.00000,3.00000,3.00000,1.00000,186.21602,147.18199,13.35096,2.50000,0.00000,3.00000,1.00000,75.20699,36.22150,0.00000,-2.50000,0.00000,309.00000,0.00000,89.99978,0.00000,210.00000,0.00000,89.99978,0.00000,0.00000,2.00000,1.00000,13.35096,84.96690,9.42838,3.00000,10940.00000,
491.45154,193.55336,192.05078,0.00000,13.20879,14.20879,2.32934,38.90691,-1.74673,47.49179,5.14014,4669.26611,3593.19849,0.00000,4659.43799,47.50000,5.00000,11145.00000,11300.00000,3.00000,11710.00000,11735.00000,3.00000,3.00000,1.00000,186.39342,147.32976,13.41324,2.50000,0.00000,3.00000,1.00000,75.25694,36.24128,0.00000,-2.50000,0.00000,309.00000,0.00000,89.99978,0.00000,210.00000,0.00000,89.99978,0.00000,0.00000,2.00000,1.00000,13.41324,85.05675,9.46404,3.00000,10940.00000,
492.45425,196.24097,194.73839,0.00000,13.20954,14.20954,2.33009,38.94609,-1.74703,47.49274,5.14136,4696.03467,3611.75464,0.00000,4686.17578,47.50000,5.00000,11145.00000,11300.00000,3.00000,11710.00000,11735.00000,3.00000,3.00000,1.00000,186.57213,147.48235,13.47676,2.50000,0.00000,3.00000,1.00000,75.30791,36.26546,0.00000,-2.50000,0.00000,309.00000,0.00000,89.99978,0.00000,210.00000,0.00000,89.99978,0.00000,0.00000,2.00000,1.00000,13.47676,85.12191,9.49977,3.00000,10940.00000,
493.45071,197.23744,195.73486,0.00000,13.20982,14.20982,2.33037,38.95931,-1.74714,47.49309,5.14182,4705.95898,3621.50586,0.00000,4696.04834,47.50000,5.00000,11145.00000,11300.00000,3.00000,11710.00000,11735.00000,3.00000,3.00000,1.00000,186.63791,147.53920,13.50034,2.50000,0.00000,3.00000,1.00000,75.32682,36.27532,0.00000,-2.50000,0.00000,309.00000,0.00000,89.99978,0.00000,210.00000,0.00000,89.99978,0.00000,0.00000,2.00000,1.00000,13.50034,85.14706,9.51188,3.00000,10940.00000,
494.43988,198.22661,196.72401,0.00000,13.21009,14.21009,2.33064,38.97158,-1.74725,47.49344,5.14227,4715.81006,3633.37280,0.00000,4705.90088,47.50000,5.00000,11145.00000,11300.00000,3.00000,11710.00000,11735.00000,3.00000,3.00000,1.00000,186.70328,147.59612,13.52374,2.50000,0.00000,3.00000,1.00000,75.34557,36.28553,0.00000,-2.50000,0.00000,309.00000,0.00000,89.99978,0.00000,210.00000,0.00000,89.99978,0.00000,0.00000,2.00000,1.00000,13.52374,85.22189,9.52590,3.00000,10940.00000,
495.44867,199.24113,197.73856,0.00000,13.21037,14.21037,2.33092,38.98375,-1.74737,47.49380,5.14273,4725.91357,3650.43506,0.00000,4716.00293,47.50000,5.00000,11145.00000,11300.00000,3.00000,11710.00000,11735.00000,3.00000,3.00000,1.00000,186.76990,147.65491,13.54776,2.50000,0.00000,3.00000,1.00000,75.36480,36.29669,0.00000,-2.50000,0.00000,309.00000,0.00000,89.99978,0.00000,210.00000,0.00000,89.99978,0.00000,0.00000,2.00000,1.00000,13.54776,85.17984,9.53326,3.00000,10940.00000,
496.44684,200.23932,198.73672,0.00000,13.21065,14.21065,2.33120,38.99482,-1.74748,47.49416,5.14319,4735.85400,3667.21899,0.00000,4725.93848,47.50000,5.00000,11145.00000,11300.00000,3.00000,11710.00000,11735.00000,3.00000,3.00000,1.00000,186.83511,147.71252,13.57140,2.50000,0.00000,3.00000,1.00000,75.38375,36.30783,0.00000,-2.50000,0.00000,309.00000,0.00000,89.99978,0.00000,210.00000,0.00000,89.99978,0.00000,0.00000,2.00000,1.00000,13.57140,85.35873,9.54454,3.00000,10940.00000,
497.43814,201.23842,199.73584,0.00000,13.21093,14.21093,2.33148,39.00529,-1.74759,47.49451,5.14364,4745.80371,3684.01489,0.00000,4735.89600,47.50000,5.00000,11145.00000,11300.00000,3.00000,11710.00000,11735.00000,3.00000,3.00000,1.00000,186.90021,147.77061,13.59507,2.50000,0.00000,3.00000,1.00000,75.40282,36.31956,0.00000,-2.50000,0.00000,309.00000,0.00000,89.99978,0.00000,210.00000,0.00000,89.99978,0.00000,0.00000,2.00000,1.00000,13.59507,85.34138,9.56092,3.00000,10940.00000,
498.43991,202.24017,200.73759,0.00000,13.21120,14.21120,2.33176,39.01535,-1.74770,47.49487,5.14410,4755.77930,3700.85181,0.00000,4745.86377,47.50000,5.00000,11145.00000,11300.00000,3.00000,11710.00000,11635.00000,3.00000,3.00000,1.00000,186.96532,147.82890,13.61882,2.50000,0.00000,3.00000,1.00000,75.42188,36.33162,0.00000,-2.50000,0.00000,309.00000,0.00000,89.99978,0.00000,210.00000,0.00000,89.99978,0.00000,0.00000,2.00000,1.00000,13.61882,85.32285,9.57661,3.00000,10940.00000,
499.44556,203.24580,201.74323,0.00000,13.21148,14.21148,2.33203,39.02496,-1.74782,47.49522,5.14456,4765.79346,3717.71191,0.00000,4755.87451,47.50000,5.00000,11145.00000,11300.00000,3.00000,11710.00000,11335.00000,3.00000,3.00000,1.00000,187.03055,147.88731,13.64266,2.50000,0.00000,3.00000,1.00000,75.44108,36.34405,0.00000,-2.50000,0.00000,309.00000,0.00000,89.99978,0.00000,210.00000,0.00000,89.99978,0.00000,0.00000,2.00000,1.00000,13.64266,85.30045,9.58825,3.00000,10940.00000,
500.43735,204.23761,202.73503,0.00000,13.21176,14.21176,2.33231,39.03416,-1.74793,47.49557,5.14501,4775.66992,3730.54370,0.00000,4765.75195,47.50000,5.00000,11145.00000,11300.00000,3.00000,11710.00000,11335.00000,3.00000,3.00000,1.00000,187.09441,147.94524,13.66619,2.50000,0.00000,3.00000,1.00000,75.45994,36.35648,0.00000,-2.50000,0.00000,309.00000,0.00000,89.99978,0.00000,210.00000,0.00000,89.99978,0.00000,0.00000,2.00000,1.00000,13.66619,85.51176,9.60034,3.00000,10940.00000,
501.44202,205.24834,203.74576,0.00000,13.21204,14.21204,2.33259,39.04309,-1.74804,47.49593,5.14547,4785.73438,3743.61743,0.00000,4775.81738,47.50000,5.00000,11145.00000,11300.00000,3.00000,11710.00000,11305.00000,3.00000,3.00000,1.00000,187.15936,148.00439,13.69017,2.50000,0.00000,3.00000,1.00000,75.47918,36.36967,0.00000,-2.50000,0.00000,309.00000,0.00000,89.99978,0.00000,210.00000,0.00000,89.99978,0.00000,0.00000,2.00000,1.00000,13.69017,85.43024,9.60957,3.00000,10940.00000,
502.43820,206.24452,204.74193,0.00000,13.21232,14.21232,2.33287,39.05148,-1.74815,47.49628,5.14592,4795.65332,3754.33130,0.00000,4785.73877,47.50000,5.00000,11145.00000,11300.00000,3.00000,11710.00000,11300.00000,3.00000,3.00000,1.00000,187.22311,148.06264,13.71382,2.50000,0.00000,3.00000,1.00000,75.49818,36.38282,0.00000,-2.50000,0.00000,309.00000,0.00000,89.99978,0.00000,210.00000,0.00000,89.99978,0.00000,0.00000,2.00000,1.00000,13.71382,85.46664,9.62173,3.00000,10940.00000,
503.43518,207.25328,205.75069,0.00000,13.21260,14.21260,2.33315,39.05968,-1.74827,47.49664,5.14638,4805.69775,3764.71265,0.00000,4795.78760,47.50000,5.00000,11145.00000,11300.00000,3.00000,11300.00000,11710.00000,3.00000,3.00000,1.00000,187.28740,148.12173,13.73777,2.50000,0.00000,3.00000,2.00000,58.82410,32.25833,0.00000,-2.50000,0.00000,309.00000,0.00000,89.99978,0.00000,210.00000,0.00000,89.99978,0.00000,0.00000,2.00000,1.00000,13.73777,85.46804,9.64108,3.00000,10940.00000,
504.43079,208.25514,206.75255,0.00000,13.21288,14.21288,2.33343,39.06745,-1.74838,47.49699,5.14684,4815.67334,3775.02075,0.00000,4805.76563,47.50000,5.00000,11145.00000,11300.00000,3.00000,11300.00000,11710.00000,3.00000,3.00000,1.00000,187.35121,148.18050,13.76157,2.50000,0.00000,3.00000,2.00000,44.38728,18.27390,0.00000,-2.50000,0.00000,309.00000,0.00000,89.99978,0.00000,210.00000,0.00000,89.99978,0.00000,0.00000,2.00000,1.00000,13.76157,85.47365,9.65222,3.00000,10940.00000,
505.43600,209.26811,207.76553,0.00000,13.21316,14.21316,2.33371,39.07492,-1.74849,47.49735,5.14730,4825.75928,3785.44165,0.00000,4815.84766,47.50000,5.00000,11145.00000,11300.00000,3.00000,11300.00000,11710.00000,3.00000,3.00000,1.00000,187.41539,148.23965,13.78565,2.50000,0.00000,3.00000,2.00000,39.06327,7.73756,0.00000,-2.50000,0.00000,309.00000,0.00000,89.99978,0.00000,210.00000,0.00000,89.99978,0.00000,0.00000,2.00000,1.00000,13.78565,85.66669,9.66175,3.00000,10940.00000,
506.43301,210.26511,208.76251,0.00000,13.21343,14.21343,2.33398,39.08210,-1.74861,47.49770,5.14775,4835.68555,3795.69678,0.00000,4825.76904,47.50000,5.00000,11145.00000,11300.00000,3.00000,11300.00000,11710.00000,3.00000,3.00000,1.00000,187.47816,148.29796,13.80934,2.50000,0.00000,3.00000,2.00000,37.15038,2.01717,0.00000,-2.50000,0.00000,309.00000,0.00000,89.99978,0.00000,210.00000,0.00000,89.99978,0.00000,0.00000,2.00000,1.00000,13.80934,85.53770,9.67892,3.00000,10940.00000,
507.42780,211.25989,209.75731,0.00000,13.21371,14.21371,2.33426,39.08883,-1.74872,47.49805,5.14820,4845.58984,3805.92773,0.00000,4835.67285,47.50000,5.00000,11145.00000,11300.00000,3.00000,11300.00000,11710.00000,3.00000,3.00000,1.00000,187.54047,148.35609,13.83300,2.50000,0.00000,3.00000,2.00000,36.44551,-0.79362,0.00000,-2.50000,0.00000,309.00000,0.00000,89.99978,0.00000,210.00000,0.00000,89.99978,0.00000,0.00000,2.00000,1.00000,13.83300,85.59710,9.69081,3.00000,10940.00000,
508.42480,212.25690,210.75432,0.00000,13.21399,14.21399,2.33454,39.09519,-1.74883,47.49840,5.14866,4855.51611,3816.47388,0.00000,4845.60107,47.50000,5.00000,11145.00000,11300.00000,3.00000,11300.00000,11710.00000,3.00000,3.00000,1.00000,187.60300,148.41460,13.85672,2.50000,0.00000,3.00000,2.00000,36.18369,-2.09581,0.00000,-2.50000,0.00000,309.00000,0.00000,89.99978,0.00000,210.00000,0.00000,89.99978,0.00000,0.00000,2.00000,1.00000,13.85672,85.73598,9.70447,3.00000,10940.00000,
509.42490,213.27037,211.76778,0.00000,13.21427,14.21427,2.33482,39.10133,-1.74894,47.49876,5.14912,4865.60596,3832.84326,0.00000,4855.69385,47.50000,5.00000,11145.00000,11300.00000,3.00000,11300.00000,11710.00000,3.00000,3.00000,1.00000,187.66637,148.47421,13.88084,2.50000,0.00000,3.00000,2.00000,36.08495,-2.68096,0.00000,-2.50000,0.00000,309.00000,0.00000,89.99978,0.00000,210.00000,0.00000,89.99978,0.00000,0.00000,2.00000,1.00000,13.88084,85.69945,9.71611,3.00000,10940.00000,
510.42108,214.28384,212.78127,0.00000,13.21455,14.21455,2.33510,39.10700,-1.74905,47.49911,5.14958,4875.69580,3849.20947,0.00000,4865.79346,47.50000,5.00000,11145.00000,11300.00000,3.00000,11300.00000,11710.00000,3.00000,3.00000,1.00000,187.72945,148.53349,13.90497,2.50000,0.00000,3.00000,2.00000,36.04780,-2.93217,0.00000,-2.50000,0.00000,309.00000,0.00000,89.99978,0.00000,210.00000,0.00000,89.99978,0.00000,0.00000,2.00000,1.00000,13.90497,85.70435,9.73137,3.00000,10940.00000,
511.42319,215.28595,213.78337,0.00000,13.21483,14.21483,2.33538,39.11215,-1.74917,47.49947,5.15003,4885.67236,3865.38843,0.00000,4875.75781,47.50000,5.00000,11145.00000,11300.00000,3.00000,11300.00000,11710.00000,3.00000,3.00000,1.00000,187.79167,148.59250,13.92883,2.50000,0.00000,3.00000,2.00000,36.03303,-3.03881,0.00000,-2.50000,0.00000,309.00000,0.00000,89.99978,0.00000,210.00000,0.00000,89.99978,0.00000,0.00000,2.00000,1.00000,13.92883,85.69320,9.73950,3.00000,10940.00000,
512.42041,216.28320,214.78062,0.00000,13.21511,14.21511,2.33566,39.11709,-1.74928,47.49982,5.15049,4895.60010,3872.17480,0.00000,4885.68750,47.50000,5.00000,11145.00000,11300.00000,3.00000,11300.00000,11710.00000,3.00000,3.00000,1.00000,187.85315,148.65100,13.95259,2.50000,0.00000,3.00000,2.00000,36.02626,-3.08584,0.00000,-2.50000,0.00000,309.00000,0.00000,89.99978,0.00000,210.00000,0.00000,89.99978,0.00000,0.00000,2.00000,1.00000,13.95259,85.72749,9.75827,3.00000,10940.00000,
513.42206,217.30618,215.80359,0.00000,13.21539,14.21539,2.33594,39.12185,-1.74939,47.50018,5.15095,4905.78418,3879.06860,0.00000,4895.87061,47.50000,5.00000,11145.00000,11300.00000,3.00000,11300.00000,11710.00000,3.00000,3.00000,1.00000,187.91618,148.71083,13.97697,2.50000,0.00000,3.00000,2.00000,36.02238,-3.10868,0.00000,-2.50000,0.00000,309.00000,0.00000,89.99978,0.00000,210.00000,0.00000,89.99978,0.00000,0.00000,2.00000,1.00000,13.97697,85.76702,9.77467,3.00000,10940.00000,
514.42670,218.31076,216.80818,0.00000,13.21567,14.21567,2.33622,39.12627,-1.74951,47.50053,5.15141,4915.78467,3888.32080,0.00000,4905.87061,47.50000,5.00000,11145.00000,11300.00000,3.00000,11300.00000,11710.00000,3.00000,3.00000,1.00000,187.97795,148.76974,14.00092,2.50000,0.00000,3.00000,2.00000,36.01947,-3.12078,0.00000,-2.50000,0.00000,309.00000,0.00000,89.99978,0.00000,210.00000,0.00000,89.99978,0.00000,0.00000,2.00000,1.00000,14.00092,85.93384,9.77884,3.00000,10940.00000,
515.43237,219.31648,217.81390,0.00000,13.21595,14.21595,2.33650,39.13061,-1.74962,47.50089,5.15186,4925.79590,3898.36060,0.00000,4915.88086,47.50000,5.00000,11145.00000,11300.00000,3.00000,11300.00000,11710.00000,3.00000,3.00000,1.00000,188.03938,148.82834,14.02490,2.50000,0.00000,3.00000,2.00000,36.01723,-3.12860,0.00000,-2.50000,0.00000,309.00000,0.00000,89.99978,0.00000,210.00000,0.00000,89.99978,0.00000,0.00000,2.00000,1.00000,14.02490,85.90672,9.79918,3.00000,10940.00000,
516.43243,220.31654,218.81395,0.00000,13.21623,14.21623,2.33678,39.13473,-1.74973,47.50124,5.15232,4935.75098,3908.34253,0.00000,4925.83447,47.50000,5.00000,11145.00000,11300.00000,3.00000,11300.00000,11710.00000,3.00000,3.00000,1.00000,188.10013,148.88661,14.04875,2.50000,0.00000,3.00000,2.00000,36.01508,-3.13467,0.00000,-2.50000,0.00000,309.00000,0.00000,89.99978,0.00000,210.00000,0.00000,89.99978,0.00000,0.00000,2.00000,1.00000,14.04875,85.91744,9.81464,3.00000,10940.00000,
517.43518,221.31927,219.81668,0.00000,13.21650,14.21650,2.33706,39.13894,-1.74984,47.50159,5.15277,4945.73242,3918.35010,0.00000,4935.82275,47.50000,5.00000,11145.00000,11300.00000,3.00000,11300.00000,11710.00000,3.00000,3.00000,1.00000,188.16060,148.94466,14.07269,2.50000,0.00000,3.00000,2.00000,36.01271,-3.14006,0.00000,-2.50000,0.00000,309.00000,0.00000,89.99978,0.00000,210.00000,0.00000,89.99978,0.00000,0.00000,2.00000,1.00000,14.07269,85.93138,9.82919,3.00000,10940.00000,
518.44122,222.32530,220.82272,0.00000,13.21678,14.21678,2.33733,39.14298,-1.74996,47.50195,5.15323,4955.74707,3928.08984,0.00000,4945.83984,47.50000,5.00000,11145.00000,11300.00000,3.00000,11300.00000,11710.00000,3.00000,3.00000,1.00000,188.22137,149.00262,14.09670,2.50000,0.00000,3.00000,2.00000,36.01049,-3.14535,0.00000,-2.50000,0.00000,309.00000,0.00000,89.99978,0.00000,210.00000,0.00000,89.99978,0.00000,0.00000,2.00000,1.00000,14.09670,85.90268,9.84279,3.00000,10940.00000,
519.44568,223.32979,221.82719,0.00000,13.21706,14.21706,2.33761,39.14717,-1.75007,47.50230,5.15368,4965.74561,3936.39990,0.00000,4955.83789,47.50000,5.00000,11145.00000,11300.00000,3.00000,11300.00000,11710.00000,3.00000,3.00000,1.00000,188.28178,149.06070,14.12068,2.50000,0.00000,3.00000,2.00000,36.00836,-3.15030,0.00000,-2.50000,0.00000,309.00000,0.00000,89.99978,0.00000,210.00000,0.00000,89.99978,0.00000,0.00000,2.00000,1.00000,14.12068,85.96175,9.86004,3.00000,10940.00000,
520.44269,224.33365,222.83107,0.00000,13.21734,14.21734,2.33789,39.15119,-1.75018,47.50265,5.15414,4975.73779,3944.70410,0.00000,4965.82813,47.50000,5.00000,11145.00000,11300.00000,3.00000,11300.00000,11710.00000,3.00000,3.00000,1.00000,188.34207,149.11861,14.14466,2.50000,0.00000,3.00000,2.00000,36.00621,-3.15507,0.00000,-2.50000,0.00000,309.00000,0.00000,89.99978,0.00000,210.00000,0.00000,89.99978,0.00000,0.00000,2.00000,1.00000,14.14466,85.93181,9.86688,3.00000,10940.00000,
521.44592,225.34499,223.84241,0.00000,13.21762,14.21762,2.33817,39.15512,-1.75029,47.50301,5.15460,4985.80420,3953.06934,0.00000,4975.89258,47.50000,5.00000,11145.00000,11300.00000,3.00000,11300.00000,11710.00000,3.00000,3.00000,1.00000,188.40259,149.17705,14.16882,2.50000,0.00000,3.00000,2.00000,36.00405,-3.15950,0.00000,-2.50000,0.00000,309.00000,0.00000,89.99978,0.00000,210.00000,0.00000,89.99978,0.00000,0.00000,2.00000,1.00000,14.16882,86.04308,9.88047,3.00000,10940.00000,
522.44604,226.34512,224.84253,0.00000,13.21790,14.21790,2.33845,39.15868,-1.75041,47.50336,5.15505,4995.75879,3961.34106,0.00000,4985.84570,47.50000,5.00000,11145.00000,11300.00000,3.00000,11300.00000,11710.00000,3.00000,3.00000,1.00000,188.46199,149.23477,14.19272,2.50000,0.00000,3.00000,2.00000,36.00183,-3.16376,0.00000,-2.50000,0.00000,309.00000,0.00000,89.99978,0.00000,210.00000,0.00000,89.99978,0.00000,0.00000,2.00000,1.00000,14.19272,86.17152,9.89470,3.00000,10940.00000,
523.44470,227.34380,225.84122,0.00000,13.21818,14.21818,2.33873,39.16185,-1.75052,47.50370,5.15550,5005.69922,3969.59961,0.00000,4995.78516,47.50000,5.00000,11145.00000,11300.00000,3.00000,11300.00000,11710.00000,3.00000,3.00000,1.00000,188.52129,149.29210,14.21660,2.50000,0.00000,3.00000,2.00000,35.99964,-3.16798,0.00000,-2.50000,0.00000,309.00000,0.00000,89.99978,0.00000,210.00000,0.00000,89.99978,0.00000,0.00000,2.00000,1.00000,14.21660,86.07045,9.90571,3.00000,10940.00000,
524.44586,228.34496,226.84236,0.00000,13.21846,14.21846,2.33901,39.16504,-1.75063,47.50406,5.15596,5015.66357,3980.05176,0.00000,5005.76074,47.50000,5.00000,11145.00000,11300.00000,3.00000,11300.00000,11710.00000,3.00000,3.00000,1.00000,188.58051,149.34946,14.24054,2.50000,0.00000,3.00000,2.00000,35.99733,-3.17223,0.00000,-2.50000,0.00000,309.00000,0.00000,89.99978,0.00000,210.00000,0.00000,89.99978,0.00000,0.00000,2.00000,1.00000,14.24054,86.16908,9.92014,3.00000,10940.00000,
525.44775,229.34682,227.84422,0.00000,13.21873,14.21873,2.33929,39.16809,-1.75074,47.50441,5.15641,5025.63525,3994.12012,0.00000,5015.72363,47.50000,5.00000,11145.00000,11300.00000,3.00000,11300.00000,11710.00000,3.00000,3.00000,1.00000,188.63951,149.40686,14.26450,2.50000,0.00000,3.00000,2.00000,35.99515,-3.17635,0.00000,-2.50000,0.00000,309.00000,0.00000,89.99978,0.00000,210.00000,0.00000,89.99978,0.00000,0.00000,2.00000,1.00000,14.26450,86.17332,9.93310,3.00000,10940.00000,
526.45715,230.36388,228.86130,0.00000,13.21902,14.21902,2.33957,39.17100,-1.75086,47.50476,5.15687,5035.75781,4011.43286,0.00000,5025.85059,47.50000,5.00000,11145.00000,11300.00000,3.00000,11300.00000,11710.00000,3.00000,3.00000,1.00000,188.69907,149.46484,14.28884,2.50000,0.00000,3.00000,2.00000,35.99293,-3.18036,0.00000,-2.50000,0.00000,309.00000,0.00000,89.99978,0.00000,210.00000,0.00000,89.99978,0.00000,0.00000,2.00000,1.00000,14.28884,86.19102,9.94801,3.00000,10940.00000,
527.46399,231.37560,229.87300,0.00000,13.21930,14.21930,2.33985,39.17372,-1.75097,47.50512,5.15733,5045.82715,4028.64990,0.00000,5035.91357,47.50000,5.00000,11145.00000,11300.00000,3.00000,11300.00000,11710.00000,3.00000,3.00000,1.00000,188.75798,149.52261,14.31305,2.50000,0.00000,3.00000,2.00000,35.99076,-3.18422,0.00000,-2.50000,0.00000,309.00000,0.00000,89.99978,0.00000,210.00000,0.00000,89.99978,0.00000,0.00000,2.00000,1.00000,14.31305,86.11279,9.96671,3.00000,10940.00000,
528.46167,232.38470,230.88213,0.00000,13.21958,14.21958,2.34013,39.17577,-1.75108,47.50547,5.15779,5055.87012,4045.81958,0.00000,5045.96045,47.50000,5.00000,11145.00000,11300.00000,3.00000,11300.00000,11710.00000,3.00000,3.00000,1.00000,188.81667,149.58012,14.33721,2.50000,0.00000,3.00000,2.00000,35.98856,-3.18790,0.00000,-2.50000,0.00000,309.00000,0.00000,89.99978,0.00000,210.00000,0.00000,89.99978,0.00000,0.00000,2.00000,1.00000,14.33721,86.18690,9.97861,3.00000,10940.00000,
529.46680,233.38977,231.88719,0.00000,13.21986,14.21986,2.34041,39.17773,-1.75119,47.50582,5.15824,5065.87256,4062.91650,0.00000,5055.95996,47.50000,5.00000,11145.00000,11300.00000,3.00000,11300.00000,11710.00000,3.00000,3.00000,1.00000,188.87517,149.63718,14.36128,2.50000,0.00000,3.00000,2.00000,35.98632,-3.19150,0.00000,-2.50000,0.00000,309.00000,0.00000,89.99978,0.00000,210.00000,0.00000,89.99978,0.00000,0.00000,2.00000,1.00000,14.36128,86.24785,9.99981,3.00000,10940.00000,
530.46191,234.38495,232.88237,0.00000,13.22013,14.22013,2.34068,39.17970,-1.75130,47.50617,5.15869,5075.77637,4079.84131,0.00000,5065.87061,47.50000,5.00000,11145.00000,11300.00000,3.00000,11300.00000,11710.00000,3.00000,3.00000,1.00000,188.93292,149.69356,14.38511,2.50000,0.00000,3.00000,2.00000,35.98410,-3.19506,0.00000,-2.50000,0.00000,309.00000,0.00000,89.99978,0.00000,210.00000,0.00000,89.99978,0.00000,0.00000,2.00000,1.00000,14.38511,86.12455,10.01022,3.00000,10940.00000,
531.46100,235.39162,233.88902,0.00000,13.22041,14.22041,2.34096,39.18192,-1.75142,47.50652,5.15915,5085.79492,4096.95801,0.00000,5075.89990,47.50000,5.00000,11145.00000,11300.00000,3.00000,11300.00000,11710.00000,3.00000,3.00000,1.00000,188.99083,149.75099,14.40924,2.50000,0.00000,3.00000,2.00000,35.98179,-3.19806,0.00000,-2.50000,0.00000,309.00000,0.00000,89.99978,0.00000,210.00000,0.00000,89.99978,0.00000,0.00000,2.00000,1.00000,14.40924,86.25134,10.02053,3.00000,10940.00000,
532.46271,236.39328,234.89070,0.00000,13.22069,14.22069,2.34124,39.18364,-1.75153,47.50687,5.15960,5095.76318,4113.98633,0.00000,5085.86670,47.50000,5.00000,11145.00000,11300.00000,3.00000,11300.00000,11710.00000,3.00000,3.00000,1.00000,189.04831,149.80789,14.43324,2.50000,0.00000,3.00000,2.00000,35.97953,-3.20123,0.00000,-2.50000,0.00000,309.00000,0.00000,89.99978,0.00000,210.00000,0.00000,89.99978,0.00000,0.00000,2.00000,1.00000,14.43324,86.31995,10.03763,3.00000,10940.00000,
533.45459,237.39020,235.88760,0.00000,13.22097,14.22097,2.34152,39.18539,-1.75164,47.50722,5.16005,5105.68359,4130.92969,0.00000,5095.78174,47.50000,5.00000,11145.00000,11300.00000,3.00000,11300.00000,11710.00000,3.00000,3.00000,1.00000,189.10544,149.86388,14.45714,2.50000,0.00000,3.00000,2.00000,35.97737,-3.20467,0.00000,-2.50000,0.00000,309.00000,0.00000,89.99978,0.00000,210.00000,0.00000,89.99978,0.00000,0.00000,2.00000,1.00000,14.45714,86.38416,10.04237,3.00000,10940.00000,
534.45355,238.38918,236.88660,0.00000,13.22125,14.22125,2.34180,39.18731,-1.75175,47.50757,5.16050,5115.62500,4153.22559,0.00000,5105.71631,47.50000,5.00000,11145.00000,11300.00000,3.00000,11300.00000,11710.00000,3.00000,3.00000,1.00000,189.16255,149.91975,14.48109,2.50000,0.00000,3.00000,2.00000,35.97523,-3.20802,0.00000,-2.50000,0.00000,309.00000,0.00000,89.99978,0.00000,210.00000,0.00000,89.99978,0.00000,0.00000,2.00000,1.00000,14.48109,86.35062,10.05783,3.00000,10940.00000,
535.45789,239.39917,237.89659,0.00000,13.22153,14.22153,2.34208,39.18930,-1.75186,47.50792,5.16096,5125.67578,4165.79346,0.00000,5115.76465,47.50000,5.00000,11145.00000,11300.00000,3.00000,11300.00000,11710.00000,3.00000,3.00000,1.00000,189.21985,149.97615,14.50531,2.50000,0.00000,3.00000,2.00000,35.97302,-3.21142,0.00000,-2.50000,0.00000,309.00000,0.00000,89.99978,0.00000,210.00000,0.00000,89.99978,0.00000,0.00000,2.00000,1.00000,14.50531,86.38571,10.07647,3.00000,10940.00000,
536.45276,240.39406,238.89146,0.00000,13.22180,14.22180,2.34235,39.19122,-1.75197,47.50827,5.16140,5135.57617,4175.39404,0.00000,5125.66602,47.50000,5.00000,11145.00000,11300.00000,3.00000,11300.00000,11710.00000,3.00000,3.00000,1.00000,189.27611,150.03151,14.52918,2.50000,0.00000,3.00000,2.00000,35.97081,-3.21470,0.00000,-2.50000,0.00000,309.00000,0.00000,89.99978,0.00000,210.00000,0.00000,89.99978,0.00000,0.00000,2.00000,1.00000,14.52918,86.37235,10.09271,3.00000,10940.00000,
537.44812,241.38942,239.88684,0.00000,13.22208,14.22208,2.34263,39.19313,-1.75208,47.50862,5.16185,5145.48096,4184.99707,0.00000,5135.57080,47.50000,5.00000,11145.00000,11300.00000,3.00000,11300.00000,11710.00000,3.00000,3.00000,1.00000,189.33228,150.08681,14.55306,2.50000,0.00000,3.00000,2.00000,35.96857,-3.21800,0.00000,-2.50000,0.00000,309.00000,0.00000,89.99978,0.00000,210.00000,0.00000,89.99978,0.00000,0.00000,2.00000,1.00000,14.55306,86.43132,10.10031,3.00000,10940.00000,
538.45062,242.39194,240.88936,0.00000,13.22236,14.22236,2.34291,39.19503,-1.75220,47.50897,5.16231,5155.45703,4194.66797,0.00000,5145.54199,47.50000,5.00000,11145.00000,11300.00000,3.00000,11300.00000,11710.00000,3.00000,3.00000,1.00000,189.38853,150.14235,14.57712,2.50000,0.00000,3.00000,2.00000,35.96632,-3.22125,0.00000,-2.50000,0.00000,309.00000,0.00000,89.99978,0.00000,210.00000,0.00000,89.99978,0.00000,0.00000,2.00000,1.00000,14.57712,86.40344,10.11914,3.00000,10940.00000,
539.45050,243.39813,241.89555,0.00000,13.22264,14.22264,2.34319,39.19663,-1.75231,47.50932,5.16276,5165.46924,4214.30566,0.00000,5155.55713,47.50000,5.00000,11145.00000,11300.00000,3.00000,11300.00000,11710.00000,3.00000,3.00000,1.00000,189.44476,150.19789,14.60127,2.50000,0.00000,3.00000,2.00000,35.96413,-3.22435,0.00000,-2.50000,0.00000,309.00000,0.00000,89.99978,0.00000,210.00000,0.00000,89.99978,0.00000,0.00000,2.00000,1.00000,14.60127,86.41822,10.13682,3.00000,10940.00000,
540.45361,244.40128,242.89870,0.00000,13.22292,14.22292,2.34347,39.19815,-1.75242,47.50967,5.16321,5175.45068,4233.24023,0.00000,5165.53906,47.50000,5.00000,11145.00000,11300.00000,3.00000,11300.00000,11710.00000,3.00000,3.00000,1.00000,189.50063,150.25322,14.62537,2.50000,0.00000,3.00000,2.00000,35.96185,-3.22741,0.00000,-2.50000,0.00000,309.00000,0.00000,89.99978,0.00000,210.00000,0.00000,89.99978,0.00000,0.00000,2.00000,1.00000,14.62537,86.54903,10.14294,3.00000,10940.00000,
541.43311,245.38077,243.87819,0.00000,13.22319,14.22319,2.34374,39.19941,-1.75253,47.51001,5.16365,5185.19678,4241.89307,0.00000,5175.29102,47.50000,5.00000,11145.00000,11300.00000,3.00000,11300.00000,11710.00000,3.00000,3.00000,1.00000,189.55502,150.30708,14.64888,2.50000,0.00000,3.00000,2.00000,35.95959,-3.23038,0.00000,-2.50000,0.00000,309.00000,0.00000,89.99978,0.00000,210.00000,0.00000,89.99978,0.00000,0.00000,2.00000,1.00000,14.64888,86.48104,10.16234,3.00000,10940.00000,
542.44299,246.39067,244.88808,0.00000,13.22347,14.22347,2.34402,39.20066,-1.75264,47.51036,5.16411,5195.24512,4259.39697,0.00000,5185.33398,47.50000,5.00000,11145.00000,11300.00000,3.00000,11300.00000,11710.00000,3.00000,3.00000,1.00000,189.61096,150.36229,14.67314,2.50000,0.00000,3.00000,2.00000,35.95740,-3.23344,0.00000,-2.50000,0.00000,309.00000,0.00000,89.99978,0.00000,210.00000,0.00000,89.99978,0.00000,0.00000,2.00000,1.00000,14.67314,86.45079,10.18193,3.00000,10940.00000,
543.44312,247.39079,245.88820,0.00000,13.22375,14.22375,2.34430,39.20181,-1.75275,47.51071,5.16456,5205.19629,4278.58203,0.00000,5195.28613,47.50000,5.00000,11145.00000,11300.00000,3.00000,11300.00000,11710.00000,3.00000,3.00000,1.00000,189.66608,150.41653,14.69717,2.50000,0.00000,3.00000,2.00000,35.95517,-3.23654,0.00000,-2.50000,0.00000,309.00000,0.00000,89.99978,0.00000,210.00000,0.00000,89.99978,0.00000,0.00000,2.00000,1.00000,14.69717,86.48613,10.19429,3.00000,10940.00000,
544.44855,248.39618,246.89360,0.00000,13.22403,14.22403,2.34458,39.20317,-1.75286,47.51106,5.16501,5215.19971,4297.86328,0.00000,5205.29150,47.50000,5.00000,11145.00000,11300.00000,3.00000,11300.00000,11710.00000,3.00000,3.00000,1.00000,189.72124,150.47110,14.72133,2.50000,0.00000,3.00000,2.00000,35.95289,-3.23967,0.00000,-2.50000,0.00000,309.00000,0.00000,89.99978,0.00000,210.00000,0.00000,89.99978,0.00000,0.00000,2.00000,1.00000,14.72133,86.51353,10.20558,3.00000,10940.00000,
545.45044,249.39810,247.89551,0.00000,13.22430,14.22430,2.34485,39.20452,-1.75298,47.51141,5.16546,5225.16797,4317.07373,0.00000,5215.25879,47.50000,5.00000,11145.00000,11300.00000,3.00000,11300.00000,11710.00000,3.00000,3.00000,1.00000,189.77612,150.52525,14.74541,2.50000,0.00000,3.00000,2.00000,35.95072,-3.24279,0.00000,-2.50000,0.00000,309.00000,0.00000,89.99978,0.00000,210.00000,0.00000,89.99978,0.00000,0.00000,2.00000,1.00000,14.74541,86.53953,10.22705,3.00000,10940.00000,
546.44708,250.39470,248.89212,0.00000,13.22458,14.22458,2.34513,39.20599,-1.75309,47.51175,5.16591,5235.08350,4336.17676,0.00000,5225.17480,47.50000,5.00000,11145.00000,11300.00000,3.00000,11300.00000,11710.00000,3.00000,3.00000,1.00000,189.83049,150.57896,14.76937,2.50000,0.00000,3.00000,2.00000,35.94844,-3.24591,0.00000,-2.50000,0.00000,309.00000,0.00000,89.99978,0.00000,210.00000,0.00000,89.99978,0.00000,0.00000,2.00000,1.00000,14.76937,86.56913,10.23669,3.00000,10940.00000,
547.44684,251.40073,249.89815,0.00000,13.22486,14.22486,2.34541,39.20728,-1.75320,47.51210,5.16636,5245.09277,4355.45557,0.00000,5235.18799,47.50000,5.00000,11145.00000,11300.00000,3.00000,11300.00000,11710.00000,3.00000,3.00000,1.00000,189.88506,150.63318,14.79356,2.50000,0.00000,3.00000,2.00000,35.94620,-3.24898,0.00000,-2.50000,0.00000,309.00000,0.00000,89.99978,0.00000,210.00000,0.00000,89.99978,0.00000,0.00000,2.00000,1.00000,14.79356,86.54325,10.25233,3.00000,10940.00000,
548.45258,252.40648,250.90390,0.00000,13.22514,14.22514,2.34569,39.20862,-1.75331,47.51245,5.16682,5255.09912,4374.72510,0.00000,5245.19141,47.50000,5.00000,11145.00000,11300.00000,3.00000,11300.00000,11710.00000,3.00000,3.00000,1.00000,189.93962,150.68701,14.81775,2.50000,0.00000,3.00000,2.00000,35.94386,-3.25205,0.00000,-2.50000,0.00000,309.00000,0.00000,89.99978,0.00000,210.00000,0.00000,89.99978,0.00000,0.00000,2.00000,1.00000,14.81775,86.51060,10.26416,3.00000,10940.00000,
549.45782,253.41174,251.90916,0.00000,13.22542,14.22542,2.34597,39.20985,-1.75342,47.51280,5.16727,5265.10010,4392.37646,0.00000,5255.19531,47.50000,5.00000,11145.00000,11300.00000,3.00000,11300.00000,11710.00000,3.00000,3.00000,1.00000,189.99428,150.74127,14.84193,2.50000,0.00000,3.00000,2.00000,35.94160,-3.25503,0.00000,-2.50000,0.00000,309.00000,0.00000,89.99978,0.00000,210.00000,0.00000,89.99978,0.00000,0.00000,2.00000,1.00000,14.84193,86.61843,10.28238,3.00000,10940.00000,
550.46136,254.41530,252.91270,0.00000,13.22570,14.22570,2.34625,39.21122,-1.75353,47.51315,5.16772,5275.08447,4399.79932,0.00000,5265.18994,47.50000,5.00000,11145.00000,11300.00000,3.00000,11300.00000,11710.00000,3.00000,3.00000,1.00000,190.04797,150.79474,14.86607,2.50000,0.00000,3.00000,2.00000,35.93927,-3.25800,0.00000,-2.50000,0.00000,309.00000,0.00000,89.99978,0.00000,210.00000,0.00000,89.99978,0.00000,0.00000,2.00000,1.00000,14.86607,86.61517,10.29283,3.00000,10940.00000,
551.45898,255.42181,253.91924,0.00000,13.22598,14.22598,2.34653,39.21222,-1.75364,47.51350,5.16817,5285.09766,4407.24365,0.00000,5275.19678,47.50000,5.00000,11145.00000,11300.00000,3.00000,11300.00000,11710.00000,3.00000,3.00000,1.00000,190.10217,150.84834,14.89029,2.50000,0.00000,3.00000,2.00000,35.93709,-3.26089,0.00000,-2.50000,0.00000,309.00000,0.00000,89.99978,0.00000,210.00000,0.00000,89.99978,0.00000,0.00000,2.00000,1.00000,14.89029,86.59871,10.31127,3.00000,10940.00000,
552.46161,256.42438,254.92181,0.00000,13.22626,14.22626,2.34681,39.21360,-1.75376,47.51385,5.16862,5295.07178,4414.65869,0.00000,5285.17090,47.50000,5.00000,11145.00000,11300.00000,3.00000,11300.00000,11710.00000,3.00000,3.00000,1.00000,190.15569,150.90160,14.91442,2.50000,0.00000,3.00000,2.00000,35.93476,-3.26383,0.00000,-2.50000,0.00000,309.00000,0.00000,89.99978,0.00000,210.00000,0.00000,89.99978,0.00000,0.00000,2.00000,1.00000,14.91442,86.50513,10.33026,3.00000,10940.00000,
553.46527,257.43396,255.93138,0.00000,13.22654,14.22654,2.34709,39.21470,-1.75387,47.51420,5.16907,5305.11523,4422.12402,0.00000,5295.20996,47.50000,5.00000,11145.00000,11300.00000,3.00000,11300.00000,11710.00000,3.00000,3.00000,1.00000,190.20940,150.95488,14.93872,2.50000,0.00000,3.00000,2.00000,35.93254,-3.26665,0.00000,-2.50000,0.00000,309.00000,0.00000,89.99978,0.00000,210.00000,0.00000,89.99978,0.00000,0.00000,2.00000,1.00000,14.93872,86.70861,10.33931,3.00000,10940.00000,
554.46411,258.45166,256.94907,0.00000,13.22682,14.22682,2.34737,39.21578,-1.75398,47.51455,5.16953,5315.23975,4427.72998,1.00000,5305.33789,47.50000,5.00000,11145.00000,11300.00000,3.00000,11300.00000,11710.00000,3.00000,3.00000,1.00000,190.26332,151.00829,14.96322,2.50000,0.00000,3.00000,2.00000,35.93032,-3.26947,0.00000,-2.50000,0.00000,309.00000,0.00000,89.99978,0.00000,210.00000,0.00000,89.99978,0.00000,0.00000,2.00000,1.00000,14.96322,86.65973,10.35523,3.00000,10940.00000,
555.45996,259.45392,257.95132,0.00000,13.22710,14.22710,2.34765,39.21680,-1.75409,47.51490,5.16998,5325.20996,4429.56885,1.00000,5315.30371,47.50000,5.00000,11145.00000,11300.00000,3.00000,11300.00000,11710.00000,3.00000,3.00000,1.00000,190.31630,151.06107,14.98735,2.50000,0.00000,3.00000,2.00000,35.92812,-3.27218,0.00000,-2.50000,0.00000,309.00000,0.00000,89.99978,0.00000,210.00000,0.00000,89.99978,0.00000,0.00000,2.00000,1.00000,14.98735,86.69915,10.37086,3.00000,10940.00000,
556.46167,260.46228,258.95969,0.00000,13.22738,14.22738,2.34793,39.21778,-1.75420,47.51525,5.17043,5335.24121,4431.42090,1.00000,5325.33691,47.50000,5.00000,11145.00000,11300.00000,3.00000,11300.00000,11710.00000,3.00000,3.00000,1.00000,190.36931,151.11407,15.01163,2.50000,0.00000,3.00000,2.00000,35.92583,-3.27484,0.00000,-2.50000,0.00000,309.00000,0.00000,89.99978,0.00000,210.00000,0.00000,89.99978,0.00000,0.00000,2.00000,1.00000,15.01163,86.67564,10.39017,3.00000,10940.00000,
557.46307,261.47440,259.97180,0.00000,13.22766,14.22766,2.34821,39.21873,-1.75432,47.51560,5.17089,5345.30957,4433.28125,1.00000,5335.40381,47.50000,5.00000,11145.00000,11300.00000,3.00000,11300.00000,11710.00000,3.00000,3.00000,1.00000,190.42232,151.16687,15.03601,2.50000,0.00000,3.00000,2.00000,35.92351,-3.27753,0.00000,-2.50000,0.00000,309.00000,0.00000,89.99978,0.00000,210.00000,0.00000,89.99978,0.00000,0.00000,2.00000,1.00000,15.03601,86.80901,10.39927,3.00000,10940.00000,
558.46234,262.48080,260.97821,0.00000,13.22794,14.22794,2.34849,39.21958,-1.75443,47.51595,5.17134,5355.32080,4435.13281,1.00000,5345.41943,47.50000,5.00000,11145.00000,11300.00000,3.00000,11300.00000,11710.00000,3.00000,3.00000,1.00000,190.47482,151.21906,15.06026,2.50000,0.00000,3.00000,2.00000,35.92125,-3.28023,0.00000,-2.50000,0.00000,309.00000,0.00000,89.99978,0.00000,210.00000,0.00000,89.99978,0.00000,0.00000,2.00000,1.00000,15.06026,86.78630,10.41836,3.00000,10940.00000,
559.46234,263.48077,261.97821,0.00000,13.22822,14.22822,2.34877,39.22050,-1.75454,47.51629,5.17178,5365.26807,4440.68945,1.00000,5355.36133,47.50000,5.00000,11145.00000,11300.00000,3.00000,11300.00000,11710.00000,3.00000,3.00000,1.00000,190.52708,151.27101,15.08434,2.50000,0.00000,3.00000,2.00000,35.91898,-3.28287,0.00000,-2.50000,0.00000,309.00000,0.00000,89.99978,0.00000,210.00000,0.00000,89.99978,0.00000,0.00000,2.00000,1.00000,15.08434,86.77189,10.43105,3.00000,10940.00000,
560.46271,264.48691,262.98431,0.00000,13.22849,14.22849,2.34905,39.22107,-1.75465,47.51664,5.17223,5375.27637,4449.06836,1.00000,5365.36768,47.50000,5.00000,11145.00000,11300.00000,3.00000,11300.00000,11710.00000,3.00000,3.00000,1.00000,190.57919,151.32298,15.10859,2.50000,0.00000,3.00000,2.00000,35.91668,-3.28559,0.00000,-2.50000,0.00000,309.00000,0.00000,89.99978,0.00000,210.00000,0.00000,89.99978,0.00000,0.00000,2.00000,1.00000,15.10859,86.73020,10.45021,3.00000,10940.00000,
561.46692,265.49109,263.98853,0.00000,13.22877,14.22877,2.34933,39.22181,-1.75476,47.51699,5.17268,5385.26514,4457.80664,1.00000,5375.36084,47.50000,5.00000,11145.00000,11300.00000,3.00000,11300.00000,11710.00000,3.00000,3.00000,1.00000,190.63129,151.37482,15.13279,2.50000,0.00000,3.00000,2.00000,35.91445,-3.28831,0.00000,-2.50000,0.00000,309.00000,0.00000,89.99978,0.00000,210.00000,0.00000,89.99978,0.00000,0.00000,2.00000,1.00000,15.13279,86.76305,10.45767,3.00000,10940.00000,
562.46503,266.48923,264.98663,0.00000,13.22905,14.22905,2.34960,39.22262,-1.75487,47.51733,5.17313,5395.19287,4469.76611,1.00000,5385.28467,47.50000,5.00000,11145.00000,11300.00000,3.00000,11300.00000,11710.00000,3.00000,3.00000,1.00000,190.68257,151.42570,15.15684,2.50000,0.00000,3.00000,2.00000,35.91219,-3.29109,0.00000,-2.50000,0.00000,309.00000,0.00000,89.99978,0.00000,210.00000,0.00000,89.99978,0.00000,0.00000,2.00000,1.00000,15.15684,86.71672,10.48059,3.00000,10940.00000,
563.46149,267.48569,265.98312,0.00000,13.22933,14.22933,2.34988,39.22355,-1.75498,47.51768,5.17358,5405.10498,4481.77344,1.00000,5395.19629,47.50000,5.00000,11145.00000,11300.00000,3.00000,11300.00000,11710.00000,3.00000,3.00000,1.00000,190.73380,151.47655,15.18086,2.50000,0.00000,3.00000,2.00000,35.90996,-3.29387,0.00000,-2.50000,0.00000,309.00000,0.00000,89.99978,0.00000,210.00000,0.00000,89.99978,0.00000,0.00000,2.00000,1.00000,15.18086,86.82006,10.48996,3.00000,10940.00000,
564.46680,268.49100,266.98843,0.00000,13.22961,14.22961,2.35016,39.22439,-1.75509,47.51802,5.17403,5415.10449,4504.91895,1.00000,5405.19873,47.50000,5.00000,11145.00000,11300.00000,3.00000,11300.00000,11710.00000,3.00000,3.00000,1.00000,190.78506,151.52745,15.20510,2.50000,0.00000,3.00000,2.00000,35.90762,-3.29668,0.00000,-2.50000,0.00000,309.00000,0.00000,89.99978,0.00000,210.00000,0.00000,89.99978,0.00000,0.00000,2.00000,1.00000,15.20510,86.76105,10.51064,3.00000,10940.00000,
565.46997,269.49414,267.99158,0.00000,13.22989,14.22989,2.35044,39.22525,-1.75520,47.51837,5.17447,5425.08203,4530.86523,1.00000,5415.17773,47.50000,5.00000,11145.00000,11300.00000,3.00000,11300.00000,11710.00000,3.00000,3.00000,1.00000,190.83629,151.57832,15.22928,2.50000,0.00000,3.00000,2.00000,35.90538,-3.29944,0.00000,-2.50000,0.00000,309.00000,0.00000,89.99978,0.00000,210.00000,0.00000,89.99978,0.00000,0.00000,2.00000,1.00000,15.22928,86.86642,10.52106,3.00000,10940.00000,
566.46991,270.49850,268.99591,0.00000,13.23016,14.23016,2.35072,39.22612,-1.75531,47.51872,5.17492,5435.07129,4553.46436,1.00000,5425.16504,47.50000,5.00000,11145.00000,11300.00000,3.00000,11300.00000,11710.00000,3.00000,3.00000,1.00000,190.88724,151.62912,15.25350,2.50000,0.00000,3.00000,2.00000,35.90311,-3.30206,0.00000,-2.50000,0.00000,309.00000,0.00000,89.99978,0.00000,210.00000,0.00000,89.99978,0.00000,0.00000,2.00000,1.00000,15.25350,86.75073,10.54381,3.00000,10940.00000,
567.46674,271.50269,270.00009,0.00000,13.23044,14.23044,2.35100,39.22688,-1.75542,47.51907,5.17537,5445.05908,4572.05762,1.00000,5435.15332,47.50000,5.00000,11145.00000,11300.00000,3.00000,11300.00000,11710.00000,3.00000,3.00000,1.00000,190.93773,151.67941,15.27772,2.50000,0.00000,3.00000,2.00000,35.90087,-3.30466,0.00000,-2.50000,0.00000,309.00000,0.00000,89.99978,0.00000,210.00000,0.00000,89.99978,0.00000,0.00000,2.00000,1.00000,15.27772,86.81406,10.55597,3.00000,10940.00000,
568.46094,272.50656,271.00397,0.00000,13.23072,14.23072,2.35127,39.22780,-1.75553,47.51941,5.17582,5455.04346,4585.39404,1.00000,5445.13574,47.50000,5.00000,11145.00000,11300.00000,3.00000,11300.00000,11710.00000,3.00000,3.00000,1.00000,190.98813,151.72954,15.30193,2.50000,0.00000,3.00000,2.00000,35.89860,-3.30726,0.00000,-2.50000,0.00000,309.00000,0.00000,89.99978,0.00000,210.00000,0.00000,89.99978,0.00000,0.00000,2.00000,1.00000,15.30193,86.82904,10.56441,3.00000,10940.00000,
569.46161,273.50720,272.00464,0.00000,13.23100,14.23100,2.35155,39.22873,-1.75564,47.51976,5.17627,5464.99609,4598.68408,1.00000,5455.09277,47.50000,5.00000,11145.00000,11300.00000,3.00000,11300.00000,11710.00000,3.00000,3.00000,1.00000,191.03828,151.77928,15.32606,2.50000,0.00000,3.00000,2.00000,35.89631,-3.30991,0.00000,-2.50000,0.00000,309.00000,0.00000,89.99978,0.00000,210.00000,0.00000,89.99978,0.00000,0.00000,2.00000,1.00000,15.32606,86.79911,10.58682,3.00000,10940.00000,
570.46637,274.52142,273.01883,0.00000,13.23128,14.23128,2.35183,39.22947,-1.75576,47.52010,5.17672,5475.08301,4612.15186,1.00000,5465.17969,47.50000,5.00000,11145.00000,11300.00000,3.00000,11300.00000,11710.00000,3.00000,3.00000,1.00000,191.08911,151.82968,15.35053,2.50000,0.00000,3.00000,2.00000,35.89397,-3.31256,0.00000,-2.50000,0.00000,309.00000,0.00000,89.99978,0.00000,210.00000,0.00000,89.99978,0.00000,0.00000,2.00000,1.00000,15.35053,86.87342,10.59529,3.00000,10940.00000,
571.46283,275.51785,274.01526,0.00000,13.23156,14.23156,2.35211,39.23008,-1.75587,47.52045,5.17716,5484.99316,4623.74219,1.00000,5475.09912,47.50000,5.00000,11145.00000,11300.00000,3.00000,11300.00000,11710.00000,3.00000,3.00000,1.00000,191.13911,151.87968,15.37457,2.50000,0.00000,3.00000,2.00000,35.89169,-3.31513,0.00000,-2.50000,0.00000,309.00000,0.00000,89.99978,0.00000,210.00000,0.00000,89.99978,0.00000,0.00000,2.00000,1.00000,15.37457,86.92981,10.61891,3.00000,10940.00000,
572.46112,276.52600,275.02341,0.00000,13.23184,14.23184,2.35239,39.23056,-1.75598,47.52079,5.17761,5495.01904,4634.74609,1.00000,5485.11621,47.50000,5.00000,11145.00000,11300.00000,3.00000,11300.00000,11710.00000,3.00000,3.00000,1.00000,191.18924,151.92981,15.39889,2.50000,0.00000,3.00000,2.00000,35.88946,-3.31765,0.00000,-2.50000,0.00000,309.00000,0.00000,89.99978,0.00000,210.00000,0.00000,89.99978,0.00000,0.00000,2.00000,1.00000,15.39889,86.84177,10.63291,3.00000,10940.00000,
573.45654,277.52753,276.02493,0.00000,13.23212,14.23212,2.35267,39.23101,-1.75609,47.52114,5.17806,5504.97949,4645.13916,1.00000,5495.07520,47.50000,5.00000,11145.00000,11300.00000,3.00000,11300.00000,11710.00000,3.00000,3.00000,1.00000,191.23901,151.97966,15.42305,2.50000,0.00000,3.00000,2.00000,35.88720,-3.32009,0.00000,-2.50000,0.00000,309.00000,0.00000,89.99978,0.00000,210.00000,0.00000,89.99978,0.00000,0.00000,2.00000,1.00000,15.42305,86.76004,10.65517,3.00000,10940.00000,
574.46161,278.53671,277.03412,0.00000,13.23240,14.23240,2.35295,39.23127,-1.75620,47.52149,5.17851,5515.01611,4655.60986,1.00000,5505.10986,47.50000,5.00000,11145.00000,11300.00000,3.00000,11300.00000,11710.00000,3.00000,3.00000,1.00000,191.28914,152.02983,15.44741,2.50000,0.00000,3.00000,2.00000,35.88488,-3.32251,0.00000,-2.50000,0.00000,309.00000,0.00000,89.99978,0.00000,210.00000,0.00000,89.99978,0.00000,0.00000,2.00000,1.00000,15.44741,86.83305,10.66702,3.00000,10940.00000,
575.46771,279.54285,278.04028,0.00000,13.23268,14.23268,2.35323,39.23141,-1.75631,47.52183,5.17896,5525.02148,4666.04736,1.00000,5515.11670,47.50000,5.00000,11145.00000,11300.00000,3.00000,11300.00000,11710.00000,3.00000,3.00000,1.00000,191.33882,152.07973,15.47169,2.50000,0.00000,3.00000,2.00000,35.88258,-3.32497,0.00000,-2.50000,0.00000,309.00000,0.00000,89.99978,0.00000,210.00000,0.00000,89.99978,0.00000,0.00000,2.00000,1.00000,15.47169,86.85913,10.68482,3.00000,10940.00000,
576.46844,280.55157,279.04898,0.00000,13.23296,14.23296,2.35351,39.23162,-1.75642,47.52218,5.17940,5535.05273,4676.58887,1.00000,5525.15723,47.50000,5.00000,11145.00000,11300.00000,3.00000,11300.00000,11710.00000,3.00000,3.00000,1.00000,191.38834,152.12944,15.49603,2.50000,0.00000,3.00000,2.00000,35.88027,-3.32740,0.00000,-2.50000,0.00000,309.00000,0.00000,89.99978,0.00000,210.00000,0.00000,89.99978,0.00000,0.00000,2.00000,1.00000,15.49603,86.96978,10.69635,3.00000,10940.00000,
577.46716,281.55032,280.04773,0.00000,13.23323,14.23323,2.35379,39.23190,-1.75653,47.52252,5.17985,5544.98486,4688.15723,1.00000,5535.07959,47.50000,5.00000,11145.00000,11300.00000,3.00000,11300.00000,11710.00000,3.00000,3.00000,1.00000,191.43713,152.17841,15.52014,2.50000,0.00000,3.00000,2.00000,35.87796,-3.32985,0.00000,-2.50000,0.00000,309.00000,0.00000,89.99978,0.00000,210.00000,0.00000,89.99978,0.00000,0.00000,2.00000,1.00000,15.52014,86.87633,10.70897,3.00000,10940.00000,
578.46509,282.54825,281.04565,0.00000,13.23351,14.23351,2.35406,39.23227,-1.75664,47.52287,5.18029,5554.90820,4695.63477,0.00000,5545.00244,47.50000,5.00000,11145.00000,11300.00000,3.00000,11300.00000,11710.00000,3.00000,3.00000,1.00000,191.48561,152.22687,15.54422,2.50000,0.00000,3.00000,2.00000,35.87572,-3.33234,0.00000,-2.50000,0.00000,309.00000,0.00000,89.99978,0.00000,210.00000,0.00000,89.99978,0.00000,0.00000,2.00000,1.00000,15.54422,86.93888,10.73132,3.00000,10940.00000,
579.47009,283.55319,282.05063,0.00000,13.23379,14.23379,2.35434,39.23254,-1.75675,47.52321,5.18074,5564.90186,4707.05615,0.00000,5554.99512,47.50000,5.00000,11145.00000,11300.00000,3.00000,11300.00000,11710.00000,3.00000,3.00000,1.00000,191.53436,152.27574,15.56848,2.50000,0.00000,3.00000,2.00000,35.87342,-3.33482,0.00000,-2.50000,0.00000,309.00000,0.00000,89.99978,0.00000,210.00000,0.00000,89.99978,0.00000,0.00000,2.00000,1.00000,15.56848,86.78860,10.75509,3.00000,10940.00000,
580.46765,284.56274,283.06015,0.00000,13.23407,14.23407,2.35462,39.23301,-1.75686,47.52356,5.18119,5574.94092,4715.44922,0.00000,5565.04248,47.50000,5.00000,11145.00000,11300.00000,3.00000,11300.00000,11710.00000,3.00000,3.00000,1.00000,191.58319,152.32457,15.59285,2.50000,0.00000,3.00000,2.00000,35.87111,-3.33734,0.00000,-2.50000,0.00000,309.00000,0.00000,89.99978,0.00000,210.00000,0.00000,89.99978,0.00000,0.00000,2.00000,1.00000,15.59285,86.96883,10.76204,3.00000,10940.00000,
581.46442,285.55948,284.05688,0.00000,13.23435,14.23435,2.35490,39.23358,-1.75697,47.52390,5.18163,5584.85254,4723.01807,0.00000,5574.95166,47.50000,5.00000,11145.00000,11300.00000,3.00000,11300.00000,11710.00000,3.00000,3.00000,1.00000,191.63109,152.37239,15.61692,2.50000,0.00000,3.00000,2.00000,35.86883,-3.33983,0.00000,-2.50000,0.00000,309.00000,0.00000,89.99978,0.00000,210.00000,0.00000,89.99978,0.00000,0.00000,2.00000,1.00000,15.61692,86.98570,10.77993,3.00000,10940.00000,
582.46954,286.56461,285.06201,0.00000,13.23463,14.23463,2.35518,39.23426,-1.75708,47.52424,5.18208,5594.84766,4730.55078,0.00000,5584.94629,47.50000,5.00000,11145.00000,11300.00000,3.00000,11300.00000,11710.00000,3.00000,3.00000,1.00000,191.67932,152.42035,15.64118,2.50000,0.00000,3.00000,2.00000,35.86651,-3.34243,0.00000,-2.50000,0.00000,309.00000,0.00000,89.99978,0.00000,210.00000,0.00000,89.99978,0.00000,0.00000,2.00000,1.00000,15.64118,86.92255,10.79475,3.00000,10940.00000,
583.46503,287.56552,286.06296,0.00000,13.23491,14.23491,2.35546,39.23494,-1.75719,47.52459,5.18252,5604.80078,4732.87598,0.00000,5594.90234,47.50000,5.00000,11145.00000,11300.00000,3.00000,11300.00000,11710.00000,3.00000,3.00000,1.00000,191.72670,152.46751,15.66535,2.50000,0.00000,3.00000,2.00000,35.86423,-3.34503,0.00000,-2.50000,0.00000,309.00000,0.00000,89.99978,0.00000,210.00000,0.00000,89.99978,0.00000,0.00000,2.00000,1.00000,15.66535,86.90553,10.80850,3.00000,10940.00000,
584.45844,288.56427,287.06168,0.00000,13.23518,14.23518,2.35573,39.23588,-1.75730,47.52493,5.18296,5614.73193,4731.29199,0.00000,5604.83301,47.50000,5.00000,11145.00000,11300.00000,3.00000,11300.00000,11710.00000,3.00000,3.00000,1.00000,191.77473,152.51527,15.68946,2.50000,0.00000,3.00000,2.00000,35.86193,-3.34759,0.00000,-2.50000,0.00000,309.00000,0.00000,89.99978,0.00000,210.00000,0.00000,89.99978,0.00000,0.00000,2.00000,1.00000,15.68946,86.94928,10.82556,3.00000,10940.00000,
585.46069,289.56653,288.06393,0.00000,13.23546,14.23546,2.35601,39.23666,-1.75741,47.52527,5.18341,5624.69775,4729.70508,0.00000,5614.79932,47.50000,5.00000,11145.00000,11300.00000,3.00000,11300.00000,11710.00000,3.00000,3.00000,1.00000,191.82202,152.56227,15.71366,2.50000,0.00000,3.00000,2.00000,35.85965,-3.35020,0.00000,-2.50000,0.00000,309.00000,0.00000,89.99978,0.00000,210.00000,0.00000,89.99978,0.00000,0.00000,2.00000,1.00000,15.71366,86.92736,10.84512,3.00000,10940.00000,
586.47003,290.58047,289.07788,0.00000,13.23574,14.23574,2.35629,39.23755,-1.75752,47.52562,5.18386,5634.78027,4728.10303,0.00000,5624.87646,47.50000,5.00000,11145.00000,11300.00000,3.00000,11300.00000,11710.00000,3.00000,3.00000,1.00000,191.87012,152.61037,15.73815,2.50000,0.00000,3.00000,2.00000,35.85733,-3.35282,0.00000,-2.50000,0.00000,309.00000,0.00000,89.99978,0.00000,210.00000,0.00000,89.99978,0.00000,0.00000,2.00000,1.00000,15.73815,87.03954,10.86142,3.00000,10940.00000,
587.47247,291.58292,290.08035,0.00000,13.23602,14.23602,2.35657,39.23823,-1.75763,47.52596,5.18430,5644.74756,4727.09326,0.00000,5634.84277,47.50000,5.00000,11145.00000,11300.00000,3.00000,11300.00000,11710.00000,3.00000,3.00000,1.00000,191.91719,152.65723,15.76235,2.50000,0.00000,3.00000,2.00000,35.85503,-3.35538,0.00000,-2.50000,0.00000,309.00000,0.00000,89.99978,0.00000,210.00000,0.00000,89.99978,0.00000,0.00000,2.00000,1.00000,15.76235,86.98167,10.88061,3.00000,10940.00000,
588.46906,292.57953,291.07693,0.00000,13.23630,14.23630,2.35685,39.23886,-1.75774,47.52630,5.18474,5654.65674,4729.31055,0.00000,5644.75781,47.50000,5.00000,11145.00000,11300.00000,3.00000,11300.00000,11710.00000,3.00000,3.00000,1.00000,191.96416,152.70418,15.78641,2.50000,0.00000,3.00000,2.00000,35.85274,-3.35793,0.00000,-2.50000,0.00000,309.00000,0.00000,89.99978,0.00000,210.00000,0.00000,89.99978,0.00000,0.00000,2.00000,1.00000,15.78641,86.76484,10.90049,3.00000,10940.00000,
589.47131,293.58710,292.08450,0.00000,13.23658,14.23658,2.35713,39.23921,-1.75785,47.52665,5.18519,5664.67432,4733.86133,0.00000,5654.77686,47.50000,5.00000,11145.00000,11300.00000,3.00000,11300.00000,11710.00000,3.00000,3.00000,1.00000,192.01122,152.75113,15.81075,2.50000,0.00000,3.00000,2.00000,35.85043,-3.36046,0.00000,-2.50000,0.00000,309.00000,0.00000,89.99978,0.00000,210.00000,0.00000,89.99978,0.00000,0.00000,2.00000,1.00000,15.81075,86.85783,10.91353,3.00000,10940.00000,
590.47461,294.59039,293.08780,0.00000,13.23686,14.23686,2.35741,39.23995,-1.75796,47.52699,5.18564,5674.64893,4741.82764,0.00000,5664.74805,47.50000,5.00000,11145.00000,11300.00000,3.00000,11300.00000,11710.00000,3.00000,3.00000,1.00000,192.05803,152.79778,15.83498,2.50000,0.00000,3.00000,2.00000,35.84809,-3.36298,0.00000,-2.50000,0.00000,309.00000,0.00000,89.99978,0.00000,210.00000,0.00000,89.99978,0.00000,0.00000,2.00000,1.00000,15.83498,86.96906,10.92731,3.00000,10940.00000,
591.47308,295.58884,294.08627,0.00000,13.23713,14.23713,2.35769,39.24053,-1.75807,47.52733,5.18608,5684.57568,4749.75537,0.00000,5674.67627,47.50000,5.00000,11145.00000,11300.00000,3.00000,11300.00000,11710.00000,3.00000,3.00000,1.00000,192.10445,152.84416,15.85909,2.50000,0.00000,3.00000,2.00000,35.84581,-3.36543,0.00000,-2.50000,0.00000,309.00000,0.00000,89.99978,0.00000,210.00000,0.00000,89.99978,0.00000,0.00000,2.00000,1.00000,15.85909,86.84145,10.94488,3.00000,10940.00000,
592.46893,296.58472,295.08212,0.00000,13.23741,14.23741,2.35796,39.24077,-1.75818,47.52767,5.18652,5694.47705,4763.34277,0.00000,5684.57813,47.50000,5.00000,11145.00000,11300.00000,3.00000,11300.00000,11710.00000,3.00000,3.00000,1.00000,192.15076,152.89050,15.88314,2.50000,0.00000,3.00000,2.00000,35.84355,-3.36790,0.00000,-2.50000,0.00000,309.00000,0.00000,89.99978,0.00000,210.00000,0.00000,89.99978,0.00000,0.00000,2.00000,1.00000,15.88314,86.81553,10.96386,3.00000,10940.00000,
593.46686,297.58261,296.08005,0.00000,13.23769,14.23769,2.35824,39.24098,-1.75829,47.52801,5.18696,5704.39844,4778.69092,0.00000,5694.49414,47.50000,5.00000,11145.00000,11300.00000,3.00000,11300.00000,11710.00000,3.00000,3.00000,1.00000,192.19673,152.93642,15.90724,2.50000,0.00000,3.00000,2.00000,35.84129,-3.37036,0.00000,-2.50000,0.00000,309.00000,0.00000,89.99978,0.00000,210.00000,0.00000,89.99978,0.00000,0.00000,2.00000,1.00000,15.90724,87.01129,10.97484,3.00000,10940.00000,
594.47107,298.59344,297.09085,0.00000,13.23797,14.23797,2.35852,39.24132,-1.75840,47.52836,5.18741,5714.44775,4794.23486,0.00000,5704.54688,47.50000,5.00000,11145.00000,11300.00000,3.00000,11300.00000,11710.00000,3.00000,3.00000,1.00000,192.24316,152.98286,15.93165,2.50000,0.00000,3.00000,2.00000,35.83900,-3.37280,0.00000,-2.50000,0.00000,309.00000,0.00000,89.99978,0.00000,210.00000,0.00000,89.99978,0.00000,0.00000,2.00000,1.00000,15.93165,86.95615,10.98913,3.00000,10940.00000,
595.46881,299.59119,298.08862,0.00000,13.23825,14.23825,2.35880,39.24167,-1.75851,47.52870,5.18785,5724.36768,4809.57422,0.00000,5714.47119,47.50000,5.00000,11145.00000,11300.00000,3.00000,11300.00000,11710.00000,3.00000,3.00000,1.00000,192.28908,153.02882,15.95575,2.50000,0.00000,3.00000,2.00000,35.83667,-3.37528,0.00000,-2.50000,0.00000,309.00000,0.00000,89.99978,0.00000,210.00000,0.00000,89.99978,0.00000,0.00000,2.00000,1.00000,15.95575,87.03683,11.00929,3.00000,10940.00000,
596.46387,300.58624,299.08365,0.00000,13.23852,14.23852,2.35907,39.24207,-1.75862,47.52904,5.18829,5734.25977,4825.82910,0.00000,5724.36133,47.50000,5.00000,11145.00000,11300.00000,3.00000,11300.00000,11710.00000,3.00000,3.00000,1.00000,192.33440,153.07394,15.97978,2.50000,0.00000,3.00000,2.00000,35.83436,-3.37774,0.00000,-2.50000,0.00000,309.00000,0.00000,89.99978,0.00000,210.00000,0.00000,89.99978,0.00000,0.00000,2.00000,1.00000,15.97978,86.96251,11.02456,3.00000,10940.00000,
597.45911,301.60547,300.10287,0.00000,13.23881,14.23881,2.35936,39.24135,-1.75873,47.52938,5.18874,5744.39258,4842.95459,0.00000,5734.49365,47.50000,5.00000,11145.00000,11300.00000,3.00000,11300.00000,11710.00000,3.00000,3.00000,1.00000,192.38081,153.11684,16.00439,2.50000,0.00000,3.00000,2.00000,35.83200,-3.38397,0.00000,-2.50000,0.00000,309.00000,0.00000,89.99978,0.00000,210.00000,0.00000,89.99978,0.00000,0.00000,2.00000,1.00000,16.00439,87.04852,11.03971,3.00000,10940.00000,
598.45880,302.61093,301.10834,0.00000,13.23909,14.23909,2.35964,39.24385,-1.75884,47.52973,5.18918,5754.38818,4859.84521,0.00000,5744.48389,47.50000,5.00000,11145.00000,11300.00000,3.00000,11300.00000,11710.00000,3.00000,3.00000,1.00000,192.42636,153.15800,16.02868,2.50000,0.00000,3.00000,2.00000,35.82969,-3.39096,0.00000,-2.50000,0.00000,309.00000,0.00000,89.99978,0.00000,210.00000,0.00000,89.99978,0.00000,0.00000,2.00000,1.00000,16.02868,86.97459,11.05963,3.00000,10940.00000,
599.45361,303.61920,302.11664,0.00000,13.23936,14.23936,2.35992,39.24831,-1.75895,47.53007,5.18962,5764.41162,4876.77930,0.00000,5754.51367,47.50000,5.00000,11145.00000,11300.00000,3.00000,11300.00000,11710.00000,3.00000,3.00000,1.00000,192.47205,153.20300,16.05303,2.50000,0.00000,3.00000,2.00000,35.82729,-3.39429,0.00000,-2.50000,0.00000,309.00000,0.00000,89.99978,0.00000,210.00000,0.00000,89.99978,0.00000,0.00000,2.00000,1.00000,16.05303,87.00041,11.07495,3.00000,10940.00000,
600.45258,304.64209,303.13950,0.00000,13.23965,14.23965,2.36020,39.25080,-1.75906,47.53042,5.19007,5774.58057,4890.93896,0.00000,5764.69189,47.50000,5.00000,11145.00000,11300.00000,3.00000,11300.00000,11710.00000,3.00000,3.00000,1.00000,192.51845,153.24745,16.07773,2.50000,0.00000,3.00000,2.00000,35.82490,-3.39861,0.00000,-2.50000,0.00000,309.00000,0.00000,89.99978,0.00000,210.00000,0.00000,89.99978,0.00000,0.00000,2.00000,1.00000,16.07773,86.92101,11.09198,3.00000,10940.00000,
601.45392,305.64874,304.14615,0.00000,13.23993,14.23993,2.36048,39.25354,-1.75917,47.53076,5.19052,5784.58789,4902.06104,0.00000,5774.69434,47.50000,5.00000,11145.00000,11300.00000,3.00000,11300.00000,11710.00000,3.00000,3.00000,1.00000,192.56377,153.29233,16.10203,2.50000,0.00000,3.00000,2.00000,35.82264,-3.40169,0.00000,-2.50000,0.00000,309.00000,0.00000,89.99978,0.00000,210.00000,0.00000,89.99978,0.00000,0.00000,2.00000,1.00000,16.10203,86.91461,11.12109,3.00000,10940.00000,
602.45972,306.65454,305.15198,0.00000,13.24021,14.24021,2.36076,39.25534,-1.75928,47.53110,5.19096,5794.58691,4913.17188,0.00000,5784.68652,47.50000,5.00000,11145.00000,11300.00000,3.00000,11300.00000,11710.00000,3.00000,3.00000,1.00000,192.60872,153.33664,16.12632,2.50000,0.00000,3.00000,2.00000,35.82031,-3.40489,0.00000,-2.50000,0.00000,309.00000,0.00000,89.99978,0.00000,210.00000,0.00000,89.99978,0.00000,0.00000,2.00000,1.00000,16.12632,86.92899,11.12911,3.00000,10940.00000,
603.46246,307.66251,306.15991,0.00000,13.24049,14.24049,2.36104,39.25685,-1.75939,47.53144,5.19141,5804.60693,4922.92285,0.00000,5794.70703,47.50000,5.00000,11145.00000,11300.00000,3.00000,11300.00000,11710.00000,3.00000,3.00000,1.00000,192.65413,153.38145,16.15066,2.50000,0.00000,3.00000,2.00000,35.81797,-3.40786,0.00000,-2.50000,0.00000,309.00000,0.00000,89.99978,0.00000,210.00000,0.00000,89.99978,0.00000,0.00000,2.00000,1.00000,16.15066,86.96741,11.14775,3.00000,10940.00000,
604.46552,308.67139,307.16882,0.00000,13.24077,14.24077,2.36132,39.25795,-1.75950,47.53179,5.19185,5814.63574,4932.18652,0.00000,5804.73389,47.50000,5.00000,11145.00000,11300.00000,3.00000,11300.00000,11710.00000,3.00000,3.00000,1.00000,192.69928,153.42645,16.17502,2.50000,0.00000,3.00000,2.00000,35.81565,-3.41071,0.00000,-2.50000,0.00000,309.00000,0.00000,89.99978,0.00000,210.00000,0.00000,89.99978,0.00000,0.00000,2.00000,1.00000,16.17502,86.77393,11.16756,3.00000,10940.00000,
605.46613,309.67200,308.16940,0.00000,13.24105,14.24105,2.36160,39.25912,-1.75961,47.53213,5.19229,5824.58203,4941.37256,0.00000,5814.68652,47.50000,5.00000,11145.00000,11300.00000,3.00000,11300.00000,11710.00000,3.00000,3.00000,1.00000,192.74339,153.47031,16.19918,2.50000,0.00000,3.00000,2.00000,35.81331,-3.41343,0.00000,-2.50000,0.00000,309.00000,0.00000,89.99978,0.00000,210.00000,0.00000,89.99978,0.00000,0.00000,2.00000,1.00000,16.19918,86.90646,11.18230,3.00000,10940.00000,
606.46320,310.67542,309.17285,0.00000,13.24133,14.24133,2.36188,39.26025,-1.75972,47.53247,5.19273,5834.55664,4945.52490,0.00000,5824.66260,47.50000,5.00000,11145.00000,11300.00000,3.00000,11300.00000,11710.00000,3.00000,3.00000,1.00000,192.78766,153.51430,16.22340,2.50000,0.00000,3.00000,2.00000,35.81099,-3.41623,0.00000,-2.50000,0.00000,309.00000,0.00000,89.99978,0.00000,210.00000,0.00000,89.99978,0.00000,0.00000,2.00000,1.00000,16.22340,86.80457,11.20289,3.00000,10940.00000,
607.46393,311.67615,310.17355,0.00000,13.24160,14.24160,2.36215,39.26140,-1.75982,47.53281,5.19317,5844.50391,4949.18213,0.00000,5834.61182,47.50000,5.00000,11145.00000,11300.00000,3.00000,11300.00000,11710.00000,3.00000,3.00000,1.00000,192.83160,153.55792,16.24757,2.50000,0.00000,3.00000,2.00000,35.80863,-3.41903,0.00000,-2.50000,0.00000,309.00000,0.00000,89.99978,0.00000,210.00000,0.00000,89.99978,0.00000,0.00000,2.00000,1.00000,16.24757,86.87139,11.21290,3.00000,10940.00000,
608.46802,312.68762,311.18503,0.00000,13.24188,14.24188,2.36244,39.26072,-1.75993,47.53315,5.19361,5854.55811,4952.88037,0.00000,5844.66553,47.50000,5.00000,11145.00000,11300.00000,3.00000,11300.00000,11710.00000,3.00000,3.00000,1.00000,192.87582,153.60181,16.27199,2.50000,0.00000,3.00000,2.00000,35.80629,-3.42180,0.00000,-2.50000,0.00000,309.00000,0.00000,89.99978,0.00000,210.00000,0.00000,89.99978,0.00000,0.00000,2.00000,1.00000,16.27199,86.90462,11.22943,3.00000,10940.00000,
609.46906,313.69455,312.19196,0.00000,13.24216,14.24216,2.36272,38.99991,-1.76004,47.53349,5.19406,5864.05957,4957.02686,0.00000,5854.60156,47.50000,5.00000,11145.00000,11300.00000,3.00000,11300.00000,11710.00000,3.00000,3.00000,1.00000,192.92009,153.65701,16.29630,2.50000,0.00000,3.00000,2.00000,35.80394,-3.41293,0.00000,-2.50000,0.00000,309.00000,0.00000,89.99978,0.00000,210.00000,0.00000,89.99978,0.00000,0.00000,2.00000,1.00000,16.29630,86.97507,11.24361,3.00000,10940.00000,
610.46704,314.69943,313.19687,0.00000,13.24244,14.24244,2.36299,38.57815,-1.76015,47.53383,5.19450,5871.99023,4959.82275,0.00000,5863.81934,47.50000,5.00000,11145.00000,11300.00000,3.00000,11300.00000,11710.00000,3.00000,3.00000,1.00000,192.96390,153.71196,16.32061,2.50000,0.00000,3.00000,2.00000,35.80162,-3.40435,0.00000,-2.50000,0.00000,309.00000,0.00000,89.99978,0.00000,210.00000,0.00000,89.99978,0.00000,0.00000,2.00000,1.00000,16.32061,87.15337,11.23578,3.00000,10940.00000,
611.46674,315.70624,314.20367,0.00000,13.24272,14.24272,2.36327,38.15588,-1.76026,47.53418,5.19494,5878.28955,4960.95654,0.00000,5871.66895,47.50000,5.00000,11145.00000,11300.00000,3.00000,11300.00000,11710.00000,3.00000,3.00000,1.00000,193.00771,153.75874,16.34504,2.50000,0.00000,3.00000,2.00000,35.79927,-3.40371,0.00000,-2.50000,0.00000,309.00000,0.00000,89.99978,0.00000,210.00000,0.00000,89.99978,0.00000,0.00000,2.00000,1.00000,16.34504,87.48344,11.20550,3.00000,10940.00000,
612.47205,316.71622,315.21365,0.00000,13.24300,14.24300,2.36355,37.90650,-1.76037,47.53452,5.19539,5883.59961,4961.05908,0.00000,5878.08936,47.50000,5.00000,11145.00000,11300.00000,3.00000,11300.00000,11710.00000,3.00000,3.00000,1.00000,193.05170,153.80086,16.36967,2.50000,0.00000,3.00000,2.00000,35.79685,-3.40809,0.00000,-2.50000,0.00000,309.00000,0.00000,89.99978,0.00000,210.00000,0.00000,89.99978,0.00000,0.00000,2.00000,1.00000,16.36967,87.90003,11.17000,3.00000,10940.00000,
613.47498,317.71915,316.21655,0.00000,13.24328,14.24328,2.36383,37.82595,-1.76049,47.53487,5.19584,5888.57568,4960.73535,0.00000,5883.51855,47.50000,5.00000,11145.00000,11300.00000,3.00000,11300.00000,11710.00000,3.00000,3.00000,1.00000,193.09541,153.83969,16.39427,2.50000,0.00000,3.00000,2.00000,35.79454,-3.41528,0.00000,-2.50000,0.00000,309.00000,0.00000,89.99978,0.00000,210.00000,0.00000,89.99978,0.00000,0.00000,2.00000,1.00000,16.39427,88.45859,11.11871,3.00000,10940.00000,
614.47699,318.72116,317.21857,0.00000,13.24356,14.24356,2.36411,37.84497,-1.76060,47.53522,5.19629,5893.59668,4961.03027,0.00000,5888.59229,47.50000,5.00000,11145.00000,11300.00000,3.00000,11300.00000,11710.00000,3.00000,3.00000,1.00000,193.13950,153.87901,16.41896,2.50000,0.00000,3.00000,2.00000,35.79216,-3.42217,0.00000,-2.50000,0.00000,309.00000,0.00000,89.99978,0.00000,210.00000,0.00000,89.99978,0.00000,0.00000,2.00000,1.00000,16.41896,88.95908,11.07922,3.00000,10940.00000,
615.48169,319.73062,318.22806,0.00000,13.24384,14.24384,2.36439,37.90300,-1.76071,47.53557,5.19675,5898.79639,4967.24707,0.00000,5893.69434,47.50000,5.00000,11145.00000,11300.00000,3.00000,11300.00000,11710.00000,3.00000,3.00000,1.00000,193.18387,153.91829,16.44396,2.50000,0.00000,3.00000,2.00000,35.78975,-3.42949,0.00000,-2.50000,0.00000,309.00000,0.00000,89.99978,0.00000,210.00000,0.00000,89.99978,0.00000,0.00000,2.00000,1.00000,16.44396,89.33863,11.04910,3.00000,10940.00000,
616.48218,320.73114,319.22855,0.00000,13.24412,14.24412,2.36467,37.96568,-1.76082,47.53592,5.19720,5904.06738,4973.11572,0.00000,5898.85400,47.50000,5.00000,11145.00000,11300.00000,3.00000,11300.00000,11710.00000,3.00000,3.00000,1.00000,193.22771,153.95802,16.46886,2.50000,0.00000,3.00000,2.00000,35.78737,-3.43640,0.00000,-2.50000,0.00000,309.00000,0.00000,89.99978,0.00000,210.00000,0.00000,89.99978,0.00000,0.00000,2.00000,1.00000,16.46886,89.76526,11.00788,3.00000,10940.00000,
617.47925,321.72818,320.22559,0.00000,13.24440,14.24440,2.36495,38.02013,-1.76093,47.53627,5.19765,5909.38672,4978.58203,0.00000,5904.09326,47.50000,5.00000,11145.00000,11300.00000,3.00000,11300.00000,11710.00000,3.00000,3.00000,1.00000,193.27138,153.99721,16.49377,2.50000,0.00000,3.00000,2.00000,35.78495,-3.44308,0.00000,-2.50000,0.00000,309.00000,0.00000,89.99978,0.00000,210.00000,0.00000,89.99978,0.00000,0.00000,2.00000,1.00000,16.49377,90.02317,10.97921,3.00000,10940.00000,
618.48212,322.73679,321.23422,0.00000,13.24468,14.24468,2.36523,38.06522,-1.76105,47.53662,5.19811,5914.79541,4984.13867,0.00000,5909.47412,47.50000,5.00000,11145.00000,11300.00000,3.00000,11300.00000,11710.00000,3.00000,3.00000,1.00000,193.31587,154.03764,16.51908,2.50000,0.00000,3.00000,2.00000,35.78257,-3.44968,0.00000,-2.50000,0.00000,309.00000,0.00000,89.99978,0.00000,210.00000,0.00000,89.99978,0.00000,0.00000,2.00000,1.00000,16.51908,90.49788,10.95107,3.00000,10940.00000,
619.47937,323.73837,322.23578,0.00000,13.24495,14.24495,2.36550,38.10249,-1.76116,47.53697,5.19857,5920.16943,4989.65869,0.00000,5914.83398,47.50000,5.00000,11145.00000,11300.00000,3.00000,11300.00000,11710.00000,3.00000,3.00000,1.00000,193.36012,154.07797,16.54432,2.50000,0.00000,3.00000,2.00000,35.78006,-3.45612,0.00000,-2.50000,0.00000,309.00000,0.00000,89.99978,0.00000,210.00000,0.00000,89.99978,0.00000,0.00000,2.00000,1.00000,16.54432,90.90430,10.93125,3.00000,10940.00000,
620.48108,324.74417,323.24158,0.00000,13.24523,14.24523,2.36578,38.03189,-1.76127,47.53733,5.19903,5925.55420,4995.18994,0.00000,5920.22607,47.50000,5.00000,11145.00000,11300.00000,3.00000,11300.00000,11710.00000,3.00000,3.00000,1.00000,193.40427,154.12093,16.56976,2.50000,0.00000,3.00000,2.00000,35.77761,-3.45968,0.00000,-2.50000,0.00000,309.00000,0.00000,89.99978,0.00000,210.00000,0.00000,89.99978,0.00000,0.00000,2.00000,1.00000,16.56976,91.20307,10.90408,3.00000,10940.00000,
621.47705,325.74655,324.24396,0.00000,13.24551,14.24551,2.36606,36.84647,-1.76139,47.53769,5.19949,5930.87500,5001.28613,0.00000,5925.58203,47.50000,5.00000,11145.00000,11300.00000,3.00000,11300.00000,11710.00000,3.00000,3.00000,1.00000,193.44872,154.15825,16.59520,2.50000,0.00000,3.00000,2.00000,35.77507,-3.46880,0.00000,-2.50000,0.00000,309.00000,0.00000,89.99978,0.00000,210.00000,0.00000,89.99978,0.00000,0.00000,2.00000,1.00000,16.59520,91.48160,10.89524,3.00000,10940.00000,
622.47229,326.74179,325.23920,0.00000,13.24579,14.24579,2.36634,33.95533,-1.76150,47.53804,5.19996,5936.03955,5007.19287,0.00000,5930.84717,47.50000,5.00000,11145.00000,11300.00000,3.00000,11300.00000,11710.00000,3.00000,3.00000,1.00000,193.49245,153.93623,16.62046,2.50000,0.00000,3.00000,2.00000,35.77248,-3.73707,0.00000,-2.50000,0.00000,309.00000,0.00000,89.99978,0.00000,210.00000,0.00000,89.99978,0.00000,0.00000,2.00000,1.00000,16.62046,91.18138,10.92968,3.00000,10940.00000,
623.47290,327.74771,326.24515,0.00000,13.24607,14.24607,2.36662,29.66033,-1.76162,47.53839,5.20044,5941.01270,5012.93750,0.00000,5936.04395,47.50000,5.00000,11145.00000,11300.00000,3.00000,11300.00000,11710.00000,3.00000,3.00000,1.00000,193.53799,153.16910,16.64584,2.50000,0.00000,3.00000,2.00000,35.76970,-4.55155,0.00000,-2.50000,0.00000,309.00000,0.00000,89.99978,0.00000,210.00000,0.00000,89.99978,0.00000,0.00000,2.00000,1.00000,16.64584,90.35715,11.02726,3.00000,10940.00000,
624.47064,328.75412,327.25153,0.00000,13.24635,14.24635,2.36690,25.50374,-1.76175,47.53873,5.20094,5945.65527,5018.38623,0.00000,5940.98877,47.50000,5.00000,11145.00000,11300.00000,3.00000,11300.00000,11710.00000,3.00000,3.00000,1.00000,193.58533,151.64394,16.67090,2.50000,0.00000,3.00000,2.00000,35.76625,-6.12555,0.00000,-2.50000,0.00000,309.00000,0.00000,89.99978,0.00000,210.00000,0.00000,89.99978,0.00000,0.00000,2.00000,1.00000,16.67090,89.02462,11.22126,3.00000,10940.00000,
625.47198,329.75549,328.25290,0.00000,13.24662,14.24662,2.36718,23.11622,-1.76188,47.53905,5.20147,5950.04688,5023.62305,0.00000,5945.62451,47.50000,5.00000,11145.00000,11300.00000,3.00000,11300.00000,11710.00000,3.00000,3.00000,1.00000,193.63557,149.45673,16.69527,2.50000,0.00000,3.00000,2.00000,35.76184,-8.36407,0.00000,-2.50000,0.00000,309.00000,0.00000,89.99978,0.00000,210.00000,0.00000,89.99978,0.00000,0.00000,2.00000,1.00000,16.69527,86.81939,11.51695,3.00000,10940.00000,
626.47479,330.75830,329.25571,0.00000,13.24690,14.24690,2.36746,22.80020,-1.76202,47.53936,5.20202,5953.50928,5027.97949,0.00000,5949.90088,47.50000,5.00000,11145.00000,11300.00000,3.00000,11300.00000,11710.00000,3.00000,3.00000,1.00000,193.68954,146.89137,16.71900,2.50000,0.00000,3.00000,2.00000,35.75615,-10.98460,0.00000,-2.50000,0.00000,309.00000,0.00000,89.99978,0.00000,210.00000,0.00000,89.99978,0.00000,0.00000,2.00000,1.00000,16.71900,84.07267,11.88970,3.00000,10940.00000,
627.47198,331.75549,330.25293,0.00000,13.24718,14.24718,2.36773,23.71034,-1.76216,47.53965,5.20259,5955.61475,5031.02295,0.00000,5953.19629,47.50000,5.00000,11145.00000,11300.00000,3.00000,11300.00000,11710.00000,3.00000,3.00000,1.00000,193.74710,144.08444,16.74184,2.50000,0.00000,3.00000,2.00000,35.74911,-13.85124,0.00000,-2.50000,0.00000,309.00000,0.00000,89.99978,0.00000,210.00000,0.00000,89.99978,0.00000,0.00000,2.00000,1.00000,16.74184,81.24258,12.31698,3.00000,10940.00000,
628.47235,332.75586,331.25327,0.00000,13.24746,14.24746,2.36801,25.88284,-1.76231,47.53992,5.20319,5957.08105,5033.47852,0.00000,5955.41797,47.50000,5.00000,11145.00000,11300.00000,3.00000,11300.00000,11710.00000,3.00000,3.00000,1.00000,193.80919,141.11339,16.76391,2.50000,0.00000,3.00000,2.00000,35.74063,-16.88741,0.00000,-2.50000,0.00000,309.00000,0.00000,89.99978,0.00000,210.00000,0.00000,89.99978,0.00000,0.00000,2.00000,1.00000,16.76391,78.15252,12.82089,3.00000,10940.00000,
629.46545,333.75644,332.25388,0.00000,13.24774,14.24774,2.36829,29.17048,-1.76247,47.54017,5.20382,5958.45605,5035.88965,0.00000,5957.02295,47.50000,5.00000,11145.00000,11300.00000,3.00000,11300.00000,11710.00000,3.00000,3.00000,1.00000,193.87549,138.08130,16.78505,2.50000,0.00000,3.00000,2.00000,35.73066,-19.99024,0.00000,-2.50000,0.00000,309.00000,0.00000,89.99978,0.00000,210.00000,0.00000,89.99978,0.00000,0.00000,2.00000,1.00000,16.78505,74.63876,13.43222,3.00000,10940.00000,
630.46338,334.75439,333.25180,0.00000,13.24801,14.24801,2.36856,33.21898,-1.76264,47.54040,5.20446,5959.96143,5038.47168,0.00000,5958.47363,47.50000,5.00000,11145.00000,11300.00000,3.00000,11300.00000,11710.00000,3.00000,3.00000,1.00000,193.94572,135.06775,16.80516,2.50000,0.00000,3.00000,2.00000,35.71918,-23.07990,0.00000,-2.50000,0.00000,309.00000,0.00000,89.99978,0.00000,210.00000,0.00000,89.99978,0.00000,0.00000,2.00000,1.00000,16.80516,71.02473,14.10230,3.00000,10940.00000,
631.45868,335.76147,334.25888,0.00000,13.24829,14.24829,2.36884,38.02459,-1.76281,47.54061,5.20513,5961.65967,5041.29590,0.00000,5960.01514,47.50000,5.00000,11145.00000,11300.00000,3.00000,11300.00000,11710.00000,3.00000,3.00000,1.00000,194.02052,132.06958,16.82438,2.50000,0.00000,3.00000,2.00000,35.70610,-26.16034,0.00000,-2.50000,0.00000,309.00000,0.00000,89.99978,0.00000,210.00000,0.00000,89.99978,0.00000,0.00000,2.00000,1.00000,16.82438,67.18887,14.92259,3.00000,10940.00000,
632.45599,336.76434,335.26178,0.00000,13.24857,14.24857,2.36912,43.37291,-1.76299,47.54079,5.20582,5963.55811,5044.35205,0.00000,5961.72461,47.50000,5.00000,11145.00000,11300.00000,3.00000,11300.00000,11710.00000,3.00000,3.00000,1.00000,194.09892,129.21930,16.84249,2.50000,0.00000,3.00000,2.00000,35.69165,-29.09810,0.00000,-2.50000,0.00000,309.00000,0.00000,89.99978,0.00000,210.00000,0.00000,89.99978,0.00000,0.00000,2.00000,1.00000,16.84249,63.45971,15.82181,3.00000,10940.00000,
633.44971,337.76434,336.26175,0.00000,13.24885,14.24885,2.36940,48.66726,-1.76317,47.54095,5.20652,5965.60254,5047.57861,0.00000,5963.60840,47.50000,5.00000,11145.00000,11300.00000,3.00000,11300.00000,11710.00000,3.00000,3.00000,1.00000,194.18056,126.58588,16.85954,2.50000,0.00000,3.00000,2.00000,35.67592,-31.82393,0.00000,-2.50000,0.00000,309.00000,0.00000,89.99978,0.00000,210.00000,0.00000,89.99978,0.00000,0.00000,2.00000,1.00000,16.85954,59.98283,16.77441,3.00000,10940.00000,
634.45129,338.76590,337.26331,0.00000,13.24913,14.24913,2.36968,53.57823,-1.76335,47.54110,5.20724,5967.71631,5050.93408,0.00000,5965.63965,47.50000,5.00000,11145.00000,11300.00000,3.00000,11300.00000,11710.00000,3.00000,3.00000,1.00000,194.26501,124.15460,16.87565,2.50000,0.00000,3.00000,2.00000,35.65891,-34.35237,0.00000,-2.50000,0.00000,309.00000,0.00000,89.99978,0.00000,210.00000,0.00000,89.99978,0.00000,0.00000,2.00000,1.00000,16.87565,56.48609,17.79222,3.00000,10940.00000,
635.44965,339.76425,338.26169,0.00000,13.24940,14.24940,2.36996,57.74098,-1.76354,47.54123,5.20796,5969.43359,5053.60693,0.00000,5967.66504,47.50000,5.00000,11145.00000,11300.00000,3.00000,11300.00000,11710.00000,3.00000,3.00000,1.00000,194.35176,121.95836,16.89084,2.50000,0.00000,3.00000,2.00000,35.64087,-36.64955,0.00000,-2.50000,0.00000,309.00000,0.00000,89.99978,0.00000,210.00000,0.00000,89.99978,0.00000,0.00000,2.00000,1.00000,16.89084,53.55326,18.83863,3.00000,10940.00000,
636.45367,340.76828,339.26572,0.00000,13.24968,14.24968,2.37024,61.12434,-1.76373,47.54134,5.20870,5970.24219,5054.16797,0.00000,5969.24756,47.50000,5.00000,11145.00000,11300.00000,3.00000,11300.00000,11710.00000,3.00000,3.00000,1.00000,194.44148,119.93061,16.90528,2.50000,0.00000,3.00000,2.00000,35.62173,-38.78254,0.00000,-2.50000,0.00000,309.00000,0.00000,89.99978,0.00000,210.00000,0.00000,89.99978,0.00000,0.00000,2.00000,1.00000,16.90528,50.63579,19.93526,3.00000,10940.00000,
637.45917,341.78085,340.27826,0.00000,13.24997,14.24997,2.37052,64.17438,-1.76392,47.54143,5.20945,5970.36865,5054.29443,0.00000,5970.06738,47.50000,5.00000,11145.00000,11300.00000,3.00000,11300.00000,11710.00000,3.00000,3.00000,1.00000,194.53391,118.01552,16.91902,2.50000,0.00000,3.00000,2.00000,35.60149,-40.80718,0.00000,-2.50000,0.00000,309.00000,0.00000,89.99978,0.00000,210.00000,0.00000,89.99978,0.00000,0.00000,2.00000,1.00000,16.91902,47.73085,21.15639,3.00000,10940.00000,
638.45410,342.78091,341.27832,0.00000,13.25024,14.25024,2.37079,67.08948,-1.76412,47.54151,5.21020,5970.14648,5054.07422,0.00000,5970.24951,47.50000,5.00000,11145.00000,11300.00000,3.00000,11300.00000,11710.00000,3.00000,3.00000,1.00000,194.62740,116.22072,16.93182,2.50000,0.00000,3.00000,2.00000,35.58054,-42.71329,0.00000,-2.50000,0.00000,309.00000,0.00000,89.99978,0.00000,210.00000,0.00000,89.99978,0.00000,0.00000,2.00000,1.00000,16.93182,44.98275,22.47018,3.00000,10940.00000,
639.46002,343.79791,342.29535,0.00000,13.25053,14.25053,2.37108,70.03571,-1.76432,47.54157,5.21097,5969.80762,5056.26270,0.00000,5970.08984,47.50000,5.00000,11145.00000,11300.00000,3.00000,11300.00000,11710.00000,3.00000,3.00000,1.00000,194.72408,114.47668,16.94405,2.50000,0.00000,3.00000,2.00000,35.55844,-44.57345,0.00000,-2.50000,0.00000,309.00000,0.00000,89.99978,0.00000,210.00000,0.00000,89.99978,0.00000,0.00000,2.00000,1.00000,16.94405,42.13337,23.97531,3.00000,10940.00000,
640.46222,344.80008,343.29749,0.00000,13.25080,14.25080,2.37136,72.91114,-1.76452,47.54161,5.21174,5969.48584,5055.70215,0.00000,5969.79980,47.50000,5.00000,11145.00000,11300.00000,3.00000,11300.00000,11710.00000,3.00000,3.00000,1.00000,194.82123,112.82888,16.95536,2.50000,0.00000,3.00000,2.00000,35.53585,-46.33831,0.00000,-2.50000,0.00000,309.00000,0.00000,89.99978,0.00000,210.00000,0.00000,89.99978,0.00000,0.00000,2.00000,1.00000,16.95536,39.45875,25.61255,3.00000,10940.00000,
641.46027,345.80771,344.30511,0.00000,13.25108,14.25108,2.37164,75.73724,-1.76472,47.54165,5.21252,5969.22021,5054.73438,0.00000,5969.49463,47.50000,5.00000,11145.00000,11300.00000,3.00000,11300.00000,11710.00000,3.00000,3.00000,1.00000,194.92043,111.23810,16.96599,2.50000,0.00000,3.00000,2.00000,35.51237,-48.04934,0.00000,-2.50000,0.00000,309.00000,0.00000,89.99978,0.00000,210.00000,0.00000,89.99978,0.00000,0.00000,2.00000,1.00000,16.96599,36.92834,27.43490,3.00000,10940.00000,
642.45697,346.80441,345.30182,0.00000,13.25136,14.25136,2.37191,78.43492,-1.76492,47.54166,5.21329,5969.01709,5054.87598,0.00000,5969.23340,47.50000,5.00000,11145.00000,11300.00000,3.00000,11300.00000,11710.00000,3.00000,3.00000,1.00000,195.01993,109.72780,16.97578,2.50000,0.00000,3.00000,2.00000,35.48843,-49.68092,0.00000,-2.50000,0.00000,309.00000,0.00000,89.99978,0.00000,210.00000,0.00000,89.99978,0.00000,0.00000,2.00000,1.00000,16.97578,34.41578,29.45234,3.00000,10940.00000,
643.46283,347.81021,346.30765,0.00000,13.25164,14.25164,2.37219,81.03462,-1.76513,47.54167,5.21408,5968.85840,5055.08643,0.00000,5969.02686,47.50000,5.00000,11145.00000,11300.00000,3.00000,11300.00000,11710.00000,3.00000,3.00000,1.00000,195.12180,108.26698,16.98496,2.50000,0.00000,3.00000,2.00000,35.46359,-51.26633,0.00000,-2.50000,0.00000,309.00000,0.00000,89.99978,0.00000,210.00000,0.00000,89.99978,0.00000,0.00000,2.00000,1.00000,16.98496,31.95034,31.79691,3.00000,10940.00000,
644.46613,348.81354,347.31097,0.00000,13.25192,14.25192,2.37247,83.52594,-1.76533,47.54166,5.21486,5968.71973,5055.33545,0.00000,5968.86816,47.50000,5.00000,11145.00000,11300.00000,3.00000,11300.00000,11710.00000,3.00000,3.00000,1.00000,195.22475,106.87398,16.99342,2.50000,0.00000,3.00000,2.00000,35.43815,-52.78571,0.00000,-2.50000,0.00000,309.00000,0.00000,89.99978,0.00000,210.00000,0.00000,89.99978,0.00000,0.00000,2.00000,1.00000,16.99342,29.44538,34.36017,3.00000,10940.00000,
645.46832,349.81577,348.31317,0.00000,13.25220,14.25220,2.37275,85.90823,-1.76554,47.54164,5.21565,5968.59668,5055.61914,0.00000,5968.71826,47.50000,5.00000,11145.00000,11300.00000,3.00000,11300.00000,11710.00000,3.00000,3.00000,1.00000,195.32845,105.54605,17.00122,2.50000,0.00000,3.00000,2.00000,35.41221,-54.24166,0.00000,-2.50000,0.00000,309.00000,0.00000,89.99978,0.00000,210.00000,0.00000,89.99978,0.00000,0.00000,2.00000,1.00000,17.00122,27.13954,37.34948,3.00000,10940.00000,
646.47308,350.82047,349.31790,0.00000,13.25248,14.25248,2.37303,88.13644,-1.76575,47.54160,5.21644,5968.48633,5055.82422,0.00000,5968.59961,47.50000,5.00000,11145.00000,11300.00000,3.00000,11300.00000,11710.00000,3.00000,3.00000,1.00000,195.43336,104.27930,17.00839,2.50000,0.00000,3.00000,2.00000,35.38557,-55.63838,0.00000,-2.50000,0.00000,309.00000,0.00000,89.99978,0.00000,210.00000,0.00000,89.99978,0.00000,0.00000,2.00000,1.00000,17.00839,24.70764,40.80539,3.00000,10940.00000,
647.46497,351.81650,350.31390,0.00000,13.25275,14.25275,2.37330,90.17465,-1.76595,47.54155,5.21723,5968.38477,5055.85645,0.00000,5968.49316,47.50000,5.00000,11145.00000,11300.00000,3.00000,11300.00000,11710.00000,3.00000,3.00000,1.00000,195.53844,103.08746,17.01489,2.50000,0.00000,3.00000,2.00000,35.35867,-56.96066,0.00000,-2.50000,0.00000,309.00000,0.00000,89.99978,0.00000,210.00000,0.00000,89.99978,0.00000,0.00000,2.00000,1.00000,17.01489,22.65140,44.63754,3.00000,10940.00000,
648.47052,352.82205,351.31946,0.00000,13.25303,14.25303,2.37358,92.06219,-1.76616,47.54149,5.21802,5968.28467,5055.90869,0.00000,5968.38232,47.50000,5.00000,11145.00000,11300.00000,3.00000,11300.00000,11710.00000,3.00000,3.00000,1.00000,195.64539,101.94831,17.02086,2.50000,0.00000,3.00000,2.00000,35.33104,-58.23291,0.00000,-2.50000,0.00000,309.00000,0.00000,89.99978,0.00000,210.00000,0.00000,89.99978,0.00000,0.00000,2.00000,1.00000,17.02086,20.45518,49.28018,3.00000,10940.00000,
649.46698,353.81848,352.31589,0.00000,13.25331,14.25331,2.37386,93.77503,-1.76637,47.54142,5.21881,5968.18604,5055.97656,0.00000,5968.28857,47.50000,5.00000,11145.00000,11300.00000,3.00000,11300.00000,11710.00000,3.00000,3.00000,1.00000,195.75221,100.88145,17.02624,2.50000,0.00000,3.00000,2.00000,35.30320,-59.43305,0.00000,-2.50000,0.00000,309.00000,0.00000,89.99978,0.00000,210.00000,0.00000,89.99978,0.00000,0.00000,2.00000,1.00000,17.02624,18.48915,54.50971,3.00000,10940.00000,
650.46161,354.81311,353.31055,0.00000,13.25359,14.25359,2.37414,95.33906,-1.76658,47.54134,5.21960,5968.08838,5055.97754,0.00000,5968.18848,47.50000,5.00000,11145.00000,11300.00000,3.00000,11300.00000,11710.00000,3.00000,3.00000,1.00000,195.85924,99.87713,17.03107,2.50000,0.00000,3.00000,2.00000,35.27499,-60.57163,0.00000,-2.50000,0.00000,309.00000,0.00000,89.99978,0.00000,210.00000,0.00000,89.99978,0.00000,0.00000,2.00000,1.00000,17.03107,16.85886,60.18730,3.00000,10940.00000,
651.47144,355.83414,354.33157,0.00000,13.25387,14.25387,2.37442,96.80621,-1.76679,47.54125,5.22041,5967.98779,5057.08887,0.00000,5968.08643,47.50000,5.00000,11145.00000,11300.00000,3.00000,11300.00000,11710.00000,3.00000,3.00000,1.00000,195.97006,98.90682,17.03552,2.50000,0.00000,3.00000,2.00000,35.24557,-61.68097,0.00000,-2.50000,0.00000,309.00000,0.00000,89.99978,0.00000,210.00000,0.00000,89.99978,0.00000,0.00000,2.00000,1.00000,17.03552,14.90501,67.77418,3.00000,10940.00000,
652.47058,356.83325,355.33069,0.00000,13.25415,14.25415,2.37470,98.11827,-1.76700,47.54115,5.22120,5967.88916,5058.19189,0.00000,5967.98340,47.50000,5.00000,11145.00000,11300.00000,3.00000,11300.00000,11710.00000,3.00000,3.00000,1.00000,196.07901,98.01456,17.03939,2.50000,0.00000,3.00000,2.00000,35.21650,-62.71023,0.00000,-2.50000,0.00000,309.00000,0.00000,89.99978,0.00000,210.00000,0.00000,89.99978,0.00000,0.00000,2.00000,1.00000,17.03939,13.24566,75.96229,3.00000,10940.00000,
653.47516,357.83786,356.33527,0.00000,13.25443,14.25443,2.37498,99.32487,-1.76721,47.54105,5.22200,5967.79102,5059.31494,0.00000,5967.88818,47.50000,5.00000,11145.00000,11300.00000,3.00000,11300.00000,11710.00000,3.00000,3.00000,1.00000,196.18892,97.17246,17.04284,2.50000,0.00000,3.00000,2.00000,35.18690,-63.69103,0.00000,-2.50000,0.00000,309.00000,0.00000,89.99978,0.00000,210.00000,0.00000,89.99978,0.00000,0.00000,2.00000,1.00000,17.04284,11.64384,86.49133,3.00000,10940.00000,
654.46820,358.83090,357.32834,0.00000,13.25470,14.25470,2.37525,100.41679,-1.76742,47.54093,5.22279,5967.69434,5060.43896,0.00000,5967.78467,47.50000,5.00000,11145.00000,11300.00000,3.00000,11300.00000,11710.00000,3.00000,3.00000,1.00000,196.29807,96.39169,17.04582,2.50000,0.00000,3.00000,2.00000,35.15730,-64.60975,0.00000,-2.50000,0.00000,309.00000,0.00000,89.99978,0.00000,210.00000,0.00000,89.99978,0.00000,0.00000,2.00000,1.00000,17.04582,10.25655,98.42734,3.00000,10940.00000,
655.46246,359.82516,358.32257,0.00000,13.25498,14.25498,2.37553,101.42010,-1.76763,47.54081,5.22358,5967.60352,5061.58154,0.00000,5967.69629,47.50000,5.00000,11145.00000,11300.00000,3.00000,11300.00000,11710.00000,3.00000,3.00000,1.00000,196.40791,95.65950,17.04841,2.50000,0.00000,3.00000,2.00000,35.12738,-65.48083,0.00000,-2.50000,0.00000,309.00000,0.00000,89.99978,0.00000,210.00000,0.00000,89.99978,0.00000,0.00000,2.00000,1.00000,17.04841,8.82488,113.89029,3.00000,10940.00000,
656.47339,360.83612,359.33353,0.00000,13.25526,14.25526,2.37581,102.35080,-1.76784,47.54067,5.22438,5967.51514,5063.43359,0.00000,5967.60938,47.50000,5.00000,11145.00000,11300.00000,3.00000,11300.00000,11710.00000,3.00000,3.00000,1.00000,196.51987,94.96391,17.05067,2.50000,0.00000,3.00000,2.00000,35.09666,-66.31853,0.00000,-2.50000,0.00000,309.00000,0.00000,89.99978,0.00000,210.00000,0.00000,89.99978,0.00000,0.00000,2.00000,1.00000,17.05067,7.49073,134.37305,3.00000,10940.00000,
657.47479,361.84375,360.34119,0.00000,13.25554,14.25554,2.37609,103.19726,-1.76805,47.54053,5.22518,5967.42627,5067.69678,0.00000,5967.51807,47.50000,5.00000,11145.00000,11300.00000,3.00000,11300.00000,11710.00000,3.00000,3.00000,1.00000,196.63197,94.31754,17.05257,2.50000,0.00000,3.00000,2.00000,35.06578,-67.10722,0.00000,-2.50000,0.00000,309.00000,0.00000,89.99978,0.00000,210.00000,0.00000,89.99978,0.00000,0.00000,2.00000,1.00000,17.05257,6.35266,159.12413,3.00000,10940.00000,
658.47888,362.84781,361.34525,0.00000,13.25582,14.25582,2.37637,103.95968,-1.76826,47.54039,5.22597,5967.33740,5071.88770,1.00000,5967.42725,47.50000,5.00000,11145.00000,11300.00000,3.00000,11300.00000,11710.00000,3.00000,3.00000,1.00000,196.74399,93.71780,17.05413,2.50000,0.00000,3.00000,2.00000,35.03479,-67.84933,0.00000,-2.50000,0.00000,309.00000,0.00000,89.99978,0.00000,210.00000,0.00000,89.99978,0.00000,0.00000,2.00000,1.00000,17.05413,5.17728,195.12213,3.00000,10940.00000,
659.47839,363.84738,362.34479,0.00000,13.25609,14.25609,2.37665,104.63335,-1.76847,47.54023,5.22676,5967.25049,5075.10791,1.00000,5967.33545,47.50000,5.00000,11145.00000,11300.00000,3.00000,11300.00000,11710.00000,3.00000,3.00000,1.00000,196.85565,93.16283,17.05538,2.50000,0.00000,3.00000,2.00000,35.00367,-68.54655,0.00000,-2.50000,0.00000,309.00000,0.00000,89.99978,0.00000,210.00000,0.00000,89.99978,0.00000,0.00000,2.00000,1.00000,17.05538,4.01062,243.22014,3.00000,10940.00000,
660.47626,364.84521,363.34262,0.00000,13.25637,14.25637,2.37692,105.26689,-1.76868,47.54008,5.22755,5967.16748,5077.19141,1.00000,5967.25195,47.50000,5.00000,11145.00000,11300.00000,3.00000,11300.00000,11710.00000,3.00000,3.00000,1.00000,196.96761,92.64854,17.05634,2.50000,0.00000,3.00000,2.00000,34.97240,-69.20340,0.00000,-2.50000,0.00000,309.00000,0.00000,89.99978,0.00000,210.00000,0.00000,89.99978,0.00000,0.00000,2.00000,1.00000,17.05634,3.08496,320.94272,3.00000,10940.00000,
661.49030,365.86853,364.36594,0.00000,13.25666,14.25666,2.37721,105.86713,-1.76889,47.53991,5.22836,5967.08594,5085.01416,1.00000,5967.16846,47.50000,5.00000,11145.00000,11300.00000,3.00000,11300.00000,11710.00000,3.00000,3.00000,1.00000,197.08267,92.16071,17.05705,2.50000,0.00000,3.00000,2.00000,34.94013,-69.83805,0.00000,-2.50000,0.00000,309.00000,0.00000,89.99978,0.00000,210.00000,0.00000,89.99978,0.00000,0.00000,2.00000,1.00000,17.05705,2.30666,454.54062,3.00000,10940.00000,
662.49268,366.87097,365.36838,0.00000,13.25694,14.25694,2.37749,106.40614,-1.76910,47.53974,5.22915,5967.00879,5087.50879,1.00000,5967.08252,47.50000,5.00000,11145.00000,11300.00000,3.00000,11300.00000,11710.00000,3.00000,3.00000,1.00000,197.19565,91.71995,17.05750,2.50000,0.00000,3.00000,2.00000,34.90836,-70.42314,0.00000,-2.50000,0.00000,309.00000,0.00000,89.99978,0.00000,210.00000,0.00000,89.99978,0.00000,0.00000,2.00000,1.00000,17.05750,1.20980,821.62579,3.00000,10940.00000,
663.49475,367.87299,366.37039,0.00000,13.25721,14.25721,2.37776,106.89936,-1.76931,47.53957,5.22994,5966.93457,5087.77734,0.00000,5967.01172,47.50000,5.00000,11145.00000,11300.00000,3.00000,11300.00000,11710.00000,3.00000,3.00000,1.00000,197.30893,91.31430,17.05772,2.50000,0.00000,3.00000,2.00000,34.87637,-70.97350,0.00000,-2.50000,0.00000,309.00000,0.00000,89.99978,0.00000,210.00000,0.00000,89.99978,0.00000,0.00000,2.00000,1.00000,17.05772,0.58005,999.00000,3.00000,10940.00000,
664.49091,368.87994,367.37738,0.00000,13.25749,14.25749,2.37804,107.35246,-1.76952,47.53939,5.23073,5966.86230,5083.06250,0.00000,5966.93262,47.50000,5.00000,11145.00000,11300.00000,3.00000,11300.00000,11710.00000,3.00000,3.00000,1.00000,197.42294,90.94018,17.05775,2.50000,0.00000,3.00000,2.00000,34.84414,-71.49349,0.00000,-2.50000,0.00000,309.00000,0.00000,89.99978,0.00000,210.00000,0.00000,89.99978,0.00000,0.00000,2.00000,1.00000,17.05775,0.19066,999.00000,3.00000,10940.00000,
665.49457,369.88361,368.38101,0.00000,13.25777,14.25777,2.37832,107.76510,-1.76973,47.53920,5.23152,5966.79248,5078.38379,0.00000,5966.86475,47.50000,5.00000,11145.00000,11300.00000,3.00000,11300.00000,11710.00000,3.00000,3.00000,1.00000,197.53665,90.59905,17.05758,2.50000,0.00000,3.00000,2.00000,34.81178,-71.98048,0.00000,-2.50000,0.00000,309.00000,0.00000,89.99978,0.00000,210.00000,0.00000,89.99978,0.00000,0.00000,2.00000,1.00000,17.05758,0.87391,999.00000,3.00000,10940.00000,
666.50067,370.88974,369.38718,0.00000,13.25805,14.25805,2.37860,108.14326,-1.76994,47.53901,5.23231,5966.72412,5075.02344,0.00000,5966.79297,47.50000,5.00000,11145.00000,11300.00000,3.00000,11300.00000,11710.00000,3.00000,3.00000,1.00000,197.65091,90.28719,17.05722,2.50000,0.00000,3.00000,2.00000,34.77924,-72.43877,0.00000,-2.50000,0.00000,309.00000,0.00000,89.99978,0.00000,210.00000,0.00000,89.99978,0.00000,0.00000,2.00000,1.00000,17.05722,1.50853,723.72845,3.00000,10940.00000,
667.50586,371.89490,370.39230,0.00000,13.25833,14.25833,2.37888,108.48883,-1.77015,47.53882,5.23310,5966.65771,5087.70947,0.00000,5966.72656,47.50000,5.00000,11145.00000,11300.00000,3.00000,11300.00000,11710.00000,3.00000,3.00000,1.00000,197.76520,90.00423,17.05672,2.50000,0.00000,3.00000,2.00000,34.74662,-72.86834,0.00000,-2.50000,0.00000,309.00000,0.00000,89.99978,0.00000,210.00000,0.00000,89.99978,0.00000,0.00000,2.00000,1.00000,17.05672,1.91364,547.24475,3.00000,10940.00000,
668.50024,372.88928,371.38669,0.00000,13.25861,14.25861,2.37916,108.80207,-1.77036,47.53863,5.23388,5966.59326,5090.14258,0.00000,5966.65918,47.50000,5.00000,11145.00000,11300.00000,3.00000,11300.00000,11710.00000,3.00000,3.00000,1.00000,197.87872,89.75089,17.05606,2.50000,0.00000,3.00000,2.00000,34.71419,-73.26714,0.00000,-2.50000,0.00000,309.00000,0.00000,89.99978,0.00000,210.00000,0.00000,89.99978,0.00000,0.00000,2.00000,1.00000,17.05606,2.87573,387.56680,3.00000,10940.00000,
669.50153,373.89059,372.38803,0.00000,13.25889,14.25889,2.37944,109.09179,-1.77057,47.53843,5.23467,5966.53076,5090.17529,0.00000,5966.59131,47.50000,5.00000,11145.00000,11300.00000,3.00000,11300.00000,11710.00000,3.00000,3.00000,1.00000,197.99304,89.52080,17.05529,2.50000,0.00000,3.00000,2.00000,34.68143,-73.64391,0.00000,-2.50000,0.00000,309.00000,0.00000,89.99978,0.00000,210.00000,0.00000,89.99978,0.00000,0.00000,2.00000,1.00000,17.05529,3.00130,349.77637,3.00000,10940.00000,
670.50342,374.89249,373.38989,0.00000,13.25916,14.25916,2.37971,109.35753,-1.77078,47.53823,5.23545,5966.47021,5080.90088,0.00000,5966.53271,47.50000,5.00000,11145.00000,11300.00000,3.00000,11300.00000,11710.00000,3.00000,3.00000,1.00000,198.10759,89.31444,17.05441,2.50000,0.00000,3.00000,2.00000,34.64854,-73.99753,0.00000,-2.50000,0.00000,309.00000,0.00000,89.99978,0.00000,210.00000,0.00000,89.99978,0.00000,0.00000,2.00000,1.00000,17.05441,3.32089,306.93796,3.00000,10940.00000,
671.49628,375.88535,374.38278,0.00000,13.25944,14.25944,2.37999,109.59930,-1.77098,47.53803,5.23623,5966.41211,5071.70654,0.00000,5966.47852,47.50000,5.00000,11145.00000,11300.00000,3.00000,11300.00000,11710.00000,3.00000,3.00000,1.00000,198.22125,89.13204,17.05342,2.50000,0.00000,3.00000,2.00000,34.61583,-74.32612,0.00000,-2.50000,0.00000,309.00000,0.00000,89.99978,0.00000,210.00000,0.00000,89.99978,0.00000,0.00000,2.00000,1.00000,17.05342,3.73685,278.07410,3.00000,10940.00000,
672.49316,376.89679,375.39420,0.00000,13.25972,14.25972,2.38027,109.82561,-1.77120,47.53782,5.23702,5966.35498,5062.33643,0.00000,5966.41797,47.50000,5.00000,11145.00000,11300.00000,3.00000,11300.00000,11710.00000,3.00000,3.00000,1.00000,198.33733,88.96734,17.05232,2.50000,0.00000,3.00000,2.00000,34.58244,-74.63995,0.00000,-2.50000,0.00000,309.00000,0.00000,89.99978,0.00000,210.00000,0.00000,89.99978,0.00000,0.00000,2.00000,1.00000,17.05232,4.16333,251.66434,3.00000,10940.00000,
673.49854,377.90851,376.40594,0.00000,13.26000,14.26000,2.38055,110.03355,-1.77141,47.53761,5.23782,5966.29932,5052.96094,0.00000,5966.35742,47.50000,5.00000,11145.00000,11300.00000,3.00000,11300.00000,11710.00000,3.00000,3.00000,1.00000,198.45341,88.82274,17.05114,2.50000,0.00000,3.00000,2.00000,34.54894,-74.93405,0.00000,-2.50000,0.00000,309.00000,0.00000,89.99978,0.00000,210.00000,0.00000,89.99978,0.00000,0.00000,2.00000,1.00000,17.05114,4.46085,239.07149,3.00000,10940.00000,
674.49316,378.90311,377.40054,0.00000,13.26028,14.26028,2.38083,110.22176,-1.77161,47.53740,5.23860,5966.24707,5043.74072,0.00000,5966.30420,47.50000,5.00000,11145.00000,11300.00000,3.00000,11300.00000,11710.00000,3.00000,3.00000,1.00000,198.56776,88.69881,17.04992,2.50000,0.00000,3.00000,2.00000,34.51591,-75.20501,0.00000,-2.50000,0.00000,309.00000,0.00000,89.99978,0.00000,210.00000,0.00000,89.99978,0.00000,0.00000,2.00000,1.00000,17.04992,4.62359,223.85315,3.00000,10940.00000,
675.49036,379.90033,378.39777,0.00000,13.26055,14.26055,2.38111,110.39554,-1.77182,47.53718,5.23938,5966.19629,5036.38525,0.00000,5966.25000,47.50000,5.00000,11145.00000,11300.00000,3.00000,11300.00000,11710.00000,3.00000,3.00000,1.00000,198.68262,88.59167,17.04863,2.50000,0.00000,3.00000,2.00000,34.48272,-75.45998,0.00000,-2.50000,0.00000,309.00000,0.00000,89.99978,0.00000,210.00000,0.00000,89.99978,0.00000,0.00000,2.00000,1.00000,17.04863,4.81048,216.31702,3.00000,10940.00000,
676.49304,380.91754,379.41495,0.00000,13.26084,14.26084,2.38139,110.55862,-1.77203,47.53696,5.24017,5966.14648,5033.18262,0.00000,5966.19971,47.50000,5.00000,11145.00000,11300.00000,3.00000,11300.00000,11710.00000,3.00000,3.00000,1.00000,198.79971,88.49870,17.04727,2.50000,0.00000,3.00000,2.00000,34.44876,-75.70379,0.00000,-2.50000,0.00000,309.00000,0.00000,89.99978,0.00000,210.00000,0.00000,89.99978,0.00000,0.00000,2.00000,1.00000,17.04727,4.93272,211.32079,3.00000,10940.00000,
677.49316,381.91766,380.41507,0.00000,13.26112,14.26112,2.38167,110.70635,-1.77224,47.53675,5.24096,5966.09912,5030.04248,0.00000,5966.14551,47.50000,5.00000,11145.00000,11300.00000,3.00000,11300.00000,11710.00000,3.00000,3.00000,1.00000,198.91521,88.42262,17.04588,2.50000,0.00000,3.00000,2.00000,34.41532,-75.92852,0.00000,-2.50000,0.00000,309.00000,0.00000,89.99978,0.00000,210.00000,0.00000,89.99978,0.00000,0.00000,2.00000,1.00000,17.04588,5.14224,198.76738,3.00000,10940.00000,
678.49377,382.91830,381.41571,0.00000,13.26139,14.26139,2.38194,110.84281,-1.77245,47.53653,5.24174,5966.05371,5026.91016,0.00000,5966.09961,47.50000,5.00000,11145.00000,11300.00000,3.00000,11300.00000,11710.00000,3.00000,3.00000,1.00000,199.03085,88.36050,17.04446,2.50000,0.00000,3.00000,2.00000,34.38178,-76.13958,0.00000,-2.50000,0.00000,309.00000,0.00000,89.99978,0.00000,210.00000,0.00000,89.99978,0.00000,0.00000,2.00000,1.00000,17.04446,5.23819,199.31186,3.00000,10940.00000,
679.49054,383.91507,382.41248,0.00000,13.26167,14.26167,2.38222,110.96835,-1.77266,47.53631,5.24252,5966.01074,5023.79736,0.00000,5966.05371,47.50000,5.00000,11145.00000,11300.00000,3.00000,11300.00000,11710.00000,3.00000,3.00000,1.00000,199.14627,88.31163,17.04302,2.50000,0.00000,3.00000,2.00000,34.34830,-76.33708,0.00000,-2.50000,0.00000,309.00000,0.00000,89.99978,0.00000,210.00000,0.00000,89.99978,0.00000,0.00000,2.00000,1.00000,17.04302,5.29886,194.08270,3.00000,10940.00000,
680.49274,384.91724,383.41464,0.00000,13.26195,14.26195,2.38250,111.08809,-1.77287,47.53608,5.24330,5965.97266,5020.67871,0.00000,5966.01123,47.50000,5.00000,11145.00000,11300.00000,3.00000,11300.00000,11710.00000,3.00000,3.00000,1.00000,199.26222,88.27478,17.04156,2.50000,0.00000,3.00000,2.00000,34.31459,-76.52356,0.00000,-2.50000,0.00000,309.00000,0.00000,89.99978,0.00000,210.00000,0.00000,89.99978,0.00000,0.00000,2.00000,1.00000,17.04156,5.14990,195.02301,3.00000,10940.00000,
681.49707,385.92154,384.41898,0.00000,13.26223,14.26223,2.38278,111.19842,-1.77308,47.53586,5.24409,5965.93994,5017.56348,0.00000,5965.97119,47.50000,5.00000,11145.00000,11300.00000,3.00000,11300.00000,11710.00000,3.00000,3.00000,1.00000,199.37872,88.24907,17.04008,2.50000,0.00000,3.00000,2.00000,34.28078,-76.69931,0.00000,-2.50000,0.00000,309.00000,0.00000,89.99978,0.00000,210.00000,0.00000,89.99978,0.00000,0.00000,2.00000,1.00000,17.04008,5.35191,191.60292,3.00000,10940.00000,
682.50079,386.92532,385.42273,0.00000,13.26251,14.26251,2.38306,111.29829,-1.77329,47.53563,5.24487,5965.90625,5024.08789,0.00000,5965.94238,47.50000,5.00000,11145.00000,11300.00000,3.00000,11300.00000,11710.00000,3.00000,3.00000,1.00000,199.49512,88.23392,17.03860,2.50000,0.00000,3.00000,2.00000,34.24690,-76.86466,0.00000,-2.50000,0.00000,309.00000,0.00000,89.99978,0.00000,210.00000,0.00000,89.99978,0.00000,0.00000,2.00000,1.00000,17.03860,5.23928,193.37654,3.00000,10940.00000,
683.50323,387.92776,386.42517,0.00000,13.26278,14.26278,2.38334,111.38905,-1.77349,47.53540,5.24566,5965.87061,5007.95898,0.00000,5965.90625,47.50000,5.00000,11145.00000,11300.00000,3.00000,11300.00000,11710.00000,3.00000,3.00000,1.00000,199.61139,88.22854,17.03710,2.50000,0.00000,3.00000,2.00000,34.21298,-77.02005,0.00000,-2.50000,0.00000,309.00000,0.00000,89.99978,0.00000,210.00000,0.00000,89.99978,0.00000,0.00000,2.00000,1.00000,17.03710,5.30881,192.32297,3.00000,10940.00000,
684.49933,388.92383,387.42123,0.00000,13.26306,14.26306,2.38361,111.47195,-1.77370,47.53518,5.24644,5965.83496,5001.35547,0.00000,5965.87012,47.50000,5.00000,11145.00000,11300.00000,3.00000,11300.00000,11710.00000,3.00000,3.00000,1.00000,199.72711,88.23253,17.03564,2.50000,0.00000,3.00000,2.00000,34.17933,-77.16540,0.00000,-2.50000,0.00000,309.00000,0.00000,89.99978,0.00000,210.00000,0.00000,89.99978,0.00000,0.00000,2.00000,1.00000,17.03564,5.15847,195.21774,3.00000,10940.00000,
685.49249,389.91699,388.41443,0.00000,13.26334,14.26334,2.38389,111.54845,-1.77391,47.53495,5.24721,5965.79932,5006.47852,0.00000,5965.83838,47.50000,5.00000,11145.00000,11300.00000,3.00000,11300.00000,11710.00000,3.00000,3.00000,1.00000,199.84253,88.24502,17.03418,2.50000,0.00000,3.00000,2.00000,34.14563,-77.30186,0.00000,-2.50000,0.00000,309.00000,0.00000,89.99978,0.00000,210.00000,0.00000,89.99978,0.00000,0.00000,2.00000,1.00000,17.03418,5.31742,194.20630,3.00000,10940.00000,
686.48895,390.91345,389.41089,0.00000,13.26361,14.26361,2.38416,111.61982,-1.77412,47.53472,5.24799,5965.76416,5011.62939,0.00000,5965.80127,47.50000,5.00000,11145.00000,11300.00000,3.00000,11300.00000,11710.00000,3.00000,3.00000,1.00000,199.95862,88.26556,17.03273,2.50000,0.00000,3.00000,2.00000,34.11179,-77.43091,0.00000,-2.50000,0.00000,309.00000,0.00000,89.99978,0.00000,210.00000,0.00000,89.99978,0.00000,0.00000,2.00000,1.00000,17.03273,5.13802,197.35873,3.00000,10940.00000,
687.49384,391.91833,390.41574,0.00000,13.26389,14.26389,2.38444,111.68681,-1.77433,47.53449,5.24878,5965.72998,5016.83447,0.00000,5965.75977,47.50000,5.00000,11145.00000,11300.00000,3.00000,11300.00000,11710.00000,3.00000,3.00000,1.00000,200.07567,88.29406,17.03130,2.50000,0.00000,3.00000,2.00000,34.07766,-77.55359,0.00000,-2.50000,0.00000,309.00000,0.00000,89.99978,0.00000,210.00000,0.00000,89.99978,0.00000,0.00000,2.00000,1.00000,17.03130,4.94978,201.67281,3.00000,10940.00000,
688.47681,392.90131,391.39871,0.00000,13.26417,14.26417,2.38472,111.74822,-1.77453,47.53426,5.24955,5965.69824,5021.93555,0.00000,5965.73047,47.50000,5.00000,11145.00000,11300.00000,3.00000,11300.00000,11710.00000,3.00000,3.00000,1.00000,200.19043,88.32861,17.02991,2.50000,0.00000,3.00000,2.00000,34.04423,-77.66697,0.00000,-2.50000,0.00000,309.00000,0.00000,89.99978,0.00000,210.00000,0.00000,89.99978,0.00000,0.00000,2.00000,1.00000,17.02991,5.03088,202.68259,3.00000,10940.00000,
689.48914,393.91809,392.41553,0.00000,13.26445,14.26445,2.38500,111.80748,-1.77474,47.53403,5.25034,5965.66650,5022.84033,0.00000,5965.69434,47.50000,5.00000,11145.00000,11300.00000,3.00000,11300.00000,11710.00000,3.00000,3.00000,1.00000,200.30907,88.37088,17.02850,2.50000,0.00000,3.00000,2.00000,34.00962,-77.77779,0.00000,-2.50000,0.00000,309.00000,0.00000,89.99978,0.00000,210.00000,0.00000,89.99978,0.00000,0.00000,2.00000,1.00000,17.02850,4.98236,206.20822,3.00000,10940.00000,
690.48596,394.93204,393.42944,0.00000,13.26473,14.26473,2.38528,111.86252,-1.77495,47.53379,5.25113,5965.63672,5024.58838,0.00000,5965.66504,47.50000,5.00000,11145.00000,11300.00000,3.00000,11300.00000,11710.00000,3.00000,3.00000,1.00000,200.42755,88.41927,17.02713,2.50000,0.00000,3.00000,2.00000,33.97501,-77.88239,0.00000,-2.50000,0.00000,309.00000,0.00000,89.99978,0.00000,210.00000,0.00000,89.99978,0.00000,0.00000,2.00000,1.00000,17.02713,4.81577,216.60928,3.00000,10940.00000,
691.48889,395.93494,394.43237,0.00000,13.26501,14.26501,2.38556,111.91355,-1.77516,47.53355,5.25192,5965.60889,5027.21289,0.00000,5965.63770,47.50000,5.00000,11145.00000,11300.00000,3.00000,11300.00000,11710.00000,3.00000,3.00000,1.00000,200.54469,88.47241,17.02580,2.50000,0.00000,3.00000,2.00000,33.94073,-77.98058,0.00000,-2.50000,0.00000,309.00000,0.00000,89.99978,0.00000,210.00000,0.00000,89.99978,0.00000,0.00000,2.00000,1.00000,17.02580,4.83078,213.69092,3.00000,10940.00000,
692.48486,396.93091,395.42834,0.00000,13.26528,14.26528,2.38584,111.96054,-1.77537,47.53332,5.25270,5965.58203,5028.70508,0.00000,5965.60645,47.50000,5.00000,11145.00000,11300.00000,3.00000,11300.00000,11710.00000,3.00000,3.00000,1.00000,200.66115,88.53015,17.02453,2.50000,0.00000,3.00000,2.00000,33.90671,-78.07315,0.00000,-2.50000,0.00000,309.00000,0.00000,89.99978,0.00000,210.00000,0.00000,89.99978,0.00000,0.00000,2.00000,1.00000,17.02453,4.32365,230.07646,3.00000,10940.00000,
693.48511,397.93121,396.42862,0.00000,13.26556,14.26556,2.38611,112.00464,-1.77558,47.53308,5.25348,5965.55615,5030.20703,0.00000,5965.58057,47.50000,5.00000,11145.00000,11300.00000,3.00000,11300.00000,11710.00000,3.00000,3.00000,1.00000,200.77815,88.59293,17.02328,2.50000,0.00000,3.00000,2.00000,33.87249,-78.16163,0.00000,-2.50000,0.00000,309.00000,0.00000,89.99978,0.00000,210.00000,0.00000,89.99978,0.00000,0.00000,2.00000,1.00000,17.02328,4.42816,230.52328,3.00000,10940.00000,
694.48944,398.93555,397.43295,0.00000,13.26584,14.26584,2.38639,112.04594,-1.77579,47.53285,5.25427,5965.53125,5031.71875,0.00000,5965.56055,47.50000,5.00000,11145.00000,11300.00000,3.00000,11300.00000,11710.00000,3.00000,3.00000,1.00000,200.89584,88.66015,17.02208,2.50000,0.00000,3.00000,2.00000,33.83809,-78.24630,0.00000,-2.50000,0.00000,309.00000,0.00000,89.99978,0.00000,210.00000,0.00000,89.99978,0.00000,0.00000,2.00000,1.00000,17.02208,4.13495,238.43829,3.00000,10940.00000,
695.50146,399.94757,398.44498,0.00000,13.26612,14.26612,2.38667,112.08479,-1.77600,47.53261,5.25506,5965.50684,5033.24414,0.00000,5965.52539,47.50000,5.00000,11145.00000,11300.00000,3.00000,11300.00000,11710.00000,3.00000,3.00000,1.00000,201.01431,88.73190,17.02090,2.50000,0.00000,3.00000,2.00000,33.80342,-78.32769,0.00000,-2.50000,0.00000,309.00000,0.00000,89.99978,0.00000,210.00000,0.00000,89.99978,0.00000,0.00000,2.00000,1.00000,17.02090,4.21018,245.78738,3.00000,10940.00000,
696.49969,400.95105,399.44846,0.00000,13.26640,14.26640,2.38695,112.12069,-1.77621,47.53237,5.25585,5965.48438,5034.76025,0.00000,5965.50635,47.50000,5.00000,11145.00000,11300.00000,3.00000,11300.00000,11710.00000,3.00000,3.00000,1.00000,201.13206,88.80682,17.01979,2.50000,0.00000,3.00000,2.00000,33.76905,-78.40469,0.00000,-2.50000,0.00000,309.00000,0.00000,89.99978,0.00000,210.00000,0.00000,89.99978,0.00000,0.00000,2.00000,1.00000,17.01979,4.05166,255.50795,3.00000,10940.00000,
697.48669,401.94455,400.44196,0.00000,13.26668,14.26668,2.38723,112.18258,-1.77642,47.53214,5.25662,5965.46240,5036.26172,0.00000,5965.48242,47.50000,5.00000,11145.00000,11300.00000,3.00000,11300.00000,11710.00000,3.00000,3.00000,1.00000,201.24861,88.88436,17.01873,2.50000,0.00000,3.00000,2.00000,33.73493,-78.47767,0.00000,-2.50000,0.00000,309.00000,0.00000,89.99978,0.00000,210.00000,0.00000,89.99978,0.00000,0.00000,2.00000,1.00000,17.01873,3.90216,264.11667,3.00000,10940.00000,
698.49213,402.95001,401.44742,0.00000,13.26696,14.26696,2.38751,112.23016,-1.77663,47.53190,5.25741,5965.43848,5037.78076,0.00000,5965.46387,47.50000,5.00000,11145.00000,11300.00000,3.00000,11300.00000,11710.00000,3.00000,3.00000,1.00000,201.36667,88.96603,17.01772,2.50000,0.00000,3.00000,2.00000,33.70040,-78.54849,0.00000,-2.50000,0.00000,309.00000,0.00000,89.99978,0.00000,210.00000,0.00000,89.99978,0.00000,0.00000,2.00000,1.00000,17.01772,3.53246,288.65955,3.00000,10940.00000,
699.50031,403.95816,402.45557,0.00000,13.26724,14.26724,2.38779,112.26334,-1.77684,47.53166,5.25820,5965.41309,5044.54834,0.00000,5965.43652,47.50000,5.00000,11145.00000,11300.00000,3.00000,11300.00000,11710.00000,3.00000,3.00000,1.00000,201.48500,89.05101,17.01675,2.50000,0.00000,3.00000,2.00000,33.66576,-78.61658,0.00000,-2.50000,0.00000,309.00000,0.00000,89.99978,0.00000,210.00000,0.00000,89.99978,0.00000,0.00000,2.00000,1.00000,17.01675,3.44277,299.65973,3.00000,10940.00000,
700.50372,404.96155,403.45898,0.00000,13.26752,14.26752,2.38807,112.29041,-1.77705,47.53142,5.25899,5965.38867,5051.47803,0.00000,5965.41797,47.50000,5.00000,11145.00000,11300.00000,3.00000,11300.00000,11710.00000,3.00000,3.00000,1.00000,201.60292,89.13822,17.01584,2.50000,0.00000,3.00000,2.00000,33.63123,-78.68156,0.00000,-2.50000,0.00000,309.00000,0.00000,89.99978,0.00000,210.00000,0.00000,89.99978,0.00000,0.00000,2.00000,1.00000,17.01584,3.19562,309.90976,3.00000,10940.00000,
701.50183,405.95972,404.45712,0.00000,13.26779,14.26779,2.38834,112.31460,-1.77726,47.53118,5.25977,5965.36523,5039.05859,0.00000,5965.38818,47.50000,5.00000,11145.00000,11300.00000,3.00000,11300.00000,11710.00000,3.00000,3.00000,1.00000,201.72018,89.22755,17.01500,2.50000,0.00000,3.00000,2.00000,33.59685,-78.74393,0.00000,-2.50000,0.00000,309.00000,0.00000,89.99978,0.00000,210.00000,0.00000,89.99978,0.00000,0.00000,2.00000,1.00000,17.01500,2.97749,347.27063,3.00000,10940.00000,
702.50653,406.96439,405.46182,0.00000,13.26807,14.26807,2.38862,112.33695,-1.77747,47.53094,5.26056,5965.34326,5026.55176,0.00000,5965.36426,47.50000,5.00000,11145.00000,11300.00000,3.00000,11300.00000,11710.00000,3.00000,3.00000,1.00000,201.83838,89.31984,17.01420,2.50000,0.00000,3.00000,2.00000,33.56226,-78.80424,0.00000,-2.50000,0.00000,309.00000,0.00000,89.99978,0.00000,210.00000,0.00000,89.99978,0.00000,0.00000,2.00000,1.00000,17.01420,2.68917,363.67041,3.00000,10940.00000,
703.50684,407.96472,406.46213,0.00000,13.26835,14.26835,2.38890,112.35798,-1.77767,47.53070,5.26134,5965.32324,5015.40479,0.00000,5965.34521,47.50000,5.00000,11145.00000,11300.00000,3.00000,11300.00000,11710.00000,3.00000,3.00000,1.00000,201.95613,89.41372,17.01346,2.50000,0.00000,3.00000,2.00000,33.52780,-78.86249,0.00000,-2.50000,0.00000,309.00000,0.00000,89.99978,0.00000,210.00000,0.00000,89.99978,0.00000,0.00000,2.00000,1.00000,17.01346,2.78036,380.03336,3.00000,10940.00000,
704.50421,408.96204,407.45944,0.00000,13.26863,14.26863,2.38918,112.37744,-1.77788,47.53046,5.26212,5965.30469,5016.91650,0.00000,5965.31738,47.50000,5.00000,11145.00000,11300.00000,3.00000,11300.00000,11710.00000,3.00000,3.00000,1.00000,202.07356,89.50935,17.01279,2.50000,0.00000,3.00000,2.00000,33.49342,-78.91860,0.00000,-2.50000,0.00000,309.00000,0.00000,89.99978,0.00000,210.00000,0.00000,89.99978,0.00000,0.00000,2.00000,1.00000,17.01279,2.29522,441.00998,3.00000,10940.00000,
705.50635,409.96417,408.46158,0.00000,13.26891,14.26891,2.38946,112.39606,-1.77809,47.53022,5.26291,5965.28760,5019.52393,0.00000,5965.30713,47.50000,5.00000,11145.00000,11300.00000,3.00000,11300.00000,11710.00000,3.00000,3.00000,1.00000,202.19141,89.60712,17.01217,2.50000,0.00000,3.00000,2.00000,33.45885,-78.97337,0.00000,-2.50000,0.00000,309.00000,0.00000,89.99978,0.00000,210.00000,0.00000,89.99978,0.00000,0.00000,2.00000,1.00000,17.01217,2.05543,473.38675,3.00000,10940.00000,
706.50293,410.96738,409.46478,0.00000,13.26918,14.26918,2.38974,112.41330,-1.77830,47.52998,5.26369,5965.27148,5022.13574,0.00000,5965.28613,47.50000,5.00000,11145.00000,11300.00000,3.00000,11300.00000,11710.00000,3.00000,3.00000,1.00000,202.30956,89.70669,17.01161,2.50000,0.00000,3.00000,2.00000,33.42426,-79.02644,0.00000,-2.50000,0.00000,309.00000,0.00000,89.99978,0.00000,210.00000,0.00000,89.99978,0.00000,0.00000,2.00000,1.00000,17.01161,2.03033,524.73920,3.00000,10940.00000,
707.50415,411.96860,410.46600,0.00000,13.26946,14.26946,2.39001,112.42944,-1.77851,47.52974,5.26448,5965.25684,5024.74316,0.00000,5965.26904,47.50000,5.00000,11145.00000,11300.00000,3.00000,11300.00000,11710.00000,3.00000,3.00000,1.00000,202.42741,89.80739,17.01112,2.50000,0.00000,3.00000,2.00000,33.38970,-79.07812,0.00000,-2.50000,0.00000,309.00000,0.00000,89.99978,0.00000,210.00000,0.00000,89.99978,0.00000,0.00000,2.00000,1.00000,17.01112,1.78250,592.50238,3.00000,10940.00000,
708.50214,412.96658,411.46402,0.00000,13.26974,14.26974,2.39029,112.44409,-1.77872,47.52950,5.26526,5965.24268,5027.34277,0.00000,5965.25146,47.50000,5.00000,11145.00000,11300.00000,3.00000,11300.00000,11710.00000,3.00000,3.00000,1.00000,202.54501,89.90935,17.01070,2.50000,0.00000,3.00000,2.00000,33.35518,-79.12819,0.00000,-2.50000,0.00000,309.00000,0.00000,89.99978,0.00000,210.00000,0.00000,89.99978,0.00000,0.00000,2.00000,1.00000,17.01070,1.23286,697.83270,3.00000,10940.00000,
709.50397,413.96841,412.46585,0.00000,13.27002,14.27002,2.39057,112.45810,-1.77893,47.52926,5.26604,5965.22998,5029.95313,0.00000,5965.24512,47.50000,5.00000,11145.00000,11300.00000,3.00000,11300.00000,11710.00000,3.00000,3.00000,1.00000,202.66312,90.01284,17.01032,2.50000,0.00000,3.00000,2.00000,33.32056,-79.17731,0.00000,-2.50000,0.00000,309.00000,0.00000,89.99978,0.00000,210.00000,0.00000,89.99978,0.00000,0.00000,2.00000,1.00000,17.01032,1.32221,781.09100,3.00000,10940.00000,
710.50732,414.97180,413.46921,0.00000,13.27030,14.27030,2.39085,112.47099,-1.77914,47.52902,5.26683,5965.21729,5034.67236,0.00000,5965.22949,47.50000,5.00000,11145.00000,11300.00000,3.00000,11300.00000,11710.00000,3.00000,3.00000,1.00000,202.78145,90.11777,17.01003,2.50000,0.00000,3.00000,2.00000,33.28589,-79.22527,0.00000,-2.50000,0.00000,309.00000,0.00000,89.99978,0.00000,210.00000,0.00000,89.99978,0.00000,0.00000,2.00000,1.00000,17.01003,1.06628,992.97491,3.00000,10940.00000,
711.50397,415.96841,414.46585,0.00000,13.27057,14.27057,2.39112,112.48272,-1.77935,47.52878,5.26761,5965.20557,5044.40576,0.00000,5965.21094,47.50000,5.00000,11145.00000,11300.00000,3.00000,11300.00000,11710.00000,3.00000,3.00000,1.00000,202.89900,90.22330,17.00979,2.50000,0.00000,3.00000,2.00000,33.25143,-79.27175,0.00000,-2.50000,0.00000,309.00000,0.00000,89.99978,0.00000,210.00000,0.00000,89.99978,0.00000,0.00000,2.00000,1.00000,17.00979,0.81499,999.00000,3.00000,10940.00000,
712.49988,416.96432,415.46173,0.00000,13.27085,14.27085,2.39140,112.49438,-1.77956,47.52854,5.26839,5965.19434,5050.71826,0.00000,5965.21143,47.50000,5.00000,11145.00000,11300.00000,3.00000,11300.00000,11710.00000,3.00000,3.00000,1.00000,203.01643,90.32951,17.00962,2.50000,0.00000,3.00000,2.00000,33.21698,-79.31744,0.00000,-2.50000,0.00000,309.00000,0.00000,89.99978,0.00000,210.00000,0.00000,89.99978,0.00000,0.00000,2.00000,1.00000,17.00962,0.48362,999.00000,3.00000,10940.00000,
713.49426,417.95871,416.45612,0.00000,13.27113,14.27113,2.39168,112.50462,-1.77976,47.52830,5.26917,5965.18408,5045.58398,0.00000,5965.19385,47.50000,5.00000,11145.00000,11300.00000,3.00000,11300.00000,11710.00000,3.00000,3.00000,1.00000,203.13379,90.43663,17.00951,2.50000,0.00000,3.00000,2.00000,33.18252,-79.36208,0.00000,-2.50000,0.00000,309.00000,0.00000,89.99978,0.00000,210.00000,0.00000,89.99978,0.00000,0.00000,2.00000,1.00000,17.00951,0.23187,999.00000,3.00000,10940.00000,
714.48859,418.95300,417.45044,0.00000,13.27140,14.27140,2.39195,112.51456,-1.77997,47.52806,5.26995,5965.17383,5040.44727,0.00000,5965.18311,47.50000,5.00000,11145.00000,11300.00000,3.00000,11300.00000,11710.00000,3.00000,3.00000,1.00000,203.25125,90.54446,17.00947,2.50000,0.00000,3.00000,2.00000,33.14807,-79.40594,0.00000,-2.50000,0.00000,309.00000,0.00000,89.99978,0.00000,210.00000,0.00000,89.99978,0.00000,0.00000,2.00000,1.00000,17.00947,0.33724,999.00000,3.00000,10940.00000,
715.48651,419.95096,418.44839,0.00000,13.27168,14.27168,2.39223,112.52390,-1.78018,47.52782,5.27074,5965.16406,5035.28906,0.00000,5965.17578,47.50000,5.00000,11145.00000,11300.00000,3.00000,11300.00000,11710.00000,3.00000,3.00000,1.00000,203.36882,90.65353,17.00951,2.50000,0.00000,3.00000,2.00000,33.11346,-79.44920,0.00000,-2.50000,0.00000,309.00000,0.00000,89.99978,0.00000,210.00000,0.00000,89.99978,0.00000,0.00000,2.00000,1.00000,17.00951,0.51184,999.00000,3.00000,10940.00000,
716.48364,420.94812,419.44553,0.00000,13.27196,14.27196,2.39251,112.53282,-1.78039,47.52758,5.27152,5965.15479,5030.13330,0.00000,5965.16211,47.50000,5.00000,11145.00000,11300.00000,3.00000,11300.00000,11710.00000,3.00000,3.00000,1.00000,203.48640,90.76305,17.00959,2.50000,0.00000,3.00000,2.00000,33.07893,-79.49175,0.00000,-2.50000,0.00000,309.00000,0.00000,89.99978,0.00000,210.00000,0.00000,89.99978,0.00000,0.00000,2.00000,1.00000,17.00959,0.36762,999.00000,3.00000,10940.00000,
717.48114,422.15326,420.65067,0.00000,13.27229,14.27229,2.39284,112.54265,-1.78064,47.52729,5.27246,5965.14453,5037.42920,0.00000,5965.15283,47.50000,5.00000,11145.00000,11300.00000,3.00000,11300.00000,11710.00000,3.00000,3.00000,1.00000,203.62874,90.89661,17.00981,2.50000,0.00000,3.00000,2.00000,33.03712,-79.54227,0.00000,-2.50000,0.00000,309.00000,0.00000,89.99978,0.00000,210.00000,0.00000,89.99978,0.00000,0.00000,2.00000,1.00000,17.00981,0.81724,999.00000,3.00000,10940.00000,
718.47534,424.95193,423.44934,0.00000,13.27307,14.27307,2.39362,112.56342,-1.78123,47.52661,5.27466,5965.12305,5059.79785,0.00000,5965.13770,47.50000,5.00000,11145.00000,11300.00000,3.00000,11300.00000,11710.00000,3.00000,3.00000,1.00000,203.95935,91.20994,17.01067,2.50000,0.00000,3.00000,2.00000,32.94006,-79.65660,0.00000,-2.50000,0.00000,309.00000,0.00000,89.99978,0.00000,210.00000,0.00000,89.99978,0.00000,0.00000,2.00000,1.00000,17.01067,1.40896,722.20520,3.00000,10940.00000,
719.46143,427.74503,426.24243,0.00000,13.27384,14.27384,2.39440,112.58150,-1.78181,47.52594,5.27685,5965.10303,5072.53174,0.00000,5965.11328,47.50000,5.00000,11145.00000,11300.00000,3.00000,11300.00000,11710.00000,3.00000,3.00000,1.00000,204.28926,91.52614,17.01207,2.50000,0.00000,3.00000,2.00000,32.84302,-79.76724,0.00000,-2.50000,0.00000,309.00000,0.00000,89.99978,0.00000,210.00000,0.00000,89.99978,0.00000,0.00000,2.00000,1.00000,17.01207,2.07506,491.49786,3.00000,10940.00000,
720.44116,430.60046,429.09790,0.00000,13.27464,14.27464,2.39519,112.59721,-1.78241,47.52525,5.27909,5965.08643,5089.17969,0.00000,5965.09277,47.50000,5.00000,11145.00000,11300.00000,3.00000,11300.00000,11710.00000,3.00000,3.00000,1.00000,204.62660,91.85234,17.01406,2.50000,0.00000,3.00000,2.00000,32.74372,-79.87766,0.00000,-2.50000,0.00000,309.00000,0.00000,89.99978,0.00000,210.00000,0.00000,89.99978,0.00000,0.00000,2.00000,1.00000,17.01406,2.86399,358.18716,3.00000,10940.00000,
721.43597,432.26483,430.76224,0.00000,13.27510,14.27510,2.39565,112.60514,-1.78276,47.52484,5.28040,5965.07861,5096.08594,0.00000,5965.08594,47.50000,5.00000,11145.00000,11300.00000,3.00000,11300.00000,11710.00000,3.00000,3.00000,1.00000,204.82314,92.04355,17.01549,2.50000,0.00000,3.00000,2.00000,32.68585,-79.94099,0.00000,-2.50000,0.00000,309.00000,0.00000,89.99978,0.00000,210.00000,0.00000,89.99978,0.00000,0.00000,2.00000,1.00000,17.01549,3.21006,314.13971,3.00000,10940.00000,
722.42755,434.36441,432.86182,0.00000,13.27568,14.27568,2.39623,112.61386,-1.78319,47.52433,5.28205,5965.06982,5091.02393,0.00000,5965.07666,47.50000,5.00000,11145.00000,11300.00000,3.00000,11300.00000,11710.00000,3.00000,3.00000,1.00000,205.07124,92.28564,17.01757,2.50000,0.00000,3.00000,2.00000,32.61278,-80.01984,0.00000,-2.50000,0.00000,309.00000,0.00000,89.99978,0.00000,210.00000,0.00000,89.99978,0.00000,0.00000,2.00000,1.00000,17.01757,3.79799,271.19690,3.00000,10940.00000,
723.40125,436.96503,435.46246,0.00000,13.27641,14.27641,2.39696,112.62339,-1.78374,47.52370,5.28409,5965.05908,5096.30664,0.00000,5965.06299,47.50000,5.00000,11145.00000,11300.00000,3.00000,11300.00000,11710.00000,3.00000,3.00000,1.00000,205.37840,92.58704,17.02059,2.50000,0.00000,3.00000,2.00000,32.52222,-80.11622,0.00000,-2.50000,0.00000,309.00000,0.00000,89.99978,0.00000,210.00000,0.00000,89.99978,0.00000,0.00000,2.00000,1.00000,17.02059,4.43757,229.61621,3.00000,10940.00000,
724.38348,439.66287,438.16028,0.00000,13.27715,14.27715,2.39771,112.63229,-1.78430,47.52305,5.28621,5965.04883,5083.77979,0.00000,5965.04932,47.50000,5.00000,11145.00000,11300.00000,3.00000,11300.00000,11710.00000,3.00000,3.00000,1.00000,205.69701,92.90083,17.02422,2.50000,0.00000,3.00000,2.00000,32.42821,-80.21497,0.00000,-2.50000,0.00000,309.00000,0.00000,89.99978,0.00000,210.00000,0.00000,89.99978,0.00000,0.00000,2.00000,1.00000,17.02422,5.21189,197.19247,3.00000,10940.00000,
725.36810,443.38144,441.87888,0.00000,13.27819,14.27819,2.39874,112.64301,-1.78508,47.52215,5.28913,5965.03369,5077.91016,0.00000,5965.04102,47.50000,5.00000,11145.00000,11300.00000,3.00000,11300.00000,11710.00000,3.00000,3.00000,1.00000,206.13597,93.33437,17.03009,2.50000,0.00000,3.00000,2.00000,32.29859,-80.35018,0.00000,-2.50000,0.00000,309.00000,0.00000,89.99978,0.00000,210.00000,0.00000,89.99978,0.00000,0.00000,2.00000,1.00000,17.03009,6.11100,167.43852,3.00000,10940.00000,
726.35358,446.74829,445.24570,0.00000,13.27912,14.27912,2.39967,112.65157,-1.78579,47.52133,5.29178,5965.02148,5068.94775,0.00000,5965.03467,47.50000,5.00000,11145.00000,11300.00000,3.00000,11300.00000,11710.00000,3.00000,3.00000,1.00000,206.53322,93.72755,17.03625,2.50000,0.00000,3.00000,2.00000,32.18104,-80.47161,0.00000,-2.50000,0.00000,309.00000,0.00000,89.99978,0.00000,210.00000,0.00000,89.99978,0.00000,0.00000,2.00000,1.00000,17.03625,6.96546,146.93565,3.00000,10940.00000,
727.33954,450.61765,449.11505,0.00000,13.28020,14.28020,2.40075,112.65927,-1.78660,47.52039,5.29482,5965.01025,5048.78271,0.00000,5965.02002,47.50000,5.00000,11145.00000,11300.00000,3.00000,11300.00000,11710.00000,3.00000,3.00000,1.00000,206.98944,94.18036,17.04433,2.50000,0.00000,3.00000,2.00000,32.04584,-80.61050,0.00000,-2.50000,0.00000,309.00000,0.00000,89.99978,0.00000,210.00000,0.00000,89.99978,0.00000,0.00000,2.00000,1.00000,17.04433,8.00981,128.17113,3.00000,10940.00000,
728.32605,454.13522,452.63263,0.00000,13.28117,14.28117,2.40173,112.66551,-1.78733,47.51954,5.29758,5965.00146,5039.16406,0.00000,5965.00537,47.50000,5.00000,11145.00000,11300.00000,3.00000,11300.00000,11710.00000,3.00000,3.00000,1.00000,207.40385,94.59218,17.05262,2.50000,0.00000,3.00000,2.00000,31.92287,-80.73579,0.00000,-2.50000,0.00000,309.00000,0.00000,89.99978,0.00000,210.00000,0.00000,89.99978,0.00000,0.00000,2.00000,1.00000,17.05262,8.92775,115.18602,3.00000,10940.00000,
729.30499,457.85382,456.35123,0.00000,13.28221,14.28221,2.40276,112.67165,-1.78811,47.51863,5.30050,5964.99463,5023.29932,0.00000,5965.00537,47.50000,5.00000,11145.00000,11300.00000,3.00000,11300.00000,11710.00000,3.00000,3.00000,1.00000,207.84154,95.02763,17.06234,2.50000,0.00000,3.00000,2.00000,31.79277,-80.86815,0.00000,-2.50000,0.00000,309.00000,0.00000,89.99978,0.00000,210.00000,0.00000,89.99978,0.00000,0.00000,2.00000,1.00000,17.06234,9.83501,104.18228,3.00000,10940.00000,
730.28601,461.87390,460.37134,0.00000,13.28333,14.28333,2.40388,112.67768,-1.78895,47.51766,5.30366,5964.98828,5001.99512,0.00000,5964.99072,47.50000,5.00000,11145.00000,11300.00000,3.00000,11300.00000,11710.00000,3.00000,3.00000,1.00000,208.31418,95.49821,17.07397,2.50000,0.00000,3.00000,2.00000,31.65199,-81.01128,0.00000,-2.50000,0.00000,309.00000,0.00000,89.99978,0.00000,210.00000,0.00000,89.99978,0.00000,0.00000,2.00000,1.00000,17.07397,10.92010,93.92670,3.00000,10940.00000,
731.26599,465.34125,463.83865,0.00000,13.28429,14.28429,2.40484,112.68114,-1.78968,47.51682,5.30639,5964.98486,4988.27197,0.00000,5964.99072,47.50000,5.00000,11145.00000,11300.00000,3.00000,11300.00000,11710.00000,3.00000,3.00000,1.00000,208.72163,95.90409,17.08493,2.50000,0.00000,3.00000,2.00000,31.53048,-81.13448,0.00000,-2.50000,0.00000,309.00000,0.00000,89.99978,0.00000,210.00000,0.00000,89.99978,0.00000,0.00000,2.00000,1.00000,17.08493,11.78844,87.07168,3.00000,10940.00000,
732.24542,468.45682,466.95425,0.00000,13.28515,14.28515,2.40570,112.68398,-1.79033,47.51606,5.30884,5964.98047,4995.22949,0.00000,5964.99072,47.50000,5.00000,11145.00000,11300.00000,3.00000,11300.00000,11710.00000,3.00000,3.00000,1.00000,209.08759,96.26879,17.09551,2.50000,0.00000,3.00000,2.00000,31.42124,-81.24516,0.00000,-2.50000,0.00000,309.00000,0.00000,89.99978,0.00000,210.00000,0.00000,89.99978,0.00000,0.00000,2.00000,1.00000,17.09551,12.64488,81.42841,3.00000,10940.00000,
733.22571,472.32617,470.82358,0.00000,13.28623,14.28623,2.40678,112.68828,-1.79114,47.51512,5.31188,5964.97559,5014.07373,0.00000,5964.97656,47.50000,5.00000,11145.00000,11300.00000,3.00000,11300.00000,11710.00000,3.00000,3.00000,1.00000,209.54076,96.72074,17.10961,2.50000,0.00000,3.00000,2.00000,31.28554,-81.38235,0.00000,-2.50000,0.00000,309.00000,0.00000,89.99978,0.00000,210.00000,0.00000,89.99978,0.00000,0.00000,2.00000,1.00000,17.10961,13.52738,75.89417,3.00000,10940.00000,
734.20557,475.84375,474.34119,0.00000,13.28721,14.28721,2.40776,112.69185,-1.79188,47.51426,5.31464,5964.97510,5042.77148,0.00000,5964.97656,47.50000,5.00000,11145.00000,11300.00000,3.00000,11300.00000,11710.00000,3.00000,3.00000,1.00000,209.95206,97.13084,17.12336,2.50000,0.00000,3.00000,2.00000,31.16210,-81.50726,0.00000,-2.50000,0.00000,309.00000,0.00000,89.99978,0.00000,210.00000,0.00000,89.99978,0.00000,0.00000,2.00000,1.00000,17.12336,14.55205,70.87648,3.00000,10940.00000,
735.18854,479.46185,477.95926,0.00000,13.28821,14.28821,2.40876,112.69415,-1.79264,47.51338,5.31749,5964.97363,5054.71289,0.00000,5964.97656,47.50000,5.00000,11145.00000,11300.00000,3.00000,11300.00000,11710.00000,3.00000,3.00000,1.00000,210.37444,97.55166,17.13841,2.50000,0.00000,3.00000,2.00000,31.03501,-81.63580,0.00000,-2.50000,0.00000,309.00000,0.00000,89.99978,0.00000,210.00000,0.00000,89.99978,0.00000,0.00000,2.00000,1.00000,17.13841,15.44184,66.72639,3.00000,10940.00000,
736.17438,482.77844,481.27585,0.00000,13.28913,14.28913,2.40968,112.69601,-1.79333,47.51258,5.32009,5964.97168,5028.57422,0.00000,5964.97656,47.50000,5.00000,11145.00000,11300.00000,3.00000,11300.00000,11710.00000,3.00000,3.00000,1.00000,210.76117,97.93733,17.15303,2.50000,0.00000,3.00000,1.00000,30.91844,-81.75362,0.00000,-2.50000,0.00000,309.00000,0.00000,89.99978,0.00000,210.00000,0.00000,89.99978,0.00000,0.00000,2.00000,1.00000,17.15303,16.28538,63.20061,3.00000,10940.00000,
737.16028,486.69803,485.19547,0.00000,13.29022,14.29022,2.41077,112.69868,-1.79415,47.51162,5.32318,5964.96924,5040.73242,0.00000,5964.97656,47.50000,5.00000,11145.00000,11300.00000,3.00000,11300.00000,11710.00000,3.00000,3.00000,1.00000,211.21777,98.39292,17.17130,2.50000,0.00000,3.00000,1.00000,30.78060,-81.89287,0.00000,-2.50000,0.00000,309.00000,0.00000,89.99978,0.00000,210.00000,0.00000,89.99978,0.00000,0.00000,2.00000,1.00000,17.17130,17.21398,59.88134,3.00000,10940.00000,
738.14850,490.31613,488.81354,0.00000,13.29123,14.29123,2.41178,112.70131,-1.79491,47.51074,5.32602,5964.96631,5062.73389,0.00000,5964.97656,47.50000,5.00000,11145.00000,11300.00000,3.00000,11300.00000,11710.00000,3.00000,3.00000,1.00000,211.63776,98.81175,17.18913,2.50000,0.00000,3.00000,1.00000,30.65331,-82.02141,0.00000,1.96778,0.00000,309.00000,0.00000,89.99978,0.00000,210.00000,0.00000,89.99978,0.00000,0.00000,2.00000,1.00000,17.18913,18.11054,56.86649,3.00000,10940.00000,
739.12744,493.98447,492.48187,0.00000,13.29224,14.29224,2.41280,112.70342,-1.79568,47.50985,5.32890,5964.96338,5050.53027,0.00000,5964.97656,47.50000,5.00000,11145.00000,11300.00000,3.00000,11300.00000,11710.00000,3.00000,3.00000,1.00000,212.06268,99.23557,17.20815,2.50000,0.00000,3.00000,1.00000,30.52424,-82.15173,0.00000,1.98829,0.00000,309.00000,0.00000,89.99978,0.00000,210.00000,0.00000,89.99978,0.00000,0.00000,2.00000,1.00000,17.20815,19.09311,54.03756,3.00000,10940.00000,
740.10266,497.40155,495.89896,0.00000,13.29319,14.29319,2.41374,112.70554,-1.79639,47.50902,5.33159,5964.96387,5077.41357,0.00000,5964.96191,47.50000,5.00000,11145.00000,11300.00000,3.00000,11300.00000,11710.00000,3.00000,3.00000,1.00000,212.45801,99.62962,17.22672,2.50000,0.00000,3.00000,1.00000,30.40390,-82.27328,0.00000,0.60759,0.00000,309.00000,0.00000,89.99978,0.00000,210.00000,0.00000,89.99978,0.00000,0.00000,2.00000,1.00000,17.22672,19.99721,51.76641,3.00000,10940.00000,
741.08411,500.41663,498.91403,0.00000,13.29403,14.29403,2.41458,112.70692,-1.79702,47.50829,5.33396,5964.96533,5119.66113,0.00000,5964.96191,47.50000,5.00000,11145.00000,11300.00000,3.00000,11300.00000,11710.00000,3.00000,3.00000,1.00000,212.80623,99.97718,17.24377,2.50000,0.00000,3.00000,1.00000,30.29766,-82.38065,0.00000,0.13470,0.00000,309.00000,0.00000,89.99978,0.00000,210.00000,0.00000,89.99978,0.00000,0.00000,2.00000,1.00000,17.24377,20.69495,50.01355,3.00000,10940.00000,
742.06390,503.88397,502.38138,0.00000,13.29499,14.29499,2.41555,112.70873,-1.79775,47.50744,5.33668,5964.96680,5136.81152,0.00000,5964.96191,47.50000,5.00000,11145.00000,11300.00000,3.00000,11300.00000,11710.00000,3.00000,3.00000,1.00000,213.20529,100.37521,17.26417,2.50000,0.00000,3.00000,1.00000,30.17542,-82.50420,0.00000,-0.09891,0.00000,309.00000,0.00000,89.99978,0.00000,210.00000,0.00000,89.99978,0.00000,0.00000,2.00000,1.00000,17.26417,21.55991,48.01133,3.00000,10940.00000,
743.04181,507.65280,506.15024,0.00000,13.29604,14.29604,2.41659,112.71064,-1.79854,47.50652,5.33965,5964.96826,5148.36133,0.00000,5964.96191,47.50000,5.00000,11145.00000,11300.00000,3.00000,11300.00000,11710.00000,3.00000,3.00000,1.00000,213.63808,100.80675,17.28729,2.50000,0.00000,3.00000,1.00000,30.04249,-82.63853,0.00000,-0.13214,0.00000,309.00000,0.00000,89.99978,0.00000,210.00000,0.00000,89.99978,0.00000,0.00000,2.00000,1.00000,17.28729,22.53006,46.07458,3.00000,10940.00000,
744.02563,511.06989,509.56732,0.00000,13.29699,14.29699,2.41754,112.71221,-1.79925,47.50569,5.34233,5964.96973,5118.20410,0.00000,5964.96191,47.50000,5.00000,11145.00000,11300.00000,3.00000,11300.00000,11710.00000,3.00000,3.00000,1.00000,214.03014,101.19764,17.30909,2.50000,0.00000,3.00000,1.00000,29.92191,-82.76041,0.00000,-0.16229,0.00000,309.00000,0.00000,89.99978,0.00000,210.00000,0.00000,89.99978,0.00000,0.00000,2.00000,1.00000,17.30909,23.35518,44.49548,3.00000,10940.00000,
745.00916,514.53723,513.03467,0.00000,13.29795,14.29795,2.41850,112.71342,-1.79998,47.50485,5.34506,5964.97070,5130.09570,0.00000,5964.96191,47.50000,5.00000,11145.00000,11300.00000,3.00000,11300.00000,11710.00000,3.00000,3.00000,1.00000,214.42615,101.59311,17.33204,2.50000,0.00000,3.00000,1.00000,29.79952,-82.88377,0.00000,-0.19288,0.00000,309.00000,0.00000,89.99978,0.00000,210.00000,0.00000,89.99978,0.00000,0.00000,2.00000,1.00000,17.33204,24.18533,43.00021,3.00000,10940.00000,
745.99561,517.90405,516.40149,0.00000,13.29889,14.29889,2.41944,112.71526,-1.80068,47.50403,5.34770,5964.97266,5146.01807,0.00000,5964.96191,47.50000,5.00000,11145.00000,11300.00000,3.00000,11300.00000,11710.00000,3.00000,3.00000,1.00000,214.80974,101.97605,17.35511,2.50000,0.00000,3.00000,1.00000,29.68067,-83.00362,0.00000,-0.22260,0.00000,309.00000,0.00000,89.99978,0.00000,210.00000,0.00000,89.99978,0.00000,0.00000,2.00000,1.00000,17.35511,25.00459,41.64906,3.00000,10940.00000,
746.97894,521.32117,519.81854,0.00000,13.29984,14.29984,2.42039,112.71698,-1.80140,47.50320,5.35039,5964.97363,5136.74512,0.00000,5964.96191,47.50000,5.00000,11145.00000,11300.00000,3.00000,11300.00000,11710.00000,3.00000,3.00000,1.00000,215.19872,102.36371,17.37932,2.50000,0.00000,3.00000,1.00000,29.55997,-83.12582,0.00000,-0.25277,0.00000,309.00000,0.00000,89.99978,0.00000,210.00000,0.00000,89.99978,0.00000,0.00000,2.00000,1.00000,17.37932,25.86479,40.33680,3.00000,10940.00000,
747.96552,524.68799,523.18542,0.00000,13.30077,14.30077,2.42132,112.71851,-1.80210,47.50238,5.35304,5964.97461,5146.72021,0.00000,5964.96191,47.50000,5.00000,11145.00000,11300.00000,3.00000,11300.00000,11710.00000,3.00000,3.00000,1.00000,215.58011,102.74431,17.40395,2.50000,0.00000,3.00000,1.00000,29.44097,-83.24625,0.00000,-0.28252,0.00000,309.00000,0.00000,89.99978,0.00000,210.00000,0.00000,89.99978,0.00000,0.00000,2.00000,1.00000,17.40395,26.73217,39.11757,3.00000,10940.00000,
748.95355,528.35632,526.85376,0.00000,13.30179,14.30179,2.42234,112.71962,-1.80287,47.50148,5.35592,5964.97559,5108.79248,0.00000,5964.96191,47.50000,5.00000,11145.00000,11300.00000,3.00000,11300.00000,11710.00000,3.00000,3.00000,1.00000,215.99460,103.15773,17.43165,2.50000,0.00000,3.00000,1.00000,29.31125,-83.37714,0.00000,-0.31495,0.00000,309.00000,0.00000,89.99978,0.00000,210.00000,0.00000,89.99978,0.00000,0.00000,2.00000,1.00000,17.43165,27.55646,37.93398,3.00000,10940.00000,
749.93225,531.92419,530.42157,0.00000,13.30278,14.30278,2.42333,112.72099,-1.80361,47.50062,5.35872,5964.97656,5106.83350,0.00000,5964.96191,47.50000,5.00000,11145.00000,11300.00000,3.00000,11300.00000,11710.00000,3.00000,3.00000,1.00000,216.39694,103.55934,17.45947,2.50000,0.00000,3.00000,1.00000,29.18504,-83.50455,0.00000,-0.34650,0.00000,309.00000,0.00000,89.99978,0.00000,210.00000,0.00000,89.99978,0.00000,0.00000,2.00000,1.00000,17.45947,28.44182,36.81256,3.00000,10940.00000,
750.92346,535.59253,534.08990,0.00000,13.30380,14.30380,2.42435,112.72259,-1.80438,47.49973,5.36161,5964.97656,5145.05957,0.00000,5964.96191,47.50000,5.00000,11145.00000,11300.00000,3.00000,11300.00000,11710.00000,3.00000,3.00000,1.00000,216.80856,103.96983,17.48897,2.50000,0.00000,3.00000,1.00000,29.05522,-83.63596,0.00000,-0.37895,0.00000,309.00000,0.00000,89.99978,0.00000,210.00000,0.00000,89.99978,0.00000,0.00000,2.00000,1.00000,17.48897,29.32928,35.74530,3.00000,10940.00000,
751.89941,539.31110,537.80853,0.00000,13.30484,14.30484,2.42539,112.72427,-1.80516,47.49882,5.36453,5964.97705,5161.23584,0.00000,5964.96191,47.50000,5.00000,11145.00000,11300.00000,3.00000,11300.00000,11710.00000,3.00000,3.00000,1.00000,217.22522,104.38480,17.51978,2.50000,0.00000,3.00000,1.00000,28.92357,-83.76930,0.00000,-0.41186,0.00000,309.00000,0.00000,89.99978,0.00000,210.00000,0.00000,89.99978,0.00000,0.00000,2.00000,1.00000,17.51978,30.25021,34.75183,3.00000,10940.00000,
752.88873,543.28094,541.77838,0.00000,13.30594,14.30594,2.42649,112.72533,-1.80599,47.49785,5.36765,5964.97803,5181.20459,0.00000,5964.96191,47.50000,5.00000,11145.00000,11300.00000,3.00000,11300.00000,11710.00000,3.00000,3.00000,1.00000,217.66754,104.82659,17.55368,2.50000,0.00000,3.00000,1.00000,28.78299,-83.91113,0.00000,-0.44701,0.00000,309.00000,0.00000,89.99978,0.00000,210.00000,0.00000,89.99978,0.00000,0.00000,2.00000,1.00000,17.55368,31.15281,33.81243,3.00000,10940.00000,
753.86707,546.99957,545.49695,0.00000,13.30697,14.30697,2.42752,112.72670,-1.80676,47.49694,5.37057,5964.97900,5146.47461,0.00000,5964.96240,47.50000,5.00000,11145.00000,11300.00000,3.00000,11300.00000,11710.00000,3.00000,3.00000,1.00000,218.08083,105.23882,17.58638,2.50000,0.00000,3.00000,1.00000,28.65130,-84.04405,0.00000,-0.47993,0.00000,309.00000,0.00000,89.99978,0.00000,210.00000,0.00000,89.99978,0.00000,0.00000,2.00000,1.00000,17.58638,32.04306,32.92113,3.00000,10940.00000,
754.84576,550.76837,549.26581,0.00000,13.30802,14.30802,2.42857,112.72833,-1.80755,47.49603,5.37353,5964.97900,5192.07080,0.00000,5964.96240,47.50000,5.00000,11145.00000,11300.00000,3.00000,11300.00000,11710.00000,3.00000,3.00000,1.00000,218.49783,105.65516,17.62045,2.50000,0.00000,3.00000,1.00000,28.51775,-84.17899,0.00000,-0.51332,0.00000,309.00000,0.00000,89.99978,0.00000,210.00000,0.00000,89.99978,0.00000,0.00000,2.00000,1.00000,17.62045,32.96255,32.09317,3.00000,10940.00000,
755.81891,553.98450,552.48187,0.00000,13.30891,14.30891,2.42946,112.72976,-1.80822,47.49524,5.37606,5964.97949,5184.40479,0.00000,5964.96240,47.50000,5.00000,11145.00000,11300.00000,3.00000,11300.00000,11710.00000,3.00000,3.00000,1.00000,218.85239,106.00848,17.65026,2.50000,0.00000,3.00000,1.00000,28.40372,-84.29445,0.00000,-0.54182,0.00000,309.00000,0.00000,89.99978,0.00000,210.00000,0.00000,89.99978,0.00000,0.00000,2.00000,1.00000,17.65026,33.72458,31.44425,3.00000,10940.00000,
756.79645,557.30103,555.79846,0.00000,13.30983,14.30983,2.43038,112.73073,-1.80892,47.49444,5.37866,5964.97949,5216.79541,0.00000,5964.96240,47.50000,5.00000,11145.00000,11300.00000,3.00000,11300.00000,11710.00000,3.00000,3.00000,1.00000,219.21710,106.37240,17.68169,2.50000,0.00000,3.00000,1.00000,28.28610,-84.41332,0.00000,-0.57123,0.00000,309.00000,0.00000,89.99978,0.00000,210.00000,0.00000,89.99978,0.00000,0.00000,2.00000,1.00000,17.68169,34.43365,30.80988,3.00000,10940.00000,
757.78070,560.76837,559.26581,0.00000,13.31080,14.31080,2.43135,112.73178,-1.80964,47.49359,5.38139,5964.97998,5203.65137,0.00000,5964.96240,47.50000,5.00000,11145.00000,11300.00000,3.00000,11300.00000,11710.00000,3.00000,3.00000,1.00000,219.59644,106.75112,17.71532,2.50000,0.00000,3.00000,1.00000,28.16309,-84.53739,0.00000,-0.60198,0.00000,309.00000,0.00000,89.99978,0.00000,210.00000,0.00000,89.99978,0.00000,0.00000,2.00000,1.00000,17.71532,35.25032,30.16035,3.00000,10940.00000,
758.76343,564.83875,563.33618,0.00000,13.31193,14.31193,2.43248,112.73344,-1.81049,47.49260,5.38459,5964.98047,5225.86621,0.00000,5964.96240,47.50000,5.00000,11145.00000,11300.00000,3.00000,11300.00000,11710.00000,3.00000,3.00000,1.00000,220.04054,107.19427,17.75578,2.50000,0.00000,3.00000,1.00000,28.01864,-84.68330,0.00000,-0.63809,0.00000,309.00000,0.00000,89.99978,0.00000,210.00000,0.00000,89.99978,0.00000,0.00000,2.00000,1.00000,17.75578,36.24306,29.41446,3.00000,10940.00000,
759.74585,568.55731,567.05475,0.00000,13.31296,14.31296,2.43351,112.73505,-1.81127,47.49170,5.38751,5964.98047,5246.30713,0.00000,5964.96240,47.50000,5.00000,11145.00000,11300.00000,3.00000,11300.00000,11710.00000,3.00000,3.00000,1.00000,220.44392,107.59662,17.79367,2.50000,0.00000,3.00000,1.00000,27.88663,-84.81675,0.00000,-0.67110,0.00000,309.00000,0.00000,89.99978,0.00000,210.00000,0.00000,89.99978,0.00000,0.00000,2.00000,1.00000,17.79367,37.05425,28.79447,3.00000,10940.00000,
760.72565,572.57745,571.07483,0.00000,13.31408,14.31408,2.43463,112.73638,-1.81211,47.49072,5.39067,5964.98096,5251.75830,0.00000,5964.96240,47.50000,5.00000,11145.00000,11300.00000,3.00000,11300.00000,11710.00000,3.00000,3.00000,1.00000,220.87863,108.03019,17.83562,2.50000,0.00000,3.00000,1.00000,27.74387,-84.96119,0.00000,-0.70678,0.00000,309.00000,0.00000,89.99978,0.00000,210.00000,0.00000,89.99978,0.00000,0.00000,2.00000,1.00000,17.83562,38.01244,28.18710,3.00000,10940.00000,
761.69965,576.04480,574.54218,0.00000,13.31504,14.31504,2.43559,112.73740,-1.81283,47.48987,5.39339,5964.98145,5243.28809,0.00000,5964.96240,47.50000,5.00000,11145.00000,11300.00000,3.00000,11300.00000,11710.00000,3.00000,3.00000,1.00000,221.25150,108.40237,17.87261,2.50000,0.00000,3.00000,1.00000,27.62071,-85.08539,0.00000,-0.73757,0.00000,309.00000,0.00000,89.99978,0.00000,210.00000,0.00000,89.99978,0.00000,0.00000,2.00000,1.00000,17.87261,38.80804,27.65820,3.00000,10940.00000,
762.68781,579.41162,577.90900,0.00000,13.31597,14.31597,2.43653,112.73876,-1.81354,47.48905,5.39604,5964.98193,5232.42773,0.00000,5964.96240,47.50000,5.00000,11145.00000,11300.00000,3.00000,11300.00000,11710.00000,3.00000,3.00000,1.00000,221.61250,108.76270,17.90925,2.50000,0.00000,3.00000,1.00000,27.50109,-85.20621,0.00000,-0.76748,0.00000,309.00000,0.00000,89.99978,0.00000,210.00000,0.00000,89.99978,0.00000,0.00000,2.00000,1.00000,17.90925,39.49866,27.18433,3.00000,10940.00000,
763.67090,582.82867,581.32611,0.00000,13.31692,14.31692,2.43747,112.74025,-1.81425,47.48822,5.39872,5964.98193,5227.36768,0.00000,5964.96240,47.50000,5.00000,11145.00000,11300.00000,3.00000,11300.00000,11710.00000,3.00000,3.00000,1.00000,221.97690,109.12622,17.94716,2.50000,0.00000,3.00000,1.00000,27.37970,-85.32887,0.00000,-0.79783,0.00000,309.00000,0.00000,89.99978,0.00000,210.00000,0.00000,89.99978,0.00000,0.00000,2.00000,1.00000,17.94716,40.32933,26.72318,3.00000,10940.00000,
764.65198,586.44678,584.94421,0.00000,13.31793,14.31793,2.43848,112.74178,-1.81501,47.48734,5.40156,5964.98193,5236.07813,0.00000,5964.96240,47.50000,5.00000,11145.00000,11300.00000,3.00000,11300.00000,11710.00000,3.00000,3.00000,1.00000,222.36153,109.50981,17.98808,2.50000,0.00000,3.00000,1.00000,27.25114,-85.45904,0.00000,-0.82997,0.00000,309.00000,0.00000,89.99978,0.00000,210.00000,0.00000,89.99978,0.00000,0.00000,2.00000,1.00000,17.98808,41.05137,26.29400,3.00000,10940.00000,
765.63940,590.11511,588.61255,0.00000,13.31895,14.31895,2.43950,112.74261,-1.81577,47.48644,5.40444,5964.98242,5227.76611,0.00000,5964.96240,47.50000,5.00000,11145.00000,11300.00000,3.00000,11300.00000,11710.00000,3.00000,3.00000,1.00000,222.74931,109.89673,18.03039,2.50000,0.00000,3.00000,1.00000,27.12070,-85.59068,0.00000,-0.86257,0.00000,309.00000,0.00000,89.99978,0.00000,210.00000,0.00000,89.99978,0.00000,0.00000,2.00000,1.00000,18.03039,41.87504,25.83896,3.00000,10940.00000,
766.62921,593.78345,592.28088,0.00000,13.31997,14.31997,2.44052,112.74393,-1.81654,47.48555,5.40732,5964.98291,5182.97021,0.00000,5964.96240,47.50000,5.00000,11145.00000,11300.00000,3.00000,11300.00000,11710.00000,3.00000,3.00000,1.00000,223.13550,110.28233,18.07352,2.50000,0.00000,3.00000,1.00000,26.99024,-85.72237,0.00000,-0.89519,0.00000,309.00000,0.00000,89.99978,0.00000,210.00000,0.00000,89.99978,0.00000,0.00000,2.00000,1.00000,18.07352,42.70106,25.42827,3.00000,10940.00000,
767.61450,597.50208,595.99945,0.00000,13.32100,14.32100,2.44155,112.74561,-1.81731,47.48464,5.41025,5964.98340,5177.25049,0.00000,5964.96240,47.50000,5.00000,11145.00000,11300.00000,3.00000,11300.00000,11710.00000,3.00000,3.00000,1.00000,223.52512,110.67084,18.11807,2.50000,0.00000,3.00000,1.00000,26.85796,-85.85603,0.00000,-0.92826,0.00000,309.00000,0.00000,89.99978,0.00000,210.00000,0.00000,89.99978,0.00000,0.00000,2.00000,1.00000,18.11807,43.49146,25.00258,3.00000,10940.00000,
768.59369,600.91913,599.41656,0.00000,13.32195,14.32195,2.44250,112.74712,-1.81803,47.48381,5.41293,5964.98340,5171.33545,0.00000,5964.96240,47.50000,5.00000,11145.00000,11300.00000,3.00000,11300.00000,11710.00000,3.00000,3.00000,1.00000,223.88118,111.02637,18.15974,2.50000,0.00000,3.00000,1.00000,26.73638,-85.97892,0.00000,-0.95865,0.00000,309.00000,0.00000,89.99978,0.00000,210.00000,0.00000,89.99978,0.00000,0.00000,2.00000,1.00000,18.15974,44.25300,24.63377,3.00000,10940.00000,
769.57483,604.28595,602.78339,0.00000,13.32288,14.32288,2.44343,112.74806,-1.81873,47.48298,5.41557,5964.98340,5179.63232,0.00000,5964.96240,47.50000,5.00000,11145.00000,11300.00000,3.00000,11300.00000,11710.00000,3.00000,3.00000,1.00000,224.23082,111.37471,18.20148,2.50000,0.00000,3.00000,1.00000,26.61656,-86.10007,0.00000,-0.98861,0.00000,309.00000,0.00000,89.99978,0.00000,210.00000,0.00000,89.99978,0.00000,0.00000,2.00000,1.00000,18.20148,45.00499,24.28505,3.00000,10940.00000,
770.55536,607.35132,605.84869,0.00000,13.32374,14.32374,2.44429,112.74895,-1.81937,47.48223,5.41798,5964.98389,5180.63379,0.00000,5964.96240,47.50000,5.00000,11145.00000,11300.00000,3.00000,11300.00000,11710.00000,3.00000,3.00000,1.00000,224.54727,111.69096,18.24006,2.50000,0.00000,3.00000,1.00000,26.50746,-86.21020,0.00000,-1.01588,0.00000,309.00000,0.00000,89.99978,0.00000,210.00000,0.00000,89.99978,0.00000,0.00000,2.00000,1.00000,18.24006,45.58590,23.99891,3.00000,10940.00000,
771.54327,611.22064,609.71808,0.00000,13.32481,14.32481,2.44536,112.75053,-1.82018,47.48129,5.42102,5964.98438,5155.17090,0.00000,5964.96240,47.50000,5.00000,11145.00000,11300.00000,3.00000,11300.00000,11710.00000,3.00000,3.00000,1.00000,224.94542,112.08804,18.28955,2.50000,0.00000,3.00000,1.00000,26.36971,-86.34933,0.00000,-1.05032,0.00000,309.00000,0.00000,89.99978,0.00000,210.00000,0.00000,89.99978,0.00000,0.00000,2.00000,1.00000,18.28955,46.44093,23.63354,3.00000,10940.00000,
772.52948,614.88898,613.38641,0.00000,13.32583,14.32583,2.44638,112.75214,-1.82094,47.48040,5.42390,5964.98486,5178.48682,0.00000,5964.96240,47.50000,5.00000,11145.00000,11300.00000,3.00000,11300.00000,11710.00000,3.00000,3.00000,1.00000,225.32018,112.46222,18.33728,2.50000,0.00000,3.00000,1.00000,26.23909,-86.48130,0.00000,-1.08297,0.00000,309.00000,0.00000,89.99978,0.00000,210.00000,0.00000,89.99978,0.00000,0.00000,2.00000,1.00000,18.33728,47.14139,23.33835,3.00000,10940.00000,
773.50562,618.35632,616.85376,0.00000,13.32679,14.32679,2.44734,112.75339,-1.82167,47.47955,5.42662,5964.98486,5163.89014,0.00000,5964.96240,47.50000,5.00000,11145.00000,11300.00000,3.00000,11300.00000,11710.00000,3.00000,3.00000,1.00000,225.67329,112.81429,18.38311,2.50000,0.00000,3.00000,1.00000,26.11562,-86.60606,0.00000,-1.11384,0.00000,309.00000,0.00000,89.99978,0.00000,210.00000,0.00000,89.99978,0.00000,0.00000,2.00000,1.00000,18.38311,47.92021,23.02249,3.00000,10940.00000,
774.48962,622.07495,620.57233,0.00000,13.32782,14.32782,2.44838,112.75438,-1.82244,47.47865,5.42954,5964.98535,5173.31055,0.00000,5964.96240,47.50000,5.00000,11145.00000,11300.00000,3.00000,11300.00000,11710.00000,3.00000,3.00000,1.00000,226.04951,113.18974,18.43303,2.50000,0.00000,3.00000,1.00000,25.98317,-86.73987,0.00000,-1.14695,0.00000,309.00000,0.00000,89.99978,0.00000,210.00000,0.00000,89.99978,0.00000,0.00000,2.00000,1.00000,18.43303,48.72005,22.71974,3.00000,10940.00000,
775.47650,625.84375,624.34119,0.00000,13.32887,14.32887,2.44942,112.75586,-1.82323,47.47773,5.43250,5964.98584,5197.02539,0.00000,5964.96240,47.50000,5.00000,11145.00000,11300.00000,3.00000,11300.00000,11710.00000,3.00000,3.00000,1.00000,226.42897,113.56862,18.48443,2.50000,0.00000,3.00000,1.00000,25.84891,-86.87548,0.00000,-1.18052,0.00000,309.00000,0.00000,89.99978,0.00000,210.00000,0.00000,89.99978,0.00000,0.00000,2.00000,1.00000,18.48443,49.45486,22.42516,3.00000,10940.00000,
776.45776,629.76337,628.26080,0.00000,13.32996,14.32996,2.45051,112.75760,-1.82405,47.47677,5.43558,5964.98584,5214.19971,0.00000,5964.96240,47.50000,5.00000,11145.00000,11300.00000,3.00000,11300.00000,11710.00000,3.00000,3.00000,1.00000,226.82164,113.96009,18.53873,2.50000,0.00000,3.00000,1.00000,25.70927,-87.01652,0.00000,-1.21543,0.00000,309.00000,0.00000,89.99978,0.00000,210.00000,0.00000,89.99978,0.00000,0.00000,2.00000,1.00000,18.53873,50.26713,22.13659,3.00000,10940.00000,
777.43890,633.38147,631.87885,0.00000,13.33097,14.33097,2.45152,112.75902,-1.82480,47.47589,5.43842,5964.98584,5185.35254,0.00000,5964.96973,47.50000,5.00000,11145.00000,11300.00000,3.00000,11300.00000,11710.00000,3.00000,3.00000,1.00000,227.18135,114.31905,18.58962,2.50000,0.00000,3.00000,1.00000,25.58035,-87.14671,0.00000,-1.24766,0.00000,309.00000,0.00000,89.99978,0.00000,210.00000,0.00000,89.99978,0.00000,0.00000,2.00000,1.00000,18.58962,51.01605,21.88645,3.00000,10940.00000,
778.42084,636.64777,635.14520,0.00000,13.33187,14.33187,2.45242,112.75983,-1.82548,47.47509,5.44099,5964.98633,5166.56934,0.00000,5964.97656,47.50000,5.00000,11145.00000,11300.00000,3.00000,11300.00000,11710.00000,3.00000,3.00000,1.00000,227.50505,114.64212,18.63619,2.50000,0.00000,3.00000,1.00000,25.46395,-87.26427,0.00000,-1.27676,0.00000,309.00000,0.00000,89.99978,0.00000,210.00000,0.00000,89.99978,0.00000,0.00000,2.00000,1.00000,18.63619,51.63929,21.66131,3.00000,10940.00000,
779.39972,640.26587,638.76331,0.00000,13.33288,14.33288,2.45343,112.76111,-1.82624,47.47421,5.44383,5964.98682,5167.37207,0.00000,5964.97656,47.50000,5.00000,11145.00000,11300.00000,3.00000,11300.00000,11710.00000,3.00000,3.00000,1.00000,227.86121,114.99751,18.68845,2.50000,0.00000,3.00000,1.00000,25.33500,-87.39446,0.00000,-1.30899,0.00000,309.00000,0.00000,89.99978,0.00000,210.00000,0.00000,89.99978,0.00000,0.00000,2.00000,1.00000,18.68845,52.29988,21.43034,3.00000,10940.00000,
780.38660,644.03473,642.53217,0.00000,13.33393,14.33393,2.45448,112.76279,-1.82702,47.47329,5.44679,5964.98682,5187.50439,0.00000,5964.97656,47.50000,5.00000,11145.00000,11300.00000,3.00000,11300.00000,11710.00000,3.00000,3.00000,1.00000,228.23027,115.36600,18.74366,2.50000,0.00000,3.00000,1.00000,25.20068,-87.53008,0.00000,-1.34257,0.00000,309.00000,0.00000,89.99978,0.00000,210.00000,0.00000,89.99978,0.00000,0.00000,2.00000,1.00000,18.74366,53.09501,21.18443,3.00000,10940.00000,
781.36414,647.30103,645.79846,0.00000,13.33483,14.33483,2.45538,112.76418,-1.82770,47.47249,5.44935,5964.98730,5209.15137,0.00000,5964.97656,47.50000,5.00000,11145.00000,11300.00000,3.00000,11300.00000,11710.00000,3.00000,3.00000,1.00000,228.54865,115.68312,18.79213,2.50000,0.00000,3.00000,1.00000,25.08426,-87.64785,0.00000,-1.37168,0.00000,309.00000,0.00000,89.99978,0.00000,210.00000,0.00000,89.99978,0.00000,0.00000,2.00000,1.00000,18.79213,53.69700,20.99982,3.00000,10940.00000,
782.34662,650.96942,649.46680,0.00000,13.33585,14.33585,2.45640,112.76534,-1.82847,47.47159,5.45223,5964.98730,5224.56592,0.00000,5964.97656,47.50000,5.00000,11145.00000,11300.00000,3.00000,11300.00000,11710.00000,3.00000,3.00000,1.00000,228.90355,116.03744,18.84725,2.50000,0.00000,3.00000,1.00000,24.95352,-87.78006,0.00000,-1.40436,0.00000,309.00000,0.00000,89.99978,0.00000,210.00000,0.00000,89.99978,0.00000,0.00000,2.00000,1.00000,18.84725,54.43230,20.78666,3.00000,10940.00000,
783.33405,654.63776,653.13513,0.00000,13.33687,14.33687,2.45742,112.76643,-1.82923,47.47070,5.45511,5964.98828,5200.96143,0.00000,5964.97656,47.50000,5.00000,11145.00000,11300.00000,3.00000,11300.00000,11710.00000,3.00000,3.00000,1.00000,229.25702,116.39030,18.90309,2.50000,0.00000,3.00000,1.00000,24.82278,-87.91206,0.00000,-1.43705,0.00000,309.00000,0.00000,89.99978,0.00000,210.00000,0.00000,89.99978,0.00000,0.00000,2.00000,1.00000,18.90309,55.10735,20.57039,3.00000,10940.00000,
784.31934,657.85382,656.35126,0.00000,13.33776,14.33776,2.45831,112.76768,-1.82990,47.46991,5.45764,5964.98828,5163.11328,0.00000,5964.97656,47.50000,5.00000,11145.00000,11300.00000,3.00000,11300.00000,11710.00000,3.00000,3.00000,1.00000,229.56477,116.69733,18.95263,2.50000,0.00000,3.00000,1.00000,24.70815,-88.02779,0.00000,-1.46571,0.00000,309.00000,0.00000,89.99978,0.00000,210.00000,0.00000,89.99978,0.00000,0.00000,2.00000,1.00000,18.95263,55.74059,20.40598,3.00000,10940.00000,
785.30597,661.06989,659.56732,0.00000,13.33866,14.33866,2.45921,112.76915,-1.83057,47.46913,5.46016,5964.98877,5185.22021,0.00000,5964.97656,47.50000,5.00000,11145.00000,11300.00000,3.00000,11300.00000,11710.00000,3.00000,3.00000,1.00000,229.87120,117.00320,19.00270,2.50000,0.00000,3.00000,1.00000,24.59348,-88.14356,0.00000,-1.49437,0.00000,309.00000,0.00000,89.99978,0.00000,210.00000,0.00000,89.99978,0.00000,0.00000,2.00000,1.00000,19.00270,56.39560,20.22599,3.00000,10940.00000,
786.29205,664.48700,662.98438,0.00000,13.33961,14.33961,2.46016,112.77065,-1.83129,47.46829,5.46284,5964.98877,5204.50000,0.00000,5964.97656,47.50000,5.00000,11145.00000,11300.00000,3.00000,11300.00000,11710.00000,3.00000,3.00000,1.00000,230.19496,117.32570,19.05650,2.50000,0.00000,3.00000,1.00000,24.47165,-88.26691,0.00000,-1.52483,0.00000,309.00000,0.00000,89.99978,0.00000,210.00000,0.00000,89.99978,0.00000,0.00000,2.00000,1.00000,19.05650,56.97417,20.07205,3.00000,10940.00000,
787.27838,668.15533,666.65271,0.00000,13.34062,14.34062,2.46118,112.77151,-1.83205,47.46740,5.46572,5964.98877,5192.60156,0.00000,5964.97656,47.50000,5.00000,11145.00000,11300.00000,3.00000,11300.00000,11710.00000,3.00000,3.00000,1.00000,230.54018,117.67055,19.11493,2.50000,0.00000,3.00000,1.00000,24.34085,-88.39904,0.00000,-1.55753,0.00000,309.00000,0.00000,89.99978,0.00000,210.00000,0.00000,89.99978,0.00000,0.00000,2.00000,1.00000,19.11493,57.65815,19.89018,3.00000,10940.00000,
788.25842,671.82367,670.32111,0.00000,13.34164,14.34164,2.46220,112.77280,-1.83281,47.46650,5.46860,5964.98975,5203.17725,0.00000,5964.97656,47.50000,5.00000,11145.00000,11300.00000,3.00000,11300.00000,11710.00000,3.00000,3.00000,1.00000,230.88382,118.01344,19.17404,2.50000,0.00000,3.00000,1.00000,24.21005,-88.53104,0.00000,-1.59023,0.00000,309.00000,0.00000,89.99978,0.00000,210.00000,0.00000,89.99978,0.00000,0.00000,2.00000,1.00000,19.17404,58.29943,19.72949,3.00000,10940.00000,
789.23779,675.24072,673.73816,0.00000,13.34259,14.34259,2.46314,112.77431,-1.83353,47.46566,5.47129,5964.98975,5197.95313,0.00000,5964.97656,47.50000,5.00000,11145.00000,11300.00000,3.00000,11300.00000,11710.00000,3.00000,3.00000,1.00000,231.20149,118.33031,19.22972,2.50000,0.00000,3.00000,1.00000,24.08821,-88.65408,0.00000,-1.62069,0.00000,309.00000,0.00000,89.99978,0.00000,210.00000,0.00000,89.99978,0.00000,0.00000,2.00000,1.00000,19.22972,58.94918,19.58443,3.00000,10940.00000,
790.23035,678.15533,676.65271,0.00000,13.34340,14.34340,2.46395,112.77557,-1.83413,47.46495,5.47357,5964.98975,5202.66650,0.00000,5964.97656,47.50000,5.00000,11145.00000,11300.00000,3.00000,11300.00000,11710.00000,3.00000,3.00000,1.00000,231.47134,118.59961,19.27767,2.50000,0.00000,3.00000,1.00000,23.98429,-88.75917,0.00000,-1.64667,0.00000,309.00000,0.00000,89.99978,0.00000,210.00000,0.00000,89.99978,0.00000,0.00000,2.00000,1.00000,19.27767,59.46770,19.44609,3.00000,10940.00000,
791.21338,681.47192,679.96930,0.00000,13.34432,14.34432,2.46488,112.77660,-1.83482,47.46414,5.47618,5964.99023,5207.68701,0.00000,5964.97656,47.50000,5.00000,11145.00000,11300.00000,3.00000,11300.00000,11710.00000,3.00000,3.00000,1.00000,231.77655,118.90377,19.33275,2.50000,0.00000,3.00000,1.00000,23.86604,-88.87877,0.00000,-1.67623,0.00000,309.00000,0.00000,89.99978,0.00000,210.00000,0.00000,89.99978,0.00000,0.00000,2.00000,1.00000,19.33275,60.09105,19.31343,3.00000,10940.00000,
792.18970,684.43671,682.93414,0.00000,13.34515,14.34515,2.46570,112.77743,-1.83544,47.46342,5.47850,5964.99023,5188.52979,0.00000,5964.97656,47.50000,5.00000,11145.00000,11300.00000,3.00000,11300.00000,11710.00000,3.00000,3.00000,1.00000,232.04794,119.17483,19.38245,2.50000,0.00000,3.00000,1.00000,23.76033,-88.98551,0.00000,-1.70266,0.00000,309.00000,0.00000,89.99978,0.00000,210.00000,0.00000,89.99978,0.00000,0.00000,2.00000,1.00000,19.38245,60.53722,19.20072,3.00000,10940.00000,
793.16583,687.95435,686.45172,0.00000,13.34612,14.34612,2.46668,112.77882,-1.83617,47.46256,5.48126,5964.99072,5125.06348,0.00000,5964.97656,47.50000,5.00000,11145.00000,11300.00000,3.00000,11300.00000,11710.00000,3.00000,3.00000,1.00000,232.36839,119.49434,19.44197,2.50000,0.00000,3.00000,1.00000,23.63491,-89.11208,0.00000,-1.73402,0.00000,309.00000,0.00000,89.99978,0.00000,210.00000,0.00000,89.99978,0.00000,0.00000,2.00000,1.00000,19.44197,61.18885,19.06494,3.00000,10940.00000,
794.13995,691.12012,689.61755,0.00000,13.34700,14.34700,2.46756,112.78026,-1.83683,47.46178,5.48375,5964.99121,5140.66504,0.00000,5964.97656,47.50000,5.00000,11145.00000,11300.00000,3.00000,11300.00000,11710.00000,3.00000,3.00000,1.00000,232.65451,119.78021,19.49606,2.50000,0.00000,3.00000,1.00000,23.52204,-89.22610,0.00000,-1.76223,0.00000,309.00000,0.00000,89.99978,0.00000,210.00000,0.00000,89.99978,0.00000,0.00000,2.00000,1.00000,19.49606,61.76870,18.94881,3.00000,10940.00000,
795.12677,694.58746,693.08490,0.00000,13.34797,14.34797,2.46852,112.78178,-1.83756,47.46094,5.48647,5964.99121,5151.92334,0.00000,5964.97656,47.50000,5.00000,11145.00000,11300.00000,3.00000,11300.00000,11710.00000,3.00000,3.00000,1.00000,232.96680,120.09139,19.55585,2.50000,0.00000,3.00000,1.00000,23.39843,-89.35126,0.00000,-1.79314,0.00000,309.00000,0.00000,89.99978,0.00000,210.00000,0.00000,89.99978,0.00000,0.00000,2.00000,1.00000,19.55585,62.37355,18.81878,3.00000,10940.00000,
796.10034,698.50708,697.00452,0.00000,13.34906,14.34906,2.46961,112.78271,-1.83837,47.45998,5.48955,5964.99170,5203.72852,0.00000,5964.97656,47.50000,5.00000,11145.00000,11300.00000,3.00000,11300.00000,11710.00000,3.00000,3.00000,1.00000,233.31694,120.44061,19.62413,2.50000,0.00000,3.00000,1.00000,23.25870,-89.49244,0.00000,-1.82807,0.00000,309.00000,0.00000,89.99978,0.00000,210.00000,0.00000,89.99978,0.00000,0.00000,2.00000,1.00000,19.62413,63.03671,18.68147,3.00000,10940.00000,
797.08606,701.82367,700.32111,0.00000,13.34998,14.34998,2.47053,112.78389,-1.83906,47.45917,5.49215,5964.99219,5207.28857,0.00000,5964.97656,47.50000,5.00000,11145.00000,11300.00000,3.00000,11300.00000,11710.00000,3.00000,3.00000,1.00000,233.61148,120.73481,19.68247,2.50000,0.00000,3.00000,1.00000,23.14047,-89.61178,0.00000,-1.85762,0.00000,309.00000,0.00000,89.99978,0.00000,210.00000,0.00000,89.99978,0.00000,0.00000,2.00000,1.00000,19.68247,63.57782,18.57797,3.00000,10940.00000,
798.06732,705.14026,703.63763,0.00000,13.35090,14.35090,2.47145,112.78533,-1.83975,47.45836,5.49475,5964.99268,5218.17041,0.00000,5964.97656,47.50000,5.00000,11145.00000,11300.00000,3.00000,11300.00000,11710.00000,3.00000,3.00000,1.00000,233.90454,121.02686,19.74133,2.50000,0.00000,3.00000,1.00000,23.02226,-89.73112,0.00000,-1.88718,0.00000,309.00000,0.00000,89.99978,0.00000,210.00000,0.00000,89.99978,0.00000,0.00000,2.00000,1.00000,19.74133,64.11308,18.47238,3.00000,10940.00000,
799.04480,709.05988,707.55725,0.00000,13.35199,14.35199,2.47254,112.78706,-1.84057,47.45740,5.49783,5964.99268,5223.61768,0.00000,5964.97705,47.50000,5.00000,11145.00000,11300.00000,3.00000,11300.00000,11710.00000,3.00000,3.00000,1.00000,234.24796,121.36959,19.81155,2.50000,0.00000,3.00000,1.00000,22.88256,-89.87241,0.00000,-1.92210,0.00000,309.00000,0.00000,89.99978,0.00000,210.00000,0.00000,89.99978,0.00000,0.00000,2.00000,1.00000,19.81155,64.76976,18.35104,3.00000,10940.00000,
800.02051,712.87897,711.37634,0.00000,13.35305,14.35305,2.47360,112.78827,-1.84136,47.45647,5.50082,5964.99268,5223.10791,0.00000,5964.97656,47.50000,5.00000,11145.00000,11300.00000,3.00000,11300.00000,11710.00000,3.00000,3.00000,1.00000,234.58075,121.70147,19.88065,2.50000,0.00000,3.00000,1.00000,22.74645,-90.01006,0.00000,-1.95613,0.00000,309.00000,0.00000,89.99978,0.00000,210.00000,0.00000,89.99978,0.00000,0.00000,2.00000,1.00000,19.88065,65.44559,18.23725,3.00000,10940.00000,
801.00580,716.34625,714.84369,0.00000,13.35401,14.35401,2.47456,112.78928,-1.84209,47.45562,5.50354,5964.99316,5273.93994,0.00000,5964.97656,47.50000,5.00000,11145.00000,11300.00000,3.00000,11300.00000,11710.00000,3.00000,3.00000,1.00000,234.88084,122.00080,19.94395,2.50000,0.00000,3.00000,1.00000,22.62287,-90.13483,0.00000,-1.98703,0.00000,309.00000,0.00000,89.99978,0.00000,210.00000,0.00000,89.99978,0.00000,0.00000,2.00000,1.00000,19.94395,65.98506,18.14182,3.00000,10940.00000,
801.99225,719.71313,718.21051,0.00000,13.35495,14.35495,2.47550,112.78999,-1.84279,47.45480,5.50619,5964.99219,5286.54736,0.00000,5964.97754,47.50000,5.00000,11145.00000,11300.00000,3.00000,11300.00000,11710.00000,3.00000,3.00000,1.00000,235.17003,122.28981,20.00594,2.50000,0.00000,3.00000,1.00000,22.50287,-90.25597,0.00000,-2.01703,0.00000,309.00000,0.00000,89.99978,0.00000,210.00000,0.00000,89.99978,0.00000,0.00000,2.00000,1.00000,20.00594,66.57471,18.04078,3.00000,10940.00000,
802.97241,722.72821,721.22559,0.00000,13.35578,14.35578,2.47634,112.79145,-1.84341,47.45406,5.50855,5964.98779,5284.60547,0.00000,5964.97754,47.50000,5.00000,11145.00000,11300.00000,3.00000,11300.00000,11710.00000,3.00000,3.00000,1.00000,235.42813,122.54694,20.06188,2.50000,0.00000,3.00000,1.00000,22.39544,-90.36446,0.00000,-2.04388,0.00000,309.00000,0.00000,89.99978,0.00000,210.00000,0.00000,89.99978,0.00000,0.00000,2.00000,1.00000,20.06188,67.02081,17.96137,3.00000,10940.00000,
803.96454,725.69299,724.19043,0.00000,13.35661,14.35661,2.47716,112.79288,-1.84403,47.45333,5.51088,5964.98340,5264.46191,0.00000,5964.97754,47.50000,5.00000,11145.00000,11300.00000,3.00000,11300.00000,11710.00000,3.00000,3.00000,1.00000,235.67970,122.79796,20.11728,2.50000,0.00000,3.00000,1.00000,22.28983,-90.47124,0.00000,-2.07029,0.00000,309.00000,0.00000,89.99978,0.00000,210.00000,0.00000,89.99978,0.00000,0.00000,2.00000,1.00000,20.11728,67.49958,17.88962,3.00000,10940.00000,
804.95270,729.46185,727.95929,0.00000,13.35765,14.35765,2.47821,112.79418,-1.84481,47.45241,5.51384,5964.97803,5213.78271,0.00000,5964.97754,47.50000,5.00000,11145.00000,11300.00000,3.00000,11300.00000,11710.00000,3.00000,3.00000,1.00000,235.99828,123.11558,20.18826,2.50000,0.00000,3.00000,1.00000,22.15561,-90.60699,0.00000,-2.10385,0.00000,309.00000,0.00000,89.99978,0.00000,210.00000,0.00000,89.99978,0.00000,0.00000,2.00000,1.00000,20.18826,68.05663,17.79444,3.00000,10940.00000,
805.92877,733.02972,731.52710,0.00000,13.35865,14.35865,2.47920,112.79545,-1.84556,47.45154,5.51663,5964.97363,5209.50488,0.00000,5964.97656,47.50000,5.00000,11145.00000,11300.00000,3.00000,11300.00000,11710.00000,3.00000,3.00000,1.00000,236.29742,123.41400,20.25602,2.50000,0.00000,3.00000,1.00000,22.02855,-90.73537,0.00000,-2.13561,0.00000,309.00000,0.00000,89.99978,0.00000,210.00000,0.00000,89.99978,0.00000,0.00000,2.00000,1.00000,20.25602,68.63731,17.71751,3.00000,10940.00000,
806.91425,736.54730,735.04468,0.00000,13.35962,14.35962,2.48017,112.79704,-1.84629,47.45068,5.51939,5964.97021,5205.57959,0.00000,5964.97656,47.50000,5.00000,11145.00000,11300.00000,3.00000,11300.00000,11710.00000,3.00000,3.00000,1.00000,236.59048,123.70660,20.32337,2.50000,0.00000,3.00000,1.00000,21.90331,-90.86195,0.00000,-2.16692,0.00000,309.00000,0.00000,89.99978,0.00000,210.00000,0.00000,89.99978,0.00000,0.00000,2.00000,1.00000,20.32337,69.19998,17.62424,3.00000,10940.00000,
807.89825,740.36639,738.86377,0.00000,13.36068,14.36068,2.48124,112.79894,-1.84708,47.44975,5.52239,5964.96875,5209.03174,0.00000,5964.97656,47.50000,5.00000,11145.00000,11300.00000,3.00000,11300.00000,11710.00000,3.00000,3.00000,1.00000,236.90681,124.02172,20.39709,2.50000,0.00000,3.00000,1.00000,21.76736,-90.99937,0.00000,-2.20091,0.00000,309.00000,0.00000,89.99978,0.00000,210.00000,0.00000,89.99978,0.00000,0.00000,2.00000,1.00000,20.39709,69.78791,17.53867,3.00000,10940.00000,
808.87836,743.43170,741.92914,0.00000,13.36154,14.36154,2.48209,112.80011,-1.84772,47.44899,5.52480,5964.96777,5220.64990,0.00000,5964.97656,47.50000,5.00000,11145.00000,11300.00000,3.00000,11300.00000,11710.00000,3.00000,3.00000,1.00000,237.15845,124.27267,20.45669,2.50000,0.00000,3.00000,1.00000,21.65826,-91.10966,0.00000,-2.22818,0.00000,309.00000,0.00000,89.99978,0.00000,210.00000,0.00000,89.99978,0.00000,0.00000,2.00000,1.00000,20.45669,70.22503,17.47741,3.00000,10940.00000,
809.86743,747.10004,745.59747,0.00000,13.36255,14.36255,2.48311,112.80090,-1.84848,47.44810,5.52767,5964.96631,5211.63477,0.00000,5964.97656,47.50000,5.00000,11145.00000,11300.00000,3.00000,11300.00000,11710.00000,3.00000,3.00000,1.00000,237.45833,124.57173,20.52854,2.50000,0.00000,3.00000,1.00000,21.52772,-91.24166,0.00000,-2.26082,0.00000,309.00000,0.00000,89.99978,0.00000,210.00000,0.00000,89.99978,0.00000,0.00000,2.00000,1.00000,20.52854,70.68469,17.41637,3.00000,10940.00000,
810.84351,750.71814,749.21558,0.00000,13.36356,14.36356,2.48411,112.80219,-1.84924,47.44721,5.53051,5964.96533,5217.26318,0.00000,5964.97656,47.50000,5.00000,11145.00000,11300.00000,3.00000,11300.00000,11710.00000,3.00000,3.00000,1.00000,237.75175,124.86439,20.59995,2.50000,0.00000,3.00000,1.00000,21.39899,-91.37177,0.00000,-2.29300,0.00000,309.00000,0.00000,89.99978,0.00000,210.00000,0.00000,89.99978,0.00000,0.00000,2.00000,1.00000,20.59995,71.37218,17.33468,3.00000,10940.00000,
811.82690,753.73322,752.23065,0.00000,13.36440,14.36440,2.48495,112.80356,-1.84986,47.44647,5.53288,5964.96436,5230.55078,0.00000,5964.97656,47.50000,5.00000,11145.00000,11300.00000,3.00000,11300.00000,11710.00000,3.00000,3.00000,1.00000,237.99471,125.10698,20.65987,2.50000,0.00000,3.00000,1.00000,21.29175,-91.48010,0.00000,-2.31981,0.00000,309.00000,0.00000,89.99978,0.00000,210.00000,0.00000,89.99978,0.00000,0.00000,2.00000,1.00000,20.65987,71.73641,17.27924,3.00000,10940.00000,
812.81537,756.59753,755.09497,0.00000,13.36519,14.36519,2.48574,112.80486,-1.85046,47.44577,5.53512,5964.96338,5246.68652,0.00000,5964.96436,47.50000,5.00000,11145.00000,11300.00000,3.00000,11300.00000,11710.00000,3.00000,3.00000,1.00000,238.22433,125.33563,20.71713,2.50000,0.00000,3.00000,1.00000,21.18988,-91.58309,0.00000,-2.34528,0.00000,309.00000,0.00000,89.99978,0.00000,210.00000,0.00000,89.99978,0.00000,0.00000,2.00000,1.00000,20.71713,72.13962,17.23186,3.00000,10940.00000,
813.79504,759.61261,758.11005,0.00000,13.36603,14.36603,2.48658,112.80582,-1.85108,47.44503,5.53749,5964.96338,5278.84082,0.00000,5964.96191,47.50000,5.00000,11145.00000,11300.00000,3.00000,11300.00000,11710.00000,3.00000,3.00000,1.00000,238.46452,125.57539,20.77776,2.50000,0.00000,3.00000,1.00000,21.08267,-91.69152,0.00000,-2.37208,0.00000,309.00000,0.00000,89.99978,0.00000,210.00000,0.00000,89.99978,0.00000,0.00000,2.00000,1.00000,20.77776,72.62605,17.17262,3.00000,10940.00000,
814.77350,762.52716,761.02460,0.00000,13.36684,14.36684,2.48739,112.80655,-1.85169,47.44432,5.53977,5964.96387,5314.70557,0.00000,5964.96191,47.50000,5.00000,11145.00000,11300.00000,3.00000,11300.00000,11710.00000,3.00000,3.00000,1.00000,238.69553,125.80547,20.83671,2.50000,0.00000,3.00000,1.00000,20.97906,-91.79622,0.00000,-2.39798,0.00000,309.00000,0.00000,89.99978,0.00000,210.00000,0.00000,89.99978,0.00000,0.00000,2.00000,1.00000,20.83671,72.98084,17.12529,3.00000,10940.00000,
815.75574,766.19550,764.69293,0.00000,13.36786,14.36786,2.48841,112.80781,-1.85245,47.44342,5.54265,5964.96436,5344.19922,0.00000,5964.96191,47.50000,5.00000,11145.00000,11300.00000,3.00000,11300.00000,11710.00000,3.00000,3.00000,1.00000,238.98410,126.09380,20.91139,2.50000,0.00000,3.00000,1.00000,20.84868,-91.92775,0.00000,-2.43058,0.00000,309.00000,0.00000,89.99978,0.00000,210.00000,0.00000,89.99978,0.00000,0.00000,2.00000,1.00000,20.91139,73.61338,17.06853,3.00000,10940.00000,
816.72473,769.16034,767.65778,0.00000,13.36868,14.36868,2.48923,112.80916,-1.85307,47.44270,5.54498,5964.96436,5329.16064,0.00000,5964.96191,47.50000,5.00000,11145.00000,11300.00000,3.00000,11300.00000,11710.00000,3.00000,3.00000,1.00000,239.21637,126.32499,20.97213,2.50000,0.00000,3.00000,1.00000,20.74333,-92.03418,0.00000,-2.45692,0.00000,309.00000,0.00000,89.99978,0.00000,210.00000,0.00000,89.99978,0.00000,0.00000,2.00000,1.00000,20.97213,73.89025,17.01905,3.00000,10940.00000,
817.71332,772.62769,771.12512,0.00000,13.36965,14.36965,2.49020,112.81074,-1.85379,47.44185,5.54770,5964.96484,5343.31494,0.00000,5964.96191,47.50000,5.00000,11145.00000,11300.00000,3.00000,11300.00000,11710.00000,3.00000,3.00000,1.00000,239.48546,126.59354,21.04359,2.50000,0.00000,3.00000,1.00000,20.62014,-92.15881,0.00000,-2.48772,0.00000,309.00000,0.00000,89.99978,0.00000,210.00000,0.00000,89.99978,0.00000,0.00000,2.00000,1.00000,21.04359,74.41155,16.96767,3.00000,10940.00000,
818.69073,776.39655,774.89392,0.00000,13.37069,14.37069,2.49124,112.81174,-1.85457,47.44093,5.55065,5964.96533,5350.83203,0.00000,5964.96191,47.50000,5.00000,11145.00000,11300.00000,3.00000,11300.00000,11710.00000,3.00000,3.00000,1.00000,239.77658,126.88370,21.12179,2.50000,0.00000,3.00000,1.00000,20.48624,-92.29418,0.00000,-2.50000,0.00000,309.00000,0.00000,89.99978,0.00000,210.00000,0.00000,89.99978,0.00000,0.00000,2.00000,1.00000,21.12179,74.88742,16.91329,3.00000,10940.00000,
819.68011,780.11511,778.61255,0.00000,13.37173,14.37173,2.49228,112.81289,-1.85535,47.44002,5.55357,5964.96582,5348.55420,0.00000,5964.96191,47.50000,5.00000,11145.00000,11300.00000,3.00000,11300.00000,11710.00000,3.00000,3.00000,1.00000,240.06129,127.16766,21.19948,2.50000,0.00000,3.00000,1.00000,20.35416,-92.42743,0.00000,-2.50000,0.00000,309.00000,0.00000,89.99978,0.00000,210.00000,0.00000,89.99978,0.00000,0.00000,2.00000,1.00000,21.19948,75.41635,16.86647,3.00000,10940.00000,
820.65851,783.88397,782.38141,0.00000,13.37277,14.37277,2.49332,112.81450,-1.85613,47.43909,5.55653,5964.96631,5350.56299,0.00000,5964.96191,47.50000,5.00000,11145.00000,11300.00000,3.00000,11300.00000,11710.00000,3.00000,3.00000,1.00000,240.34781,127.45365,21.27874,2.50000,0.00000,3.00000,1.00000,20.22039,-92.56258,0.00000,-2.50000,0.00000,309.00000,0.00000,89.99978,0.00000,210.00000,0.00000,89.99978,0.00000,0.00000,2.00000,1.00000,21.27874,75.89469,16.80952,3.00000,10940.00000,
821.63965,787.25079,785.74823,0.00000,13.37371,14.37371,2.49426,112.81596,-1.85683,47.43827,5.55917,5964.96680,5352.94189,0.00000,5964.96191,47.50000,5.00000,11145.00000,11300.00000,3.00000,11300.00000,11710.00000,3.00000,3.00000,1.00000,240.60237,127.70699,21.35000,2.50000,0.00000,3.00000,1.00000,20.10093,-92.68333,0.00000,-2.50000,0.00000,309.00000,0.00000,89.99978,0.00000,210.00000,0.00000,89.99978,0.00000,0.00000,2.00000,1.00000,21.35000,76.47704,16.76074,3.00000,10940.00000,
822.62030,790.26587,788.76331,0.00000,13.37455,14.37455,2.49510,112.81698,-1.85745,47.43753,5.56153,5964.96729,5355.20752,0.00000,5964.96191,47.50000,5.00000,11145.00000,11300.00000,3.00000,11300.00000,11710.00000,3.00000,3.00000,1.00000,240.82819,127.93244,21.41417,2.50000,0.00000,3.00000,1.00000,19.99397,-92.79155,0.00000,-2.50000,0.00000,309.00000,0.00000,89.99978,0.00000,210.00000,0.00000,89.99978,0.00000,0.00000,2.00000,1.00000,21.41417,76.77338,16.73321,3.00000,10940.00000,
823.60199,793.83374,792.33112,0.00000,13.37554,14.37554,2.49609,112.81790,-1.85820,47.43666,5.56433,5964.96777,5354.16992,0.00000,5964.96191,47.50000,5.00000,11145.00000,11300.00000,3.00000,11300.00000,11710.00000,3.00000,3.00000,1.00000,241.09447,128.19780,21.49052,2.50000,0.00000,3.00000,1.00000,19.86745,-92.91923,0.00000,-2.50000,0.00000,309.00000,0.00000,89.99978,0.00000,210.00000,0.00000,89.99978,0.00000,0.00000,2.00000,1.00000,21.49052,77.29872,16.68706,3.00000,10940.00000,
824.59021,797.30103,795.79846,0.00000,13.37650,14.37650,2.49705,112.81931,-1.85892,47.43581,5.56705,5964.96826,5344.35840,0.00000,5964.96191,47.50000,5.00000,11145.00000,11300.00000,3.00000,11300.00000,11710.00000,3.00000,3.00000,1.00000,241.35069,128.45364,21.56516,2.50000,0.00000,3.00000,1.00000,19.74453,-93.04337,0.00000,-2.50000,0.00000,309.00000,0.00000,89.99978,0.00000,210.00000,0.00000,89.99978,0.00000,0.00000,2.00000,1.00000,21.56516,77.69492,16.65488,3.00000,10940.00000,
825.57428,800.96942,799.46680,0.00000,13.37752,14.37752,2.49807,112.82090,-1.85968,47.43491,5.56992,5964.96875,5327.33350,1.00000,5964.96191,47.50000,5.00000,11145.00000,11300.00000,3.00000,11300.00000,11710.00000,3.00000,3.00000,1.00000,241.62050,128.72227,21.64460,2.50000,0.00000,3.00000,1.00000,19.61453,-93.17472,0.00000,-2.50000,0.00000,309.00000,0.00000,89.99978,0.00000,210.00000,0.00000,89.99978,0.00000,0.00000,2.00000,1.00000,21.64460,78.22281,16.61344,3.00000,10940.00000,
826.55322,803.73322,802.23065,0.00000,13.37829,14.37829,2.49884,112.82214,-1.86025,47.43423,5.57209,5964.96875,5307.79834,0.00000,5964.96191,47.50000,5.00000,11145.00000,11300.00000,3.00000,11300.00000,11710.00000,3.00000,3.00000,1.00000,241.82205,128.92332,21.70476,2.50000,0.00000,3.00000,1.00000,19.51661,-93.27393,0.00000,-2.50000,0.00000,309.00000,0.00000,89.99978,0.00000,210.00000,0.00000,89.99978,0.00000,0.00000,2.00000,1.00000,21.70476,78.63937,16.57351,3.00000,10940.00000,
827.54163,807.20056,805.69794,0.00000,13.37925,14.37925,2.49980,112.82308,-1.86097,47.43338,5.57481,5964.96924,5278.93359,0.00000,5964.96191,47.50000,5.00000,11145.00000,11300.00000,3.00000,11300.00000,11710.00000,3.00000,3.00000,1.00000,242.07384,129.17395,21.78061,2.50000,0.00000,3.00000,1.00000,19.39381,-93.39799,0.00000,-2.50000,0.00000,309.00000,0.00000,89.99978,0.00000,210.00000,0.00000,89.99978,0.00000,0.00000,2.00000,1.00000,21.78061,78.98439,16.54593,3.00000,10940.00000,
828.52301,810.76837,809.26581,0.00000,13.38024,14.38024,2.50079,112.82418,-1.86171,47.43251,5.57761,5964.97021,5266.77148,0.00000,5964.96191,47.50000,5.00000,11145.00000,11300.00000,3.00000,11300.00000,11710.00000,3.00000,3.00000,1.00000,242.33072,129.43057,21.85910,2.50000,0.00000,3.00000,1.00000,19.26747,-93.52542,0.00000,-2.50000,0.00000,309.00000,0.00000,89.99978,0.00000,210.00000,0.00000,89.99978,0.00000,0.00000,2.00000,1.00000,21.85910,79.38476,16.51973,3.00000,10940.00000,
829.50909,814.43671,812.93414,0.00000,13.38126,14.38126,2.50181,112.82575,-1.86247,47.43161,5.58048,5964.97070,5259.64795,0.00000,5964.96191,47.50000,5.00000,11145.00000,11300.00000,3.00000,11300.00000,11710.00000,3.00000,3.00000,1.00000,242.59308,129.69193,21.94025,2.50000,0.00000,3.00000,1.00000,19.13757,-93.65667,0.00000,-2.50000,0.00000,309.00000,0.00000,89.99978,0.00000,210.00000,0.00000,89.99978,0.00000,0.00000,2.00000,1.00000,21.94025,79.81130,16.48954,3.00000,10940.00000,
830.48816,817.90405,816.40149,0.00000,13.38222,14.38222,2.50277,112.82727,-1.86319,47.43076,5.58320,5964.97119,5249.05176,0.00000,5964.96191,47.50000,5.00000,11145.00000,11300.00000,3.00000,11300.00000,11710.00000,3.00000,3.00000,1.00000,242.83946,129.93747,22.01737,2.50000,0.00000,3.00000,1.00000,19.01491,-93.78073,0.00000,-2.50000,0.00000,309.00000,0.00000,89.99978,0.00000,210.00000,0.00000,89.99978,0.00000,0.00000,2.00000,1.00000,22.01737,80.25489,16.45762,3.00000,10940.00000,
831.46790,821.47192,819.96930,0.00000,13.38321,14.38321,2.50376,112.82843,-1.86393,47.42989,5.58600,5964.97119,5228.83789,0.00000,5964.96191,47.50000,5.00000,11145.00000,11300.00000,3.00000,11300.00000,11710.00000,3.00000,3.00000,1.00000,243.09070,130.18794,22.09715,2.50000,0.00000,3.00000,1.00000,18.88874,-93.90839,0.00000,-2.50000,0.00000,309.00000,0.00000,89.99978,0.00000,210.00000,0.00000,89.99978,0.00000,0.00000,2.00000,1.00000,22.09715,80.74213,16.42498,3.00000,10940.00000,
832.45624,824.93927,823.43665,0.00000,13.38418,14.38418,2.50473,112.82946,-1.86465,47.42904,5.58872,5964.97217,5183.67920,0.00000,5964.96191,47.50000,5.00000,11145.00000,11300.00000,3.00000,11300.00000,11710.00000,3.00000,3.00000,1.00000,243.33380,130.43016,22.17508,2.50000,0.00000,3.00000,1.00000,18.76618,-94.03203,0.00000,-2.50000,0.00000,309.00000,0.00000,89.99978,0.00000,210.00000,0.00000,89.99978,0.00000,0.00000,2.00000,1.00000,22.17508,81.14255,16.40164,3.00000,10940.00000,
833.43982,828.15533,826.65271,0.00000,13.38507,14.38507,2.50562,112.83067,-1.86532,47.42825,5.59124,5964.97266,5187.19043,0.00000,5964.96191,47.50000,5.00000,11145.00000,11300.00000,3.00000,11300.00000,11710.00000,3.00000,3.00000,1.00000,243.55696,130.65285,22.24772,2.50000,0.00000,3.00000,1.00000,18.65254,-94.14677,0.00000,-2.50000,0.00000,309.00000,0.00000,89.99978,0.00000,210.00000,0.00000,89.99978,0.00000,0.00000,2.00000,1.00000,22.24772,81.43150,16.38435,3.00000,10940.00000,
834.42224,831.57239,830.06982,0.00000,13.38602,14.38602,2.50657,112.83221,-1.86603,47.42741,5.59392,5964.97314,5204.59570,0.00000,5964.96191,47.50000,5.00000,11145.00000,11300.00000,3.00000,11300.00000,11710.00000,3.00000,3.00000,1.00000,243.79333,130.88824,22.32527,2.50000,0.00000,3.00000,1.00000,18.53184,-94.26874,0.00000,-2.50000,0.00000,309.00000,0.00000,89.99978,0.00000,210.00000,0.00000,89.99978,0.00000,0.00000,2.00000,1.00000,22.32527,81.83615,16.36305,3.00000,10940.00000,
835.39752,834.88898,833.38641,0.00000,13.38694,14.38694,2.50749,112.83372,-1.86672,47.42659,5.59652,5964.97314,5225.14551,0.00000,5964.96191,47.50000,5.00000,11145.00000,11300.00000,3.00000,11300.00000,11710.00000,3.00000,3.00000,1.00000,244.02037,131.11469,22.40089,2.50000,0.00000,3.00000,1.00000,18.41475,-94.38731,0.00000,-2.50000,0.00000,309.00000,0.00000,89.99978,0.00000,210.00000,0.00000,89.99978,0.00000,0.00000,2.00000,1.00000,22.40089,82.24570,16.34284,3.00000,10940.00000,
836.38135,837.95435,836.45172,0.00000,13.38779,14.38779,2.50834,112.83456,-1.86735,47.42584,5.59892,5964.97363,5201.66748,0.00000,5964.96191,47.50000,5.00000,11145.00000,11300.00000,3.00000,11300.00000,11710.00000,3.00000,3.00000,1.00000,244.22964,131.32280,22.47109,2.50000,0.00000,3.00000,1.00000,18.30654,-94.49670,0.00000,-2.50000,0.00000,309.00000,0.00000,89.99978,0.00000,210.00000,0.00000,89.99978,0.00000,0.00000,2.00000,1.00000,22.47109,82.58231,16.31979,3.00000,10940.00000,
837.35889,841.27087,839.76831,0.00000,13.38871,14.38871,2.50926,112.83550,-1.86804,47.42503,5.60152,5964.97461,5195.18311,0.00000,5964.96191,47.50000,5.00000,11145.00000,11300.00000,3.00000,11300.00000,11710.00000,3.00000,3.00000,1.00000,244.45374,131.54642,22.54739,2.50000,0.00000,3.00000,1.00000,18.18947,-94.61477,0.00000,-2.50000,0.00000,309.00000,0.00000,89.99978,0.00000,210.00000,0.00000,89.99978,0.00000,0.00000,2.00000,1.00000,22.54739,82.93900,16.29493,3.00000,10940.00000,
838.34692,844.73822,843.23566,0.00000,13.38968,14.38968,2.51023,112.83688,-1.86876,47.42418,5.60424,5964.97510,5224.97803,0.00000,5964.96191,47.50000,5.00000,11145.00000,11300.00000,3.00000,11300.00000,11710.00000,3.00000,3.00000,1.00000,244.68723,131.77907,22.62751,2.50000,0.00000,3.00000,1.00000,18.06719,-94.73828,0.00000,-2.50000,0.00000,309.00000,0.00000,89.99978,0.00000,210.00000,0.00000,89.99978,0.00000,0.00000,2.00000,1.00000,22.62751,83.42677,16.28453,3.00000,10940.00000,
839.33020,848.25580,846.75323,0.00000,13.39065,14.39065,2.51120,112.83845,-1.86949,47.42332,5.60699,5964.97559,5190.08496,0.00000,5964.96191,47.50000,5.00000,11145.00000,11300.00000,3.00000,11300.00000,11710.00000,3.00000,3.00000,1.00000,244.92160,132.01299,22.70918,2.50000,0.00000,3.00000,1.00000,17.94320,-94.86358,0.00000,-2.50000,0.00000,309.00000,0.00000,89.99978,0.00000,210.00000,0.00000,89.99978,0.00000,0.00000,2.00000,1.00000,22.70918,83.69718,16.27015,3.00000,10940.00000,
840.31110,851.37140,849.86884,0.00000,13.39152,14.39152,2.51207,112.83980,-1.87014,47.42255,5.60944,5964.97559,5155.13379,0.00000,5964.96191,47.50000,5.00000,11145.00000,11300.00000,3.00000,11300.00000,11710.00000,3.00000,3.00000,1.00000,245.12851,132.21854,22.78183,2.50000,0.00000,3.00000,1.00000,17.83344,-94.97474,0.00000,-2.50000,0.00000,309.00000,0.00000,89.99978,0.00000,210.00000,0.00000,89.99978,0.00000,0.00000,2.00000,1.00000,22.78183,84.08697,16.25402,3.00000,10940.00000,
841.29614,855.09003,853.58740,0.00000,13.39255,14.39255,2.51310,112.84067,-1.87091,47.42164,5.61235,5964.97607,5186.68896,0.00000,5964.96191,47.50000,5.00000,11145.00000,11300.00000,3.00000,11300.00000,11710.00000,3.00000,3.00000,1.00000,245.37288,132.46243,22.86892,2.50000,0.00000,3.00000,1.00000,17.70249,-95.10702,0.00000,-2.50000,0.00000,309.00000,0.00000,89.99978,0.00000,210.00000,0.00000,89.99978,0.00000,0.00000,2.00000,1.00000,22.86892,84.44013,16.23909,3.00000,10940.00000,
842.27222,857.95435,856.45172,0.00000,13.39335,14.39335,2.51390,112.84158,-1.87150,47.42094,5.61459,5964.97705,5188.70264,0.00000,5964.96191,47.50000,5.00000,11145.00000,11300.00000,3.00000,11300.00000,11710.00000,3.00000,3.00000,1.00000,245.56061,132.64940,22.93629,2.50000,0.00000,3.00000,1.00000,17.60167,-95.20878,0.00000,-2.50000,0.00000,309.00000,0.00000,89.99978,0.00000,210.00000,0.00000,89.99978,0.00000,0.00000,2.00000,1.00000,22.93629,84.82948,16.22661,3.00000,10940.00000,
843.24988,861.87390,860.37134,0.00000,13.39444,14.39444,2.51499,112.84331,-1.87231,47.41998,5.61767,5964.97754,5223.50293,0.00000,5964.96191,47.50000,5.00000,11145.00000,11300.00000,3.00000,11300.00000,11710.00000,3.00000,3.00000,1.00000,245.81467,132.90291,23.02887,2.50000,0.00000,3.00000,1.00000,17.46376,-95.34804,0.00000,-2.50000,0.00000,309.00000,0.00000,89.99978,0.00000,210.00000,0.00000,89.99978,0.00000,0.00000,2.00000,1.00000,23.02887,85.21186,16.21465,3.00000,10940.00000,
844.24152,865.84375,864.34119,0.00000,13.39554,14.39554,2.51609,112.84512,-1.87314,47.41900,5.62078,5964.97754,5251.94678,0.00000,5964.96191,47.50000,5.00000,11145.00000,11300.00000,3.00000,11300.00000,11710.00000,3.00000,3.00000,1.00000,246.07065,133.15736,23.12311,2.50000,0.00000,3.00000,1.00000,17.32408,-95.48943,0.00000,-2.50000,0.00000,309.00000,0.00000,89.99978,0.00000,210.00000,0.00000,89.99978,0.00000,0.00000,2.00000,1.00000,23.12311,85.65914,16.19876,3.00000,10940.00000,
845.21930,869.05988,867.55725,0.00000,13.39643,14.39643,2.51698,112.84602,-1.87380,47.41821,5.62330,5964.97803,5196.75049,0.00000,5964.96191,47.50000,5.00000,11145.00000,11300.00000,3.00000,11300.00000,11710.00000,3.00000,3.00000,1.00000,246.27596,133.36217,23.19977,2.50000,0.00000,3.00000,1.00000,17.21106,-95.60371,0.00000,-2.50000,0.00000,309.00000,0.00000,89.99978,0.00000,210.00000,0.00000,89.99978,0.00000,0.00000,2.00000,1.00000,23.19977,86.01292,16.19124,3.00000,10940.00000,
846.20251,872.32617,870.82361,0.00000,13.39734,14.39734,2.51789,112.84702,-1.87448,47.41741,5.62586,5964.97900,5169.08496,0.00000,5964.96240,47.50000,5.00000,11145.00000,11300.00000,3.00000,11300.00000,11710.00000,3.00000,3.00000,1.00000,246.48373,133.56897,23.27794,2.50000,0.00000,3.00000,1.00000,17.09633,-95.71975,0.00000,-2.50000,0.00000,309.00000,0.00000,89.99978,0.00000,210.00000,0.00000,89.99978,0.00000,0.00000,2.00000,1.00000,23.27794,86.32520,16.18345,3.00000,10940.00000,
847.18109,875.84375,874.34119,0.00000,13.39832,14.39832,2.51887,112.84839,-1.87521,47.41655,5.62861,5964.97949,5228.06348,0.00000,5964.96240,47.50000,5.00000,11145.00000,11300.00000,3.00000,11300.00000,11710.00000,3.00000,3.00000,1.00000,246.70520,133.79007,23.36246,2.50000,0.00000,3.00000,1.00000,16.97283,-95.84459,0.00000,-2.50000,0.00000,309.00000,0.00000,89.99978,0.00000,210.00000,0.00000,89.99978,0.00000,0.00000,2.00000,1.00000,23.36246,86.66113,16.17493,3.00000,10940.00000,
848.15582,879.05988,877.55725,0.00000,13.39921,14.39921,2.51976,112.84985,-1.87588,47.41576,5.63113,5964.97949,5178.17773,0.00000,5964.96240,47.50000,5.00000,11145.00000,11300.00000,3.00000,11300.00000,11710.00000,3.00000,3.00000,1.00000,246.90700,133.99071,23.44004,2.50000,0.00000,3.00000,1.00000,16.85998,-95.95863,0.00000,-2.50000,0.00000,309.00000,0.00000,89.99978,0.00000,210.00000,0.00000,89.99978,0.00000,0.00000,2.00000,1.00000,23.44004,86.99319,16.16863,3.00000,10940.00000,
849.13507,882.27594,880.77332,0.00000,13.40010,14.40010,2.52065,112.85122,-1.87654,47.41497,5.63365,5964.97949,5213.23682,0.00000,5964.96240,47.50000,5.00000,11145.00000,11300.00000,3.00000,11300.00000,11710.00000,3.00000,3.00000,1.00000,247.10669,134.18985,23.51790,2.50000,0.00000,3.00000,1.00000,16.74718,-96.07287,0.00000,-2.50000,0.00000,309.00000,0.00000,89.99978,0.00000,210.00000,0.00000,89.99978,0.00000,0.00000,2.00000,1.00000,23.51790,87.30530,16.16319,3.00000,10940.00000,
850.11938,886.24579,884.74316,0.00000,13.40121,14.40121,2.52176,112.85215,-1.87736,47.41400,5.63677,5964.97998,5180.89355,0.00000,5964.96240,47.50000,5.00000,11145.00000,11300.00000,3.00000,11300.00000,11710.00000,3.00000,3.00000,1.00000,247.35220,134.43404,23.61441,2.50000,0.00000,3.00000,1.00000,16.60795,-96.21345,0.00000,-2.50000,0.00000,309.00000,0.00000,89.99978,0.00000,210.00000,0.00000,89.99978,0.00000,0.00000,2.00000,1.00000,23.61441,87.71964,16.15293,3.00000,10940.00000,
851.10590,889.86389,888.36127,0.00000,13.40221,14.40221,2.52276,112.85346,-1.87811,47.41311,5.63960,5964.98047,5154.53516,0.00000,5964.96240,47.50000,5.00000,11145.00000,11300.00000,3.00000,11300.00000,11710.00000,3.00000,3.00000,1.00000,247.57350,134.65491,23.70275,2.50000,0.00000,3.00000,1.00000,16.48119,-96.34141,0.00000,-2.50000,0.00000,309.00000,0.00000,89.99978,0.00000,210.00000,0.00000,89.99978,0.00000,0.00000,2.00000,1.00000,23.70275,88.11700,16.14245,3.00000,10940.00000,
852.09320,893.53223,892.02960,0.00000,13.40323,14.40323,2.52378,112.85505,-1.87887,47.41221,5.64247,5964.98047,5172.35742,0.00000,5964.96240,47.50000,5.00000,11145.00000,11300.00000,3.00000,11300.00000,11710.00000,3.00000,3.00000,1.00000,247.79692,134.87714,23.79266,2.50000,0.00000,3.00000,1.00000,16.35276,-96.47118,0.00000,-2.50000,0.00000,309.00000,0.00000,89.99978,0.00000,210.00000,0.00000,89.99978,0.00000,0.00000,2.00000,1.00000,23.79266,88.50212,16.13972,3.00000,10940.00000,
853.06671,896.94928,895.44672,0.00000,13.40418,14.40418,2.52473,112.85658,-1.87958,47.41137,5.64515,5964.98096,5190.96875,0.00000,5964.96240,47.50000,5.00000,11145.00000,11300.00000,3.00000,11300.00000,11710.00000,3.00000,3.00000,1.00000,248.00282,135.08241,23.87673,2.50000,0.00000,3.00000,1.00000,16.23320,-96.59222,0.00000,-2.50000,0.00000,309.00000,0.00000,89.99978,0.00000,210.00000,0.00000,89.99978,0.00000,0.00000,2.00000,1.00000,23.87673,88.74142,16.14277,3.00000,10940.00000,
854.05176,899.71313,898.21051,0.00000,13.40495,14.40495,2.52550,112.85739,-1.88015,47.41069,5.64732,5964.98096,5166.81494,0.00000,5964.96240,47.50000,5.00000,11145.00000,11300.00000,3.00000,11300.00000,11710.00000,3.00000,3.00000,1.00000,248.16899,135.24748,23.94496,2.50000,0.00000,3.00000,1.00000,16.13655,-96.68999,0.00000,-2.50000,0.00000,309.00000,0.00000,89.99978,0.00000,210.00000,0.00000,89.99978,0.00000,0.00000,2.00000,1.00000,23.94496,88.97152,16.14444,3.00000,10940.00000,
855.04163,902.92920,901.42664,0.00000,13.40584,14.40584,2.52639,112.85834,-1.88082,47.40990,5.64984,5964.98145,5161.51953,0.00000,5964.96240,47.50000,5.00000,11145.00000,11300.00000,3.00000,11300.00000,11710.00000,3.00000,3.00000,1.00000,248.36044,135.43817,24.02460,2.50000,0.00000,3.00000,1.00000,16.02412,-96.80341,0.00000,-2.50000,0.00000,309.00000,0.00000,89.99978,0.00000,210.00000,0.00000,89.99978,0.00000,0.00000,2.00000,1.00000,24.02460,89.32205,16.14316,3.00000,10940.00000,
856.02972,906.54730,905.04468,0.00000,13.40685,14.40685,2.52740,112.90136,-1.88157,47.40901,5.65267,5964.98193,5157.76270,0.00000,5964.96240,47.50000,6.00000,11145.00000,11300.00000,3.00000,11300.00000,11710.00000,3.00000,3.00000,1.00000,248.56891,135.64687,24.11452,2.50000,0.00000,3.00000,1.00000,15.90176,-96.92747,0.00000,-2.50000,0.00000,309.00000,0.00000,89.99978,0.00000,210.00000,0.00000,89.99978,0.00000,0.00000,2.00000,1.00000,24.11452,89.56833,16.14774,3.00000,10940.00000,
857.01062,909.76337,908.26080,0.00000,13.40774,14.40774,2.52829,112.90517,-1.88224,47.40822,5.65519,5964.98242,5179.97168,0.00000,5964.96240,47.50000,6.00000,11145.00000,11300.00000,3.00000,11300.00000,11710.00000,3.00000,3.00000,1.00000,248.75766,135.83414,24.19473,2.50000,0.00000,3.00000,1.00000,15.78959,-97.04079,0.00000,-2.50000,0.00000,309.00000,0.00000,89.99978,0.00000,210.00000,0.00000,89.99978,0.00000,0.00000,2.00000,1.00000,24.19473,89.92331,16.14573,3.00000,10940.00000,
857.99115,912.67792,911.17535,0.00000,13.40855,14.40855,2.52910,112.90679,-1.88284,47.40751,5.65747,5964.98242,5176.25195,0.00000,5964.96240,47.50000,6.00000,11145.00000,11300.00000,3.00000,11300.00000,11710.00000,3.00000,3.00000,1.00000,248.92775,136.00269,24.26764,2.50000,0.00000,3.00000,1.00000,15.68788,-97.14402,0.00000,-2.50000,0.00000,309.00000,0.00000,89.99978,0.00000,210.00000,0.00000,89.99978,0.00000,0.00000,2.00000,1.00000,24.26764,90.18372,16.14436,3.00000,10940.00000,
858.96307,915.54224,914.03967,0.00000,13.40934,14.40934,2.52989,112.90733,-1.88343,47.40680,5.65972,5964.98291,5189.13867,0.00000,5964.96240,47.50000,6.00000,11145.00000,11300.00000,3.00000,11300.00000,11710.00000,3.00000,3.00000,1.00000,249.09460,136.16830,24.33950,2.50000,0.00000,3.00000,1.00000,15.58800,-97.24520,0.00000,-2.50000,0.00000,309.00000,0.00000,89.99978,0.00000,210.00000,0.00000,89.99978,0.00000,0.00000,2.00000,1.00000,24.33950,90.51817,16.14106,3.00000,10940.00000,
859.95813,918.20557,916.70300,0.00000,13.41008,14.41008,2.53063,112.90773,-1.88398,47.40615,5.66180,5964.98291,5193.46094,0.00000,5964.96240,47.50000,6.00000,11145.00000,11300.00000,3.00000,11300.00000,11710.00000,3.00000,3.00000,1.00000,249.24812,136.32115,24.40649,2.50000,0.00000,3.00000,1.00000,15.49517,-97.33894,0.00000,-2.50000,0.00000,309.00000,0.00000,89.99978,0.00000,210.00000,0.00000,89.99978,0.00000,0.00000,2.00000,1.00000,24.40649,90.62228,16.15171,3.00000,10940.00000,
860.94611,921.06989,919.56732,0.00000,13.41088,14.41088,2.53143,112.90857,-1.88458,47.40545,5.66405,5964.98340,5183.49658,0.00000,5964.96240,47.50000,6.00000,11145.00000,11300.00000,3.00000,11300.00000,11710.00000,3.00000,3.00000,1.00000,249.41255,136.48553,24.47875,2.50000,0.00000,3.00000,1.00000,15.39536,-97.43945,0.00000,-2.50000,0.00000,309.00000,0.00000,89.99978,0.00000,210.00000,0.00000,89.99978,0.00000,0.00000,2.00000,1.00000,24.47875,90.93578,16.15235,3.00000,10940.00000,
861.93243,924.23572,922.73315,0.00000,13.41176,14.41176,2.53231,112.91001,-1.88523,47.40467,5.66653,5964.98389,5155.87891,0.00000,5964.96240,47.50000,6.00000,11145.00000,11300.00000,3.00000,11300.00000,11710.00000,3.00000,3.00000,1.00000,249.59352,136.66536,24.55884,2.50000,0.00000,3.00000,1.00000,15.28510,-97.55087,0.00000,-2.50000,0.00000,309.00000,0.00000,89.99978,0.00000,210.00000,0.00000,89.99978,0.00000,0.00000,2.00000,1.00000,24.55884,91.13513,16.16116,3.00000,10940.00000,
862.90454,927.20056,925.69794,0.00000,13.41258,14.41258,2.53313,112.91136,-1.88584,47.40394,5.66885,5964.98389,5168.97021,0.00000,5964.96240,47.50000,6.00000,11145.00000,11300.00000,3.00000,11300.00000,11710.00000,3.00000,3.00000,1.00000,249.76134,136.83281,24.63406,2.50000,0.00000,3.00000,1.00000,15.18193,-97.65524,0.00000,-2.50000,0.00000,309.00000,0.00000,89.99978,0.00000,210.00000,0.00000,89.99978,0.00000,0.00000,2.00000,1.00000,24.63406,91.46478,16.16283,3.00000,10940.00000,
863.88324,929.61261,928.11005,0.00000,13.41325,14.41325,2.53380,112.91215,-1.88634,47.40335,5.67074,5964.98389,5179.15088,0.00000,5964.96240,47.50000,6.00000,11145.00000,11300.00000,3.00000,11300.00000,11710.00000,3.00000,3.00000,1.00000,249.89757,136.96809,24.69542,2.50000,0.00000,3.00000,1.00000,15.09802,-97.74013,0.00000,-2.50000,0.00000,309.00000,0.00000,89.99978,0.00000,210.00000,0.00000,89.99978,0.00000,0.00000,2.00000,1.00000,24.69542,91.69675,16.15833,3.00000,10940.00000,
864.87799,932.22565,930.72308,0.00000,13.41398,14.41398,2.53453,112.91271,-1.88688,47.40271,5.67279,5964.98438,5149.55518,0.00000,5964.96240,47.50000,6.00000,11145.00000,11300.00000,3.00000,11300.00000,11710.00000,3.00000,3.00000,1.00000,250.04430,137.11400,24.76204,2.50000,0.00000,3.00000,1.00000,15.00715,-97.83194,0.00000,-2.50000,0.00000,309.00000,0.00000,89.99978,0.00000,210.00000,0.00000,89.99978,0.00000,0.00000,2.00000,1.00000,24.76204,91.93636,16.16126,3.00000,10940.00000,
865.85699,934.98950,933.48694,0.00000,13.41475,14.41475,2.53530,112.91351,-1.88746,47.40203,5.67495,5964.98486,5183.22607,0.00000,5964.96240,47.50000,6.00000,11145.00000,11300.00000,3.00000,11300.00000,11710.00000,3.00000,3.00000,1.00000,250.19821,137.26758,24.83268,2.50000,0.00000,3.00000,1.00000,14.91113,-97.92887,0.00000,-2.50000,0.00000,309.00000,0.00000,89.99978,0.00000,210.00000,0.00000,89.99978,0.00000,0.00000,2.00000,1.00000,24.83268,92.20944,16.17165,3.00000,10940.00000,
866.83765,938.45685,936.95422,0.00000,13.41571,14.41571,2.53626,112.91489,-1.88817,47.40117,5.67767,5964.98535,5151.42578,0.00000,5964.96387,47.50000,6.00000,11145.00000,11300.00000,3.00000,11300.00000,11710.00000,3.00000,3.00000,1.00000,250.39088,137.45955,24.92156,2.50000,0.00000,3.00000,1.00000,14.79070,-98.05048,0.00000,-2.50000,0.00000,309.00000,0.00000,89.99978,0.00000,210.00000,0.00000,89.99978,0.00000,0.00000,2.00000,1.00000,24.92156,92.46146,16.17988,3.00000,10940.00000,
867.82416,941.42163,939.91907,0.00000,13.41653,14.41653,2.53708,112.91624,-1.88879,47.40044,5.67999,5964.98535,5155.78564,0.00000,5964.96826,47.50000,6.00000,11145.00000,11300.00000,3.00000,11300.00000,11710.00000,3.00000,3.00000,1.00000,250.55389,137.62172,24.99777,2.50000,0.00000,3.00000,1.00000,14.68779,-98.15446,0.00000,-2.50000,0.00000,309.00000,0.00000,89.99978,0.00000,210.00000,0.00000,89.99978,0.00000,0.00000,2.00000,1.00000,24.99777,92.64354,16.18831,3.00000,10940.00000,
868.81793,944.38647,942.88391,0.00000,13.41736,14.41736,2.53791,112.91756,-1.88940,47.39972,5.68231,5964.98535,5219.97607,0.00000,5964.97266,47.50000,6.00000,11145.00000,11300.00000,3.00000,11300.00000,11710.00000,3.00000,3.00000,1.00000,250.71603,137.78322,25.07419,2.50000,0.00000,3.00000,1.00000,14.58497,-98.25844,0.00000,-2.50000,0.00000,309.00000,0.00000,89.99978,0.00000,210.00000,0.00000,89.99978,0.00000,0.00000,2.00000,1.00000,25.07419,93.01080,16.18187,3.00000,10940.00000,
869.80664,947.60254,946.09998,0.00000,13.41825,14.41825,2.53880,112.91823,-1.89007,47.39893,5.68483,5964.98535,5224.42822,0.00000,5964.97656,47.50000,6.00000,11145.00000,11300.00000,3.00000,11300.00000,11710.00000,3.00000,3.00000,1.00000,250.89128,137.95734,25.15731,2.50000,0.00000,3.00000,1.00000,14.47346,-98.37123,0.00000,-2.50000,0.00000,309.00000,0.00000,89.99978,0.00000,210.00000,0.00000,89.99978,0.00000,0.00000,2.00000,1.00000,25.15731,93.28339,16.19744,3.00000,10940.00000,
870.78107,950.31610,948.81354,0.00000,13.41900,14.41900,2.53955,112.91895,-1.89063,47.39826,5.68695,5964.98584,5227.77148,0.00000,5964.97656,47.50000,6.00000,11145.00000,11300.00000,3.00000,11300.00000,11710.00000,3.00000,3.00000,1.00000,251.03767,138.10323,25.22762,2.50000,0.00000,3.00000,1.00000,14.37947,-98.46619,0.00000,-2.50000,0.00000,309.00000,0.00000,89.99978,0.00000,210.00000,0.00000,89.99978,0.00000,0.00000,2.00000,1.00000,25.22762,93.37996,16.20915,3.00000,10940.00000,
871.76459,953.33118,951.82861,0.00000,13.41984,14.41984,2.54039,112.92018,-1.89125,47.39752,5.68931,5964.98633,5212.64404,0.00000,5964.97656,47.50000,6.00000,11145.00000,11300.00000,3.00000,11300.00000,11710.00000,3.00000,3.00000,1.00000,251.19974,138.26488,25.30593,2.50000,0.00000,3.00000,1.00000,14.27509,-98.57162,0.00000,-2.50000,0.00000,309.00000,0.00000,89.99978,0.00000,210.00000,0.00000,89.99978,0.00000,0.00000,2.00000,1.00000,25.30593,93.57687,16.22037,3.00000,10940.00000,
872.74695,956.44678,954.94421,0.00000,13.42071,14.42071,2.54126,112.92160,-1.89190,47.39675,5.69175,5964.98633,5196.93164,0.00000,5964.97656,47.50000,6.00000,11145.00000,11300.00000,3.00000,11300.00000,11710.00000,3.00000,3.00000,1.00000,251.36632,138.43036,25.38707,2.50000,0.00000,3.00000,1.00000,14.16726,-98.68060,0.00000,-2.50000,0.00000,309.00000,0.00000,89.99978,0.00000,210.00000,0.00000,89.99978,0.00000,0.00000,2.00000,1.00000,25.38707,93.82632,16.23309,3.00000,10940.00000,
873.73004,959.31110,957.80853,0.00000,13.42150,14.42150,2.54205,112.92290,-1.89249,47.39605,5.69400,5964.98682,5182.46729,0.00000,5964.97656,47.50000,6.00000,11145.00000,11300.00000,3.00000,11300.00000,11710.00000,3.00000,3.00000,1.00000,251.51805,138.58170,25.46185,2.50000,0.00000,3.00000,1.00000,14.06824,-98.78087,0.00000,-2.50000,0.00000,309.00000,0.00000,89.99978,0.00000,210.00000,0.00000,89.99978,0.00000,0.00000,2.00000,1.00000,25.46185,94.12928,16.23100,3.00000,10940.00000,
874.71985,962.17542,960.67285,0.00000,13.42230,14.42230,2.54285,112.92369,-1.89308,47.39534,5.69624,5964.98682,5184.03418,0.00000,5964.97656,47.50000,6.00000,11145.00000,11300.00000,3.00000,11300.00000,11710.00000,3.00000,3.00000,1.00000,251.66939,138.73187,25.53680,2.50000,0.00000,3.00000,1.00000,13.96925,-98.88103,0.00000,-2.50000,0.00000,309.00000,0.00000,89.99978,0.00000,210.00000,0.00000,89.99978,0.00000,0.00000,2.00000,1.00000,25.53680,94.26804,16.25150,3.00000,10940.00000,
875.70782,965.34125,963.83868,0.00000,13.42318,14.42318,2.54373,112.92459,-1.89373,47.39457,5.69872,5964.98730,5187.68652,0.00000,5964.97656,47.50000,6.00000,11145.00000,11300.00000,3.00000,11300.00000,11710.00000,3.00000,3.00000,1.00000,251.83545,138.89703,25.61986,2.50000,0.00000,3.00000,1.00000,13.85991,-98.99135,0.00000,-2.50000,0.00000,309.00000,0.00000,89.99978,0.00000,210.00000,0.00000,89.99978,0.00000,0.00000,2.00000,1.00000,25.61986,94.52313,16.25826,3.00000,10940.00000,
876.69476,968.70807,967.20551,0.00000,13.42411,14.42411,2.54466,112.92572,-1.89443,47.39374,5.70136,5964.98779,5191.79199,0.00000,5964.97656,47.50000,6.00000,11145.00000,11300.00000,3.00000,11300.00000,11710.00000,3.00000,3.00000,1.00000,252.01053,139.07185,25.70842,2.50000,0.00000,3.00000,1.00000,13.74373,-99.10859,0.00000,-2.50000,0.00000,309.00000,0.00000,89.99978,0.00000,210.00000,0.00000,89.99978,0.00000,0.00000,2.00000,1.00000,25.70842,94.85923,16.26568,3.00000,10940.00000,
877.68085,971.67291,970.17035,0.00000,13.42494,14.42494,2.54549,112.92707,-1.89504,47.39301,5.70368,5964.98779,5168.52979,0.00000,5964.97656,47.50000,6.00000,11145.00000,11300.00000,3.00000,11300.00000,11710.00000,3.00000,3.00000,1.00000,252.16447,139.22473,25.78661,2.50000,0.00000,3.00000,1.00000,13.64146,-99.21196,0.00000,-2.50000,0.00000,309.00000,0.00000,89.99978,0.00000,210.00000,0.00000,89.99978,0.00000,0.00000,2.00000,1.00000,25.78661,95.07166,16.27870,3.00000,10940.00000,
878.66748,975.09003,973.58740,0.00000,13.42589,14.42589,2.54644,112.92865,-1.89575,47.39217,5.70635,5964.98779,5143.52344,0.00000,5964.97656,47.50000,6.00000,11145.00000,11300.00000,3.00000,11300.00000,11710.00000,3.00000,3.00000,1.00000,252.33980,139.39912,25.87694,2.50000,0.00000,3.00000,1.00000,13.52372,-99.33117,0.00000,-2.50000,0.00000,309.00000,0.00000,89.99978,0.00000,210.00000,0.00000,89.99978,0.00000,0.00000,2.00000,1.00000,25.87694,95.40563,16.28855,3.00000,10940.00000,
879.65253,978.25580,976.75323,0.00000,13.42676,14.42676,2.54732,112.92953,-1.89640,47.39139,5.70883,5964.98828,5136.67871,0.00000,5964.97656,47.50000,6.00000,11145.00000,11300.00000,3.00000,11300.00000,11710.00000,3.00000,3.00000,1.00000,252.50137,139.55978,25.96085,2.50000,0.00000,3.00000,1.00000,13.41467,-99.44150,0.00000,-2.50000,0.00000,309.00000,0.00000,89.99978,0.00000,210.00000,0.00000,89.99978,0.00000,0.00000,2.00000,1.00000,25.96085,95.50716,16.30951,3.00000,10940.00000,
880.62305,981.32117,979.81854,0.00000,13.42762,14.42762,2.54817,112.93028,-1.89704,47.39064,5.71123,5964.98877,5111.04346,0.00000,5964.97656,47.50000,6.00000,11145.00000,11300.00000,3.00000,11300.00000,11710.00000,3.00000,3.00000,1.00000,252.65727,139.71487,26.04229,2.50000,0.00000,3.00000,1.00000,13.30921,-99.54784,0.00000,-2.50000,0.00000,309.00000,0.00000,89.99978,0.00000,210.00000,0.00000,89.99978,0.00000,0.00000,2.00000,1.00000,26.04229,95.77446,16.31946,3.00000,10940.00000,
881.62262,984.33624,982.83362,0.00000,13.42845,14.42845,2.54900,112.93147,-1.89766,47.38989,5.71359,5964.98926,5137.10889,0.00000,5964.97656,47.50000,6.00000,11145.00000,11300.00000,3.00000,11300.00000,11710.00000,3.00000,3.00000,1.00000,252.80902,139.86597,26.12258,2.50000,0.00000,3.00000,1.00000,13.20552,-99.65252,0.00000,-2.50000,0.00000,309.00000,0.00000,89.99978,0.00000,210.00000,0.00000,89.99978,0.00000,0.00000,2.00000,1.00000,26.12258,95.93179,16.33405,3.00000,10940.00000,
882.60510,987.55231,986.04974,0.00000,13.42935,14.42935,2.54990,112.93293,-1.89832,47.38910,5.71611,5964.98926,5160.05518,0.00000,5964.97656,47.50000,6.00000,11145.00000,11300.00000,3.00000,11300.00000,11710.00000,3.00000,3.00000,1.00000,252.97017,140.02640,26.20843,2.50000,0.00000,3.00000,1.00000,13.09500,-99.76427,0.00000,-2.50000,0.00000,309.00000,0.00000,89.99978,0.00000,210.00000,0.00000,89.99978,0.00000,0.00000,2.00000,1.00000,26.20843,96.23383,16.34649,3.00000,10940.00000,
883.59454,990.06488,988.56232,0.00000,13.43004,14.43004,2.55060,112.93409,-1.89884,47.38848,5.71808,5964.98926,5168.16211,0.00000,5964.97656,47.50000,6.00000,11145.00000,11300.00000,3.00000,11300.00000,11710.00000,3.00000,3.00000,1.00000,253.09566,140.15080,26.27564,2.50000,0.00000,3.00000,1.00000,13.00873,-99.85168,0.00000,-2.50000,0.00000,309.00000,0.00000,89.99978,0.00000,210.00000,0.00000,89.99978,0.00000,0.00000,2.00000,1.00000,26.27564,96.34727,16.35831,3.00000,10940.00000,
884.58179,993.43170,991.92914,0.00000,13.43098,14.43098,2.55153,112.93516,-1.89954,47.38766,5.72071,5964.98975,5139.46875,0.00000,5964.97656,47.50000,6.00000,11145.00000,11300.00000,3.00000,11300.00000,11710.00000,3.00000,3.00000,1.00000,253.26204,140.31642,26.36589,2.50000,0.00000,3.00000,1.00000,12.89317,-99.96858,0.00000,-2.50000,0.00000,309.00000,0.00000,89.99978,0.00000,210.00000,0.00000,89.99978,0.00000,0.00000,2.00000,1.00000,26.36589,96.66397,16.36975,3.00000,10940.00000,
885.56354,996.69806,995.19543,0.00000,13.43189,14.43189,2.55244,112.93599,-1.90021,47.38685,5.72327,5964.99023,5123.42236,0.00000,5964.97656,47.50000,6.00000,11145.00000,11300.00000,3.00000,11300.00000,11710.00000,3.00000,3.00000,1.00000,253.42273,140.47644,26.45366,2.50000,0.00000,3.00000,1.00000,12.78119,-100.08167,0.00000,-2.50000,0.00000,309.00000,0.00000,89.99978,0.00000,210.00000,0.00000,89.99978,0.00000,0.00000,2.00000,1.00000,26.45366,96.88975,16.38816,3.00000,10940.00000,
886.55847,999.81360,998.31104,0.00000,13.43275,14.43275,2.55330,112.93723,-1.90086,47.38609,5.72571,5964.99023,5138.78809,0.00000,5964.97656,47.50000,6.00000,11145.00000,11300.00000,3.00000,11300.00000,11710.00000,3.00000,3.00000,1.00000,253.57520,140.62788,26.53758,2.50000,0.00000,3.00000,1.00000,12.67441,-100.18952,0.00000,-2.50000,0.00000,309.00000,0.00000,89.99978,0.00000,210.00000,0.00000,89.99978,0.00000,0.00000,2.00000,1.00000,26.53758,97.05639,16.40348,3.00000,10940.00000,
887.53424,1002.97943,1001.47687,0.00000,13.43363,14.43363,2.55418,112.93867,-1.90151,47.38531,5.72819,5964.99072,5159.09180,0.00000,5964.97656,47.50000,6.00000,11145.00000,11300.00000,3.00000,11300.00000,11710.00000,3.00000,3.00000,1.00000,253.72861,140.78073,26.62304,2.50000,0.00000,3.00000,1.00000,12.56604,-100.29911,0.00000,-2.50000,0.00000,309.00000,0.00000,89.99978,0.00000,210.00000,0.00000,89.99978,0.00000,0.00000,2.00000,1.00000,26.62304,97.29579,16.41957,3.00000,10940.00000,
888.51038,1005.84375,1004.34119,0.00000,13.43443,14.43443,2.55498,112.94000,-1.90210,47.38460,5.73043,5964.99072,5135.35693,0.00000,5964.97656,47.50000,6.00000,11145.00000,11300.00000,3.00000,11300.00000,11710.00000,3.00000,3.00000,1.00000,253.86690,140.91798,26.70052,2.50000,0.00000,3.00000,1.00000,12.46803,-100.39826,0.00000,-2.50000,0.00000,309.00000,0.00000,89.99978,0.00000,210.00000,0.00000,89.99978,0.00000,0.00000,2.00000,1.00000,26.70052,97.52948,16.43166,3.00000,10940.00000,
889.48767,1008.85883,1007.35626,0.00000,13.43526,14.43526,2.55582,112.94090,-1.90273,47.38386,5.73279,5964.99072,5137.58691,0.00000,5964.97656,47.50000,6.00000,11145.00000,11300.00000,3.00000,11300.00000,11710.00000,3.00000,3.00000,1.00000,254.01178,141.06168,26.78225,2.50000,0.00000,3.00000,1.00000,12.36496,-100.50265,0.00000,-2.50000,0.00000,309.00000,0.00000,89.99978,0.00000,210.00000,0.00000,89.99978,0.00000,0.00000,2.00000,1.00000,26.78225,97.72331,16.45147,3.00000,10940.00000,
890.47766,1011.92419,1010.42157,0.00000,13.43612,14.43612,2.55667,112.94170,-1.90336,47.38311,5.73519,5964.99121,5146.06885,0.00000,5964.97656,47.50000,6.00000,11145.00000,11300.00000,3.00000,11300.00000,11710.00000,3.00000,3.00000,1.00000,254.15762,141.20688,26.86551,2.50000,0.00000,3.00000,1.00000,12.26025,-100.60856,0.00000,-2.50000,0.00000,309.00000,0.00000,89.99978,0.00000,210.00000,0.00000,89.99978,0.00000,0.00000,2.00000,1.00000,26.86551,97.86464,16.46545,3.00000,10940.00000,
891.45953,1015.34125,1013.83868,0.00000,13.43707,14.43707,2.55762,112.94301,-1.90406,47.38226,5.73786,5964.99170,5157.55908,0.00000,5964.97656,47.50000,6.00000,11145.00000,11300.00000,3.00000,11300.00000,11710.00000,3.00000,3.00000,1.00000,254.31952,141.36829,26.95853,2.50000,0.00000,3.00000,1.00000,12.14360,-100.72632,0.00000,-2.50000,0.00000,309.00000,0.00000,89.99978,0.00000,210.00000,0.00000,89.99978,0.00000,0.00000,2.00000,1.00000,26.95853,98.11700,16.48028,3.00000,10940.00000,
892.44049,1018.55731,1017.05475,0.00000,13.43796,14.43796,2.55851,112.94440,-1.90473,47.38147,5.74038,5964.99219,5168.35010,0.00000,5964.97656,47.50000,6.00000,11145.00000,11300.00000,3.00000,11300.00000,11710.00000,3.00000,3.00000,1.00000,254.47104,141.51865,27.04627,2.50000,0.00000,3.00000,1.00000,12.03392,-100.83720,0.00000,-2.50000,0.00000,309.00000,0.00000,89.99978,0.00000,210.00000,0.00000,89.99978,0.00000,0.00000,2.00000,1.00000,27.04627,98.35439,16.50292,3.00000,10940.00000,
893.42426,1021.87390,1020.37134,0.00000,13.43888,14.43888,2.55943,112.94597,-1.90541,47.38066,5.74298,5964.99219,5170.77246,0.00000,5964.97656,47.50000,6.00000,11145.00000,11300.00000,3.00000,11300.00000,11710.00000,3.00000,3.00000,2.00000,254.62573,141.67273,27.13695,2.50000,0.00000,3.00000,1.00000,11.92089,-100.95170,0.00000,-2.50000,0.00000,309.00000,0.00000,89.99978,0.00000,210.00000,0.00000,89.99978,0.00000,0.00000,2.00000,1.00000,27.13695,98.49052,16.52520,3.00000,10940.00000,
894.40283,1024.93921,1023.43665,0.00000,13.43973,14.43973,2.56028,112.94680,-1.90605,47.37990,5.74537,5964.99219,5154.37354,0.00000,5964.97656,47.50000,6.00000,11145.00000,11300.00000,3.00000,11300.00000,11710.00000,3.00000,3.00000,2.00000,254.76816,141.81393,27.22094,2.50000,0.00000,3.00000,1.00000,11.81652,-101.05730,0.00000,-2.50000,0.00000,309.00000,0.00000,89.99978,0.00000,210.00000,0.00000,89.99978,0.00000,0.00000,2.00000,1.00000,27.22094,98.74660,16.53481,3.00000,10940.00000,
895.37817,1028.25586,1026.75330,0.00000,13.44065,14.44065,2.56120,112.94759,-1.90673,47.37909,5.74797,5964.99268,5143.76807,0.00000,5964.97656,47.50000,6.00000,11145.00000,11300.00000,3.00000,11300.00000,11710.00000,3.00000,3.00000,2.00000,254.92140,141.96629,27.31200,2.50000,0.00000,3.00000,1.00000,11.70368,-101.17108,0.00000,-2.50000,0.00000,309.00000,0.00000,89.99978,0.00000,210.00000,0.00000,89.99978,0.00000,0.00000,2.00000,1.00000,27.31200,99.01255,16.55706,3.00000,10940.00000,
896.37097,1031.72314,1030.22058,0.00000,13.44162,14.44162,2.56217,112.94902,-1.90745,47.37823,5.75068,5964.99316,5133.62646,0.00000,5964.97656,47.50000,6.00000,11145.00000,11300.00000,3.00000,11300.00000,11710.00000,3.00000,3.00000,2.00000,255.07999,142.12422,27.40740,2.50000,0.00000,3.00000,1.00000,11.58582,-101.29015,0.00000,-2.50000,0.00000,309.00000,0.00000,89.99978,0.00000,210.00000,0.00000,89.99978,0.00000,0.00000,2.00000,1.00000,27.40740,99.08382,16.58676,3.00000,10940.00000,
897.35657,1035.24072,1033.73816,0.00000,13.44259,14.44259,2.56314,112.95078,-1.90817,47.37737,5.75344,5964.99316,5125.97021,0.00000,5964.97656,47.50000,6.00000,11145.00000,11300.00000,3.00000,11300.00000,11710.00000,3.00000,3.00000,2.00000,255.24020,142.28331,27.50440,2.50000,0.00000,3.00000,1.00000,11.46637,-101.41103,0.00000,-2.50000,0.00000,309.00000,0.00000,89.99978,0.00000,210.00000,0.00000,89.99978,0.00000,0.00000,2.00000,1.00000,27.50440,99.40970,16.60729,3.00000,10940.00000,
898.34521,1038.30603,1036.80347,0.00000,13.44345,14.44345,2.56400,112.95155,-1.90880,47.37661,5.75584,5964.99219,5121.98730,0.00000,5964.97705,47.50000,6.00000,11145.00000,11300.00000,3.00000,11300.00000,11710.00000,3.00000,3.00000,2.00000,255.37891,142.42075,27.58910,2.50000,0.00000,3.00000,1.00000,11.36236,-101.51639,0.00000,-2.50000,0.00000,309.00000,0.00000,89.99978,0.00000,210.00000,0.00000,89.99978,0.00000,0.00000,2.00000,1.00000,27.58910,99.60351,16.62486,3.00000,10940.00000,
899.33917,1041.22070,1039.71802,0.00000,13.44425,14.44425,2.56481,112.95226,-1.90941,47.37589,5.75812,5964.98779,5123.89990,0.00000,5964.97705,47.50000,6.00000,11145.00000,11300.00000,3.00000,11300.00000,11710.00000,3.00000,3.00000,2.00000,255.50961,142.55084,27.66979,2.50000,0.00000,3.00000,1.00000,11.26355,-101.61616,0.00000,-2.50000,0.00000,309.00000,0.00000,89.99978,0.00000,210.00000,0.00000,89.99978,0.00000,0.00000,2.00000,1.00000,27.66979,99.74339,16.64807,3.00000,10940.00000,
900.31738,1044.58752,1043.08496,0.00000,13.44519,14.44519,2.56574,112.95341,-1.91010,47.37506,5.76075,5964.98340,5123.13184,0.00000,5964.97705,47.50000,6.00000,11145.00000,11300.00000,3.00000,11300.00000,11710.00000,3.00000,3.00000,2.00000,255.65993,142.70073,27.76317,2.50000,0.00000,3.00000,1.00000,11.14949,-101.73119,0.00000,-2.50000,0.00000,309.00000,0.00000,89.99978,0.00000,210.00000,0.00000,89.99978,0.00000,0.00000,2.00000,1.00000,27.76317,99.95215,16.66594,3.00000,10940.00000,
901.29858,1048.05481,1046.55225,0.00000,13.44615,14.44615,2.56670,112.95490,-1.91082,47.37421,5.76346,5964.97852,5128.45605,0.00000,5964.97705,47.50000,6.00000,11145.00000,11300.00000,3.00000,11300.00000,11710.00000,3.00000,3.00000,2.00000,255.81400,142.85362,27.85954,2.50000,0.00000,3.00000,1.00000,11.03215,-101.84974,0.00000,-2.50000,0.00000,309.00000,0.00000,89.99978,0.00000,210.00000,0.00000,89.99978,0.00000,0.00000,2.00000,1.00000,27.85954,100.23297,16.68434,3.00000,10940.00000,
902.28809,1051.17041,1049.66785,0.00000,13.44702,14.44702,2.56757,112.95663,-1.91146,47.37344,5.76590,5964.97412,5144.98438,0.00000,5964.97656,47.50000,6.00000,11145.00000,11300.00000,3.00000,11300.00000,11710.00000,3.00000,3.00000,2.00000,255.95099,142.98985,27.94631,2.50000,0.00000,3.00000,1.00000,10.92679,-101.95657,0.00000,-2.50000,0.00000,309.00000,0.00000,89.99978,0.00000,210.00000,0.00000,89.99978,0.00000,0.00000,2.00000,1.00000,27.94631,100.27489,16.72068,3.00000,10940.00000,
903.27081,1054.23572,1052.73315,0.00000,13.44787,14.44787,2.56842,112.95779,-1.91209,47.37268,5.76830,5964.96973,5133.05762,0.00000,5964.97656,47.50000,6.00000,11145.00000,11300.00000,3.00000,11300.00000,11710.00000,3.00000,3.00000,2.00000,256.08508,143.12271,28.03182,2.50000,0.00000,3.00000,1.00000,10.82325,-102.06150,0.00000,-2.50000,0.00000,309.00000,0.00000,89.99978,0.00000,210.00000,0.00000,89.99978,0.00000,0.00000,2.00000,1.00000,28.03182,100.44649,16.73880,3.00000,10940.00000,
904.25684,1057.85376,1056.35120,0.00000,13.44887,14.44887,2.56943,112.95856,-1.91284,47.37179,5.77113,5964.96484,5044.94824,0.00000,5964.97656,47.50000,6.00000,11145.00000,11300.00000,3.00000,11300.00000,11710.00000,3.00000,3.00000,2.00000,256.24329,143.27980,28.13296,2.50000,0.00000,3.00000,1.00000,10.70111,-102.18510,0.00000,-2.50000,0.00000,309.00000,0.00000,89.99978,0.00000,210.00000,0.00000,89.99978,0.00000,0.00000,2.00000,1.00000,28.13296,100.71748,16.75462,3.00000,10940.00000,
905.23950,1061.12012,1059.61755,0.00000,13.44978,14.44978,2.57033,112.96014,-1.91351,47.37099,5.77369,5964.96191,5185.05518,1.00000,5964.96191,47.50000,6.00000,11145.00000,11300.00000,3.00000,11300.00000,11710.00000,3.00000,3.00000,2.00000,256.38416,143.41982,28.22445,2.50000,0.00000,3.00000,1.00000,10.59099,-102.29643,0.00000,-2.50000,0.00000,309.00000,0.00000,89.99978,0.00000,210.00000,0.00000,89.99978,0.00000,0.00000,2.00000,1.00000,28.22445,100.90814,16.77728,3.00000,10940.00000,
906.21918,1063.93420,1062.43164,0.00000,13.45056,14.45056,2.57111,112.96175,-1.91409,47.37030,5.77589,5964.96240,5175.61572,1.00000,5964.96191,47.50000,6.00000,11145.00000,11300.00000,3.00000,11300.00000,11710.00000,3.00000,3.00000,2.00000,256.50473,143.54001,28.30340,2.50000,0.00000,3.00000,1.00000,10.49615,-102.39226,0.00000,-2.50000,0.00000,309.00000,0.00000,89.99978,0.00000,210.00000,0.00000,89.99978,0.00000,0.00000,2.00000,1.00000,28.30340,101.00639,16.80187,3.00000,10940.00000,
907.19873,1066.94934,1065.44666,0.00000,13.45140,14.45140,2.57195,112.96314,-1.91471,47.36955,5.77825,5964.96289,5196.38525,1.00000,5964.96191,47.50000,6.00000,11145.00000,11300.00000,3.00000,11300.00000,11710.00000,3.00000,3.00000,2.00000,256.63318,143.66727,28.38813,2.50000,0.00000,3.00000,1.00000,10.39468,-102.49495,0.00000,-2.50000,0.00000,309.00000,0.00000,89.99978,0.00000,210.00000,0.00000,89.99978,0.00000,0.00000,2.00000,1.00000,28.38813,101.18447,16.82379,3.00000,10940.00000,
908.18445,1069.76331,1068.26074,0.00000,13.45218,14.45218,2.57273,112.96439,-1.91529,47.36886,5.78045,5964.96289,5167.62354,1.00000,5964.96191,47.50000,6.00000,11145.00000,11300.00000,3.00000,11300.00000,11710.00000,3.00000,3.00000,2.00000,256.75238,143.78542,28.46735,2.50000,0.00000,3.00000,1.00000,10.30000,-102.59078,0.00000,-2.50000,0.00000,309.00000,0.00000,89.99978,0.00000,210.00000,0.00000,89.99978,0.00000,0.00000,2.00000,1.00000,28.46735,101.45170,16.84105,3.00000,10940.00000,
909.16589,1073.02966,1071.52710,0.00000,13.45309,14.45309,2.57364,112.96495,-1.91597,47.36805,5.78300,5964.96338,5155.66309,0.00000,5964.96191,47.50000,6.00000,11145.00000,11300.00000,3.00000,11300.00000,11710.00000,3.00000,3.00000,2.00000,256.88992,143.92229,28.55944,2.50000,0.00000,3.00000,1.00000,10.19026,-102.70173,0.00000,-2.50000,0.00000,309.00000,0.00000,89.99978,0.00000,210.00000,0.00000,89.99978,0.00000,0.00000,2.00000,1.00000,28.55944,101.59564,16.86919,3.00000,10940.00000,
910.14465,1076.39648,1074.89392,0.00000,13.45403,14.45403,2.57458,112.96587,-1.91666,47.36722,5.78564,5964.96338,5100.41406,0.00000,5964.96191,47.50000,6.00000,11145.00000,11300.00000,3.00000,11300.00000,11710.00000,3.00000,3.00000,2.00000,257.03104,144.06244,28.65454,2.50000,0.00000,3.00000,1.00000,10.07721,-102.81601,0.00000,-2.50000,0.00000,309.00000,0.00000,89.99978,0.00000,210.00000,0.00000,89.99978,0.00000,0.00000,2.00000,1.00000,28.65454,101.77375,16.88941,3.00000,10940.00000,
911.12457,1079.16040,1077.65771,0.00000,13.45479,14.45479,2.57534,112.96684,-1.91723,47.36654,5.78780,5964.96338,5021.96045,0.00000,5964.96191,47.50000,6.00000,11145.00000,11300.00000,3.00000,11300.00000,11710.00000,3.00000,3.00000,2.00000,257.14685,144.17732,28.73274,2.50000,0.00000,3.00000,1.00000,9.98452,-102.90963,0.00000,-2.50000,0.00000,309.00000,0.00000,89.99978,0.00000,210.00000,0.00000,89.99978,0.00000,0.00000,2.00000,1.00000,28.73274,101.95986,16.91041,3.00000,10940.00000,
912.09668,1082.12512,1080.62256,0.00000,13.45562,14.45562,2.57617,112.96819,-1.91784,47.36581,5.79012,5964.96387,4946.12549,0.00000,5964.96191,47.50000,6.00000,11145.00000,11300.00000,3.00000,11300.00000,11710.00000,3.00000,3.00000,2.00000,257.26999,144.29951,28.81675,2.50000,0.00000,3.00000,1.00000,9.88514,-103.01011,0.00000,-2.50000,0.00000,309.00000,0.00000,89.99978,0.00000,210.00000,0.00000,89.99978,0.00000,0.00000,2.00000,1.00000,28.81675,102.08207,16.93526,3.00000,10940.00000,
913.08392,1085.03979,1083.53711,0.00000,13.45643,14.45643,2.57698,112.96944,-1.91844,47.36509,5.79240,5964.96387,4894.44629,0.00000,5964.96191,47.50000,6.00000,11145.00000,11300.00000,3.00000,11300.00000,11710.00000,3.00000,3.00000,2.00000,257.38980,144.41891,28.89946,2.50000,0.00000,3.00000,1.00000,9.78756,-103.10885,0.00000,-2.50000,0.00000,309.00000,0.00000,89.99978,0.00000,210.00000,0.00000,89.99978,0.00000,0.00000,2.00000,1.00000,28.89946,102.21136,16.95901,3.00000,10940.00000,
914.07306,1088.40662,1086.90405,0.00000,13.45736,14.45736,2.57791,112.97026,-1.91914,47.36426,5.79503,5964.96436,4845.09668,0.00000,5964.96191,47.50000,6.00000,11145.00000,11300.00000,3.00000,11300.00000,11710.00000,3.00000,3.00000,2.00000,257.52731,144.55519,28.99517,2.50000,0.00000,3.00000,1.00000,9.67491,-103.22276,0.00000,-2.50000,0.00000,309.00000,0.00000,89.99978,0.00000,210.00000,0.00000,89.99978,0.00000,0.00000,2.00000,1.00000,28.99517,102.38424,16.98489,3.00000,10940.00000,
915.04620,1091.42163,1089.91907,0.00000,13.45820,14.45820,2.57875,112.97098,-1.91976,47.36352,5.79739,5964.96484,4815.16748,0.00000,5964.96191,47.50000,6.00000,11145.00000,11300.00000,3.00000,11300.00000,11710.00000,3.00000,3.00000,2.00000,257.64972,144.67671,29.08102,2.50000,0.00000,3.00000,1.00000,9.57415,-103.32452,0.00000,-2.50000,0.00000,309.00000,0.00000,89.99978,0.00000,210.00000,0.00000,89.99978,0.00000,0.00000,2.00000,1.00000,29.08102,102.54122,17.00719,3.00000,10940.00000,
916.03168,1094.18542,1092.68286,0.00000,13.45897,14.45897,2.57952,112.97224,-1.92033,47.36284,5.79955,5964.96533,4822.87207,0.00000,5964.96191,47.50000,6.00000,11145.00000,11300.00000,3.00000,11300.00000,11710.00000,3.00000,3.00000,2.00000,257.76129,144.78751,29.15982,2.50000,0.00000,3.00000,1.00000,9.48186,-103.41774,0.00000,-2.50000,0.00000,309.00000,0.00000,89.99978,0.00000,210.00000,0.00000,89.99978,0.00000,0.00000,2.00000,1.00000,29.15982,102.65605,17.04488,3.00000,10940.00000,
917.01514,1097.25085,1095.74817,0.00000,13.45982,14.45982,2.58037,112.97373,-1.92096,47.36208,5.80195,5964.96533,4845.49658,0.00000,5964.96191,47.50000,6.00000,11145.00000,11300.00000,3.00000,11300.00000,11710.00000,3.00000,3.00000,2.00000,257.88434,144.90997,29.24736,2.50000,0.00000,3.00000,1.00000,9.37958,-103.52124,0.00000,-2.50000,0.00000,309.00000,0.00000,89.99978,0.00000,210.00000,0.00000,89.99978,0.00000,0.00000,2.00000,1.00000,29.24736,102.89011,17.05522,3.00000,10940.00000,
917.99829,1100.76843,1099.26575,0.00000,13.46080,14.46080,2.58135,112.97531,-1.92168,47.36121,5.80470,5964.96582,4881.23633,0.00000,5964.96191,47.50000,6.00000,11145.00000,11300.00000,3.00000,11300.00000,11710.00000,3.00000,3.00000,2.00000,258.02533,145.04944,29.34798,2.50000,0.00000,3.00000,1.00000,9.26236,-103.64000,0.00000,-2.50000,0.00000,309.00000,0.00000,89.99978,0.00000,210.00000,0.00000,89.99978,0.00000,0.00000,2.00000,1.00000,29.34798,103.06879,17.08610,3.00000,10940.00000,
918.98480,1103.93420,1102.43164,0.00000,13.46167,14.46167,2.58223,112.97600,-1.92234,47.36043,5.80718,5964.96631,4880.40283,0.00000,5964.96191,47.50000,6.00000,11145.00000,11300.00000,3.00000,11300.00000,11710.00000,3.00000,3.00000,2.00000,258.15179,145.17484,29.43869,2.50000,0.00000,3.00000,1.00000,9.15693,-103.74671,0.00000,-2.50000,0.00000,309.00000,0.00000,89.99978,0.00000,210.00000,0.00000,89.99978,0.00000,0.00000,2.00000,1.00000,29.43869,103.26569,17.10932,3.00000,10940.00000,
919.97070,1107.40161,1105.89893,0.00000,13.46264,14.46264,2.58319,112.97699,-1.92305,47.35958,5.80989,5964.96680,4911.76660,0.00000,5964.96191,47.50000,6.00000,11145.00000,11300.00000,3.00000,11300.00000,11710.00000,3.00000,3.00000,2.00000,258.28830,145.31068,29.53819,2.50000,0.00000,3.00000,1.00000,9.04162,-103.86327,0.00000,-2.50000,0.00000,309.00000,0.00000,89.99978,0.00000,210.00000,0.00000,89.99978,0.00000,0.00000,2.00000,1.00000,29.53819,103.38290,17.14305,3.00000,10940.00000,
920.95856,1110.21558,1108.71301,0.00000,13.46342,14.46342,2.58397,112.97817,-1.92363,47.35888,5.81209,5964.96729,4914.32275,0.00000,5964.96191,47.50000,6.00000,11145.00000,11300.00000,3.00000,11300.00000,11710.00000,3.00000,3.00000,2.00000,258.39838,145.42027,29.61907,2.50000,0.00000,3.00000,1.00000,8.94810,-103.95782,0.00000,-2.50000,0.00000,309.00000,0.00000,89.99978,0.00000,210.00000,0.00000,89.99978,0.00000,0.00000,2.00000,1.00000,29.61907,103.52096,17.16246,3.00000,10940.00000,
921.94849,1113.28101,1111.77832,0.00000,13.46427,14.46427,2.58482,112.97957,-1.92426,47.35813,5.81449,5964.96777,4878.46436,0.00000,5964.96191,47.50000,6.00000,11145.00000,11300.00000,3.00000,11300.00000,11710.00000,3.00000,3.00000,2.00000,258.51764,145.53830,29.70730,2.50000,0.00000,3.00000,1.00000,8.84635,-104.06080,0.00000,-2.50000,0.00000,309.00000,0.00000,89.99978,0.00000,210.00000,0.00000,89.99978,0.00000,0.00000,2.00000,1.00000,29.70730,103.57729,17.19131,3.00000,10940.00000,
922.93610,1116.59753,1115.09497,0.00000,13.46519,14.46519,2.58574,112.98087,-1.92494,47.35731,5.81708,5964.96826,4899.46240,0.00000,5964.96191,47.50000,6.00000,11145.00000,11300.00000,3.00000,11300.00000,11710.00000,3.00000,3.00000,2.00000,258.64584,145.66524,29.80290,2.50000,0.00000,3.00000,1.00000,8.73636,-104.17227,0.00000,-2.50000,0.00000,309.00000,0.00000,89.99978,0.00000,210.00000,0.00000,89.99978,0.00000,0.00000,2.00000,1.00000,29.80290,103.84753,17.22052,3.00000,10940.00000,
923.92395,1119.91406,1118.41150,0.00000,13.46611,14.46611,2.58666,112.98170,-1.92563,47.35649,5.81968,5964.96826,4969.46387,0.00000,5964.96191,47.50000,6.00000,11145.00000,11300.00000,3.00000,11300.00000,11710.00000,3.00000,3.00000,2.00000,258.77325,145.79213,29.89865,2.50000,0.00000,3.00000,1.00000,8.62646,-104.28330,0.00000,-2.50000,0.00000,309.00000,0.00000,89.99978,0.00000,210.00000,0.00000,89.99978,0.00000,0.00000,2.00000,1.00000,29.89865,104.03005,17.24469,3.00000,10940.00000,
924.91180,1122.82874,1121.32605,0.00000,13.46692,14.46692,2.58747,112.98270,-1.92623,47.35577,5.82195,5964.96924,4939.96924,0.00000,5964.96191,47.50000,6.00000,11145.00000,11300.00000,3.00000,11300.00000,11710.00000,3.00000,3.00000,2.00000,258.88477,145.90286,29.98292,2.50000,0.00000,3.00000,1.00000,8.53003,-104.38060,0.00000,-2.50000,0.00000,309.00000,0.00000,89.99978,0.00000,210.00000,0.00000,89.99978,0.00000,0.00000,2.00000,1.00000,29.98292,104.12318,17.27538,3.00000,10940.00000,
925.88678,1125.99451,1124.49194,0.00000,13.46780,14.46780,2.58835,112.98402,-1.92688,47.35499,5.82443,5964.96973,4892.36621,0.00000,5964.96191,47.50000,6.00000,11145.00000,11300.00000,3.00000,11300.00000,11710.00000,3.00000,3.00000,2.00000,259.00589,146.02292,30.07458,2.50000,0.00000,3.00000,1.00000,8.42533,-104.48637,0.00000,-2.50000,0.00000,309.00000,0.00000,89.99978,0.00000,210.00000,0.00000,89.99978,0.00000,0.00000,2.00000,1.00000,30.07458,104.36481,17.29571,3.00000,10940.00000,
926.87158,1129.21057,1127.70801,0.00000,13.46870,14.46870,2.58925,112.98570,-1.92754,47.35419,5.82695,5964.96973,4869.02100,0.00000,5964.96191,47.50000,6.00000,11145.00000,11300.00000,3.00000,11300.00000,11710.00000,3.00000,3.00000,2.00000,259.12781,146.14360,30.16782,2.50000,0.00000,3.00000,1.00000,8.31912,-104.59400,0.00000,-2.50000,0.00000,309.00000,0.00000,89.99978,0.00000,210.00000,0.00000,89.99978,0.00000,0.00000,2.00000,1.00000,30.16782,104.42442,17.33371,3.00000,10940.00000,
927.85938,1132.77844,1131.27588,0.00000,13.46969,14.46969,2.59024,112.98693,-1.92827,47.35332,5.82974,5964.97021,4949.78418,0.00000,5964.96191,47.50000,6.00000,11145.00000,11300.00000,3.00000,11300.00000,11710.00000,3.00000,3.00000,2.00000,259.26154,146.27652,30.27143,2.50000,0.00000,3.00000,1.00000,8.20141,-104.71325,0.00000,-2.50000,0.00000,309.00000,0.00000,89.99978,0.00000,210.00000,0.00000,89.99978,0.00000,0.00000,2.00000,1.00000,30.27143,104.59823,17.36224,3.00000,10940.00000,
928.84216,1136.44678,1134.94421,0.00000,13.47071,14.47071,2.59126,112.98767,-1.92903,47.35241,5.83260,5964.97070,5020.63525,0.00000,5964.96191,47.50000,6.00000,11145.00000,11300.00000,3.00000,11300.00000,11710.00000,3.00000,3.00000,2.00000,259.39807,146.41200,30.37813,2.50000,0.00000,3.00000,1.00000,8.08051,-104.83537,0.00000,-2.50000,0.00000,309.00000,0.00000,89.99978,0.00000,210.00000,0.00000,89.99978,0.00000,0.00000,2.00000,1.00000,30.37813,104.77502,17.39500,3.00000,10940.00000,
929.82910,1139.86389,1138.36133,0.00000,13.47165,14.47165,2.59221,112.98907,-1.92973,47.35157,5.83528,5964.97168,5050.71533,0.00000,5964.96191,47.50000,6.00000,11145.00000,11300.00000,3.00000,11300.00000,11710.00000,3.00000,3.00000,2.00000,259.52441,146.53716,30.47766,2.50000,0.00000,3.00000,1.00000,7.96804,-104.94899,0.00000,-2.50000,0.00000,309.00000,0.00000,89.99978,0.00000,210.00000,0.00000,89.99978,0.00000,0.00000,2.00000,1.00000,30.47766,104.92696,17.42698,3.00000,10940.00000,
930.82062,1142.67798,1141.17542,0.00000,13.47244,14.47244,2.59299,112.99049,-1.93031,47.35087,5.83748,5964.97168,5049.29541,0.00000,5964.96191,47.50000,6.00000,11145.00000,11300.00000,3.00000,11300.00000,11710.00000,3.00000,3.00000,2.00000,259.62781,146.63972,30.55975,2.50000,0.00000,3.00000,1.00000,7.87550,-105.04257,0.00000,-2.50000,0.00000,309.00000,0.00000,89.99978,0.00000,210.00000,0.00000,89.99978,0.00000,0.00000,2.00000,1.00000,30.55975,104.97703,17.45926,3.00000,10940.00000,
931.81177,1145.49207,1143.98938,0.00000,13.47322,14.47322,2.59377,113.00655,-1.93089,47.35018,5.83968,5964.97168,5042.07031,0.00000,5964.96191,47.50000,6.00000,11145.00000,11300.00000,3.00000,11300.00000,11710.00000,3.00000,3.00000,2.00000,259.73068,146.74092,30.64194,2.50000,0.00000,3.00000,1.00000,7.78306,-105.13724,0.00000,-2.50000,0.00000,309.00000,0.00000,89.99978,0.00000,210.00000,0.00000,89.99978,0.00000,0.00000,2.00000,1.00000,30.64194,105.24383,17.47193,3.00000,10940.00000,
932.80444,1148.05481,1146.55225,0.00000,13.47393,14.47393,2.59448,113.05615,-1.93142,47.34954,5.84168,5964.97119,4983.97949,0.00000,5964.96191,47.50000,6.00000,11145.00000,11300.00000,3.00000,11300.00000,11710.00000,3.00000,3.00000,2.00000,259.82407,146.82332,30.71686,2.50000,0.00000,3.00000,1.00000,7.69895,-105.23250,0.00000,-2.50000,0.00000,309.00000,0.00000,89.99978,0.00000,210.00000,0.00000,89.99978,0.00000,0.00000,2.00000,1.00000,30.71686,105.28043,17.49623,3.00000,10940.00000,
933.78339,1150.81860,1149.31604,0.00000,13.47470,14.47470,2.59525,113.12136,-1.93199,47.34886,5.84384,5964.96973,4984.97998,0.00000,5964.96191,47.50000,6.00000,11145.00000,11300.00000,3.00000,11300.00000,11710.00000,3.00000,3.00000,2.00000,259.92477,146.89647,30.79773,2.50000,0.00000,3.00000,1.00000,7.60834,-105.35071,0.00000,-2.50000,0.00000,309.00000,0.00000,89.99978,0.00000,210.00000,0.00000,89.99978,0.00000,0.00000,2.00000,1.00000,30.79773,105.36648,17.53339,3.00000,10940.00000,
934.77228,1154.23572,1152.73315,0.00000,13.47565,14.47565,2.59620,113.18591,-1.93269,47.34801,5.84651,5964.96826,4981.96094,0.00000,5964.96191,47.50000,6.00000,11145.00000,11300.00000,3.00000,11300.00000,11710.00000,3.00000,3.00000,2.00000,260.04889,146.97270,30.89780,2.50000,0.00000,3.00000,1.00000,7.49643,-105.51080,0.00000,-2.50000,0.00000,309.00000,0.00000,89.99978,0.00000,210.00000,0.00000,89.99978,0.00000,0.00000,2.00000,1.00000,30.89780,105.46207,17.58107,3.00000,10940.00000,
935.75940,1157.20056,1155.69800,0.00000,13.47647,14.47647,2.59702,113.22600,-1.93330,47.34728,5.84882,5964.96680,4991.19141,0.00000,5964.96191,47.50000,6.00000,11145.00000,11300.00000,3.00000,11300.00000,11710.00000,3.00000,3.00000,2.00000,260.15524,147.03561,30.98469,2.50000,0.00000,3.00000,1.00000,7.39948,-105.65160,0.00000,-2.50000,0.00000,309.00000,0.00000,89.99978,0.00000,210.00000,0.00000,89.99978,0.00000,0.00000,2.00000,1.00000,30.98469,105.49400,17.61109,3.00000,10940.00000,
936.74084,1160.41663,1158.91406,0.00000,13.47736,14.47736,2.59792,113.26286,-1.93396,47.34648,5.85134,5964.96582,4997.81152,0.00000,5964.96191,47.50000,6.00000,11145.00000,11300.00000,3.00000,11300.00000,11710.00000,3.00000,3.00000,2.00000,260.27005,147.10602,31.07902,2.50000,0.00000,3.00000,1.00000,7.29444,-105.80122,0.00000,-2.50000,0.00000,309.00000,0.00000,89.99978,0.00000,210.00000,0.00000,89.99978,0.00000,0.00000,2.00000,1.00000,31.07902,105.69596,17.65002,3.00000,10940.00000,
937.72412,1163.33118,1161.82861,0.00000,13.47817,14.47817,2.59873,113.29503,-1.93456,47.34576,5.85361,5964.96436,4946.41699,0.00000,5964.96191,47.50000,6.00000,11145.00000,11300.00000,3.00000,11300.00000,11710.00000,3.00000,3.00000,2.00000,260.37360,147.17229,31.16457,2.50000,0.00000,3.00000,1.00000,7.19938,-105.93394,0.00000,-2.50000,0.00000,309.00000,0.00000,89.99978,0.00000,210.00000,0.00000,89.99978,0.00000,0.00000,2.00000,1.00000,31.16457,105.74556,17.68591,3.00000,10940.00000,
938.70013,1165.84375,1164.34119,0.00000,13.47887,14.47887,2.59942,113.32183,-1.93507,47.34513,5.85557,5964.96338,4929.16162,0.00000,5964.96191,47.50000,6.00000,11145.00000,11300.00000,3.00000,11300.00000,11710.00000,3.00000,3.00000,2.00000,260.46249,147.23045,31.23839,2.50000,0.00000,3.00000,1.00000,7.11751,-106.04660,0.00000,-2.50000,0.00000,309.00000,0.00000,89.99978,0.00000,210.00000,0.00000,89.99978,0.00000,0.00000,2.00000,1.00000,31.23839,105.83930,17.71468,3.00000,10940.00000,
939.68988,1168.90906,1167.40649,0.00000,13.47972,14.47972,2.60027,113.35306,-1.93570,47.34436,5.85796,5964.96240,4941.44580,0.00000,5964.96191,47.50000,6.00000,11145.00000,11300.00000,3.00000,11300.00000,11710.00000,3.00000,3.00000,2.00000,260.57043,147.30302,31.32850,2.50000,0.00000,3.00000,1.00000,7.01775,-106.18211,0.00000,-2.50000,0.00000,309.00000,0.00000,89.99978,0.00000,210.00000,0.00000,89.99978,0.00000,0.00000,2.00000,1.00000,31.32850,105.81979,17.75748,3.00000,10940.00000,
940.68176,1172.07495,1170.57239,0.00000,13.48060,14.48060,2.60115,113.38411,-1.93635,47.34357,5.86043,5964.96143,4988.98877,0.00000,5964.96191,47.50000,6.00000,11145.00000,11300.00000,3.00000,11300.00000,11710.00000,3.00000,3.00000,2.00000,260.68140,147.37903,31.42165,2.50000,0.00000,3.00000,1.00000,6.91486,-106.31998,0.00000,-2.50000,0.00000,309.00000,0.00000,89.99978,0.00000,210.00000,0.00000,89.99978,0.00000,0.00000,2.00000,1.00000,31.42165,105.93323,17.79195,3.00000,10940.00000,
941.66925,1174.88904,1173.38635,0.00000,13.48138,14.48138,2.60194,113.41145,-1.93693,47.34287,5.86262,5964.96045,5024.26416,0.00000,5964.96191,47.50000,6.00000,11145.00000,11300.00000,3.00000,11300.00000,11710.00000,3.00000,3.00000,2.00000,260.77954,147.44775,31.50452,2.50000,0.00000,3.00000,1.00000,6.82350,-106.44115,0.00000,-2.50000,0.00000,309.00000,0.00000,89.99978,0.00000,210.00000,0.00000,89.99978,0.00000,0.00000,2.00000,1.00000,31.50452,106.00878,17.82592,3.00000,10940.00000,
942.65710,1177.90405,1176.40149,0.00000,13.48222,14.48222,2.60277,113.44035,-1.93755,47.34211,5.86497,5964.95947,5091.69775,0.00000,5964.96191,47.50000,6.00000,11145.00000,11300.00000,3.00000,11300.00000,11710.00000,3.00000,3.00000,2.00000,260.88422,147.52170,31.59339,2.50000,0.00000,3.00000,1.00000,6.72575,-106.57003,0.00000,-2.50000,0.00000,309.00000,0.00000,89.99978,0.00000,210.00000,0.00000,89.99978,0.00000,0.00000,2.00000,1.00000,31.59339,106.17397,17.85276,3.00000,10940.00000,
943.63000,1180.66785,1179.16528,0.00000,13.48299,14.48299,2.60354,113.46688,-1.93811,47.34142,5.86713,5964.95898,5159.12256,0.00000,5964.96191,47.50000,6.00000,11145.00000,11300.00000,3.00000,11300.00000,11710.00000,3.00000,3.00000,2.00000,260.97992,147.58965,31.67492,2.50000,0.00000,3.00000,1.00000,6.63625,-106.68716,0.00000,-2.50000,0.00000,309.00000,0.00000,89.99978,0.00000,210.00000,0.00000,89.99978,0.00000,0.00000,2.00000,1.00000,31.67492,106.26307,17.89224,3.00000,10940.00000,
944.61658,1183.68298,1182.18042,0.00000,13.48383,14.48383,2.60438,113.49626,-1.93873,47.34066,5.86947,5964.95801,5160.90869,0.00000,5964.96191,47.50000,6.00000,11145.00000,11300.00000,3.00000,11300.00000,11710.00000,3.00000,3.00000,2.00000,261.08429,147.66385,31.76393,2.50000,0.00000,3.00000,1.00000,6.53872,-106.81454,0.00000,-2.50000,0.00000,309.00000,0.00000,89.99978,0.00000,210.00000,0.00000,89.99978,0.00000,0.00000,2.00000,1.00000,31.76393,106.35432,17.92269,3.00000,10940.00000,
945.60022,1186.74829,1185.24573,0.00000,13.48468,14.48468,2.60523,113.52755,-1.93936,47.33989,5.87186,5964.95703,5230.00439,0.00000,5964.96191,47.50000,6.00000,11145.00000,11300.00000,3.00000,11300.00000,11710.00000,3.00000,3.00000,2.00000,261.19016,147.73962,31.85450,2.50000,0.00000,3.00000,1.00000,6.43970,-106.94390,0.00000,-2.50000,0.00000,309.00000,0.00000,89.99978,0.00000,210.00000,0.00000,89.99978,0.00000,0.00000,2.00000,1.00000,31.85450,106.37994,17.95869,3.00000,10940.00000,
946.58173,1189.81360,1188.31104,0.00000,13.48553,14.48553,2.60608,113.56037,-1.93999,47.33912,5.87425,5964.95605,5222.53564,0.00000,5964.96191,47.50000,6.00000,11145.00000,11300.00000,3.00000,11300.00000,11710.00000,3.00000,3.00000,2.00000,261.29459,147.81357,31.94514,2.50000,0.00000,3.00000,1.00000,6.34081,-107.07374,0.00000,-2.50000,0.00000,309.00000,0.00000,89.99978,0.00000,210.00000,0.00000,89.99978,0.00000,0.00000,2.00000,1.00000,31.94514,106.45972,17.99916,3.00000,10940.00000,
947.56964,1193.33118,1191.82861,0.00000,13.48651,14.48651,2.60706,113.59975,-1.94071,47.33824,5.87699,5964.95508,5195.36230,0.00000,5964.96191,47.50000,6.00000,11145.00000,11300.00000,3.00000,11300.00000,11710.00000,3.00000,3.00000,2.00000,261.41379,147.89668,32.04926,2.50000,0.00000,3.00000,1.00000,6.22749,-107.22369,0.00000,-2.50000,0.00000,309.00000,0.00000,89.99978,0.00000,210.00000,0.00000,89.99978,0.00000,0.00000,2.00000,1.00000,32.04926,106.58113,18.04079,3.00000,10940.00000,
948.55328,1196.69800,1195.19543,0.00000,13.48744,14.48744,2.60799,113.63914,-1.94140,47.33739,5.87961,5964.95361,5153.35107,0.00000,5964.96191,47.50000,6.00000,11145.00000,11300.00000,3.00000,11300.00000,11710.00000,3.00000,3.00000,2.00000,261.52725,147.97374,32.14900,2.50000,0.00000,3.00000,1.00000,6.11918,-107.36825,0.00000,-2.50000,0.00000,309.00000,0.00000,89.99978,0.00000,210.00000,0.00000,89.99978,0.00000,0.00000,2.00000,1.00000,32.14900,106.70210,18.07095,3.00000,10940.00000,
949.53259,1199.91406,1198.41150,0.00000,13.48834,14.48834,2.60889,113.67883,-1.94205,47.33658,5.88211,5964.95264,5158.86035,0.00000,5964.96191,47.50000,6.00000,11145.00000,11300.00000,3.00000,11300.00000,11710.00000,3.00000,3.00000,2.00000,261.63510,148.04584,32.24436,2.50000,0.00000,3.00000,1.00000,6.01587,-107.50757,0.00000,-2.50000,0.00000,309.00000,0.00000,89.99978,0.00000,210.00000,0.00000,89.99978,0.00000,0.00000,2.00000,1.00000,32.24436,106.81405,18.11737,3.00000,10940.00000,
950.51868,1203.07996,1201.57739,0.00000,13.48921,14.48921,2.60977,113.68742,-1.94270,47.33578,5.88457,5964.95215,5194.43115,0.00000,5964.96191,47.50000,6.00000,11145.00000,11300.00000,3.00000,11300.00000,11710.00000,3.00000,3.00000,2.00000,261.74072,148.11751,32.33830,2.50000,0.00000,3.00000,1.00000,5.91433,-107.64351,0.00000,-2.50000,0.00000,309.00000,0.00000,89.99978,0.00000,210.00000,0.00000,89.99978,0.00000,0.00000,2.00000,1.00000,32.33830,106.81643,18.15105,3.00000,10940.00000,
951.49500,1206.39648,1204.89392,0.00000,13.49014,14.49014,2.61069,113.62564,-1.94338,47.33494,5.88715,5964.95313,5238.07178,0.00000,5964.96191,47.50000,6.00000,11145.00000,11300.00000,3.00000,11300.00000,11710.00000,3.00000,3.00000,2.00000,261.85077,148.21542,32.43682,2.50000,0.00000,3.00000,1.00000,5.80809,-107.76212,0.00000,-2.50000,0.00000,309.00000,0.00000,89.99978,0.00000,210.00000,0.00000,89.99978,0.00000,0.00000,2.00000,1.00000,32.43682,107.15034,18.18340,3.00000,10940.00000,
952.48193,1209.31116,1207.80847,0.00000,13.49095,14.49095,2.61150,113.56427,-1.94397,47.33420,5.88941,5964.95459,5237.68506,0.00000,5964.96191,47.50000,6.00000,11145.00000,11300.00000,3.00000,11300.00000,11710.00000,3.00000,3.00000,2.00000,261.94690,148.32674,32.52351,2.50000,0.00000,3.00000,1.00000,5.71484,-107.84045,0.00000,-2.50000,0.00000,309.00000,0.00000,89.99978,0.00000,210.00000,0.00000,89.99978,0.00000,0.00000,2.00000,1.00000,32.52351,107.17038,18.21666,3.00000,10940.00000,
953.46539,1212.67798,1211.17542,0.00000,13.49188,14.49188,2.61243,113.51595,-1.94466,47.33335,5.89203,5964.95654,5236.64600,0.00000,5964.96191,47.50000,6.00000,11145.00000,11300.00000,3.00000,11300.00000,11710.00000,3.00000,3.00000,2.00000,262.05737,148.46965,32.62379,2.50000,0.00000,3.00000,1.00000,5.60723,-107.91562,0.00000,-2.50000,0.00000,309.00000,0.00000,89.99978,0.00000,210.00000,0.00000,89.99978,0.00000,0.00000,2.00000,1.00000,32.62379,107.30476,18.24475,3.00000,10940.00000,
954.45441,1215.94421,1214.44165,0.00000,13.49279,14.49279,2.61334,113.48341,-1.94533,47.33252,5.89457,5964.95801,5225.79297,0.00000,5964.96191,47.50000,6.00000,11145.00000,11300.00000,3.00000,11300.00000,11710.00000,3.00000,3.00000,2.00000,262.16449,148.61061,32.72123,2.50000,0.00000,3.00000,1.00000,5.50295,-107.98604,0.00000,-2.50000,0.00000,309.00000,0.00000,89.99978,0.00000,210.00000,0.00000,89.99978,0.00000,0.00000,2.00000,1.00000,32.72123,107.48293,18.26100,3.00000,10940.00000,
955.44360,1219.00964,1217.50696,0.00000,13.49364,14.49364,2.61419,113.45485,-1.94596,47.33175,5.89696,5964.95996,5219.70557,0.00000,5964.96191,47.50000,6.00000,11145.00000,11300.00000,3.00000,11300.00000,11710.00000,3.00000,3.00000,2.00000,262.26434,148.74181,32.81281,2.50000,0.00000,3.00000,1.00000,5.40518,-108.05303,0.00000,-2.50000,0.00000,309.00000,0.00000,89.99978,0.00000,210.00000,0.00000,89.99978,0.00000,0.00000,2.00000,1.00000,32.81281,107.60561,18.30060,3.00000,10940.00000,
956.43835,1222.17542,1220.67285,0.00000,13.49452,14.49452,2.61507,113.42527,-1.94661,47.33096,5.89942,5964.96191,5268.49170,0.00000,5964.96191,47.50000,6.00000,11145.00000,11300.00000,3.00000,11300.00000,11710.00000,3.00000,3.00000,2.00000,262.36597,148.87454,32.90754,2.50000,0.00000,3.00000,1.00000,5.30430,-108.12288,0.00000,-2.50000,0.00000,309.00000,0.00000,89.99978,0.00000,210.00000,0.00000,89.99978,0.00000,0.00000,2.00000,1.00000,32.90754,107.84627,18.30711,3.00000,10940.00000,
957.41949,1225.39148,1223.88892,0.00000,13.49541,14.49541,2.61596,113.39664,-1.94726,47.33015,5.90192,5964.96387,5279.99414,1.00000,5964.96191,47.50000,6.00000,11145.00000,11300.00000,3.00000,11300.00000,11710.00000,3.00000,3.00000,2.00000,262.46851,149.00841,33.00390,2.50000,0.00000,3.00000,1.00000,5.20193,-108.19442,0.00000,-2.50000,0.00000,309.00000,0.00000,89.99978,0.00000,210.00000,0.00000,89.99978,0.00000,0.00000,2.00000,1.00000,33.00390,107.93661,18.34736,3.00000,10940.00000,
958.41223,1227.90405,1226.40149,0.00000,13.49611,14.49611,2.61666,113.37587,-1.94778,47.32952,5.90388,5964.96533,5273.89600,1.00000,5964.96191,47.50000,6.00000,11145.00000,11300.00000,3.00000,11300.00000,11710.00000,3.00000,3.00000,2.00000,262.54816,149.11150,33.07928,2.50000,0.00000,3.00000,1.00000,5.12204,-108.25107,0.00000,-2.50000,0.00000,309.00000,0.00000,89.99978,0.00000,210.00000,0.00000,89.99978,0.00000,0.00000,2.00000,1.00000,33.07928,108.16338,18.35892,3.00000,10940.00000,
959.38599,1230.71814,1229.21558,0.00000,13.49689,14.49689,2.61744,113.35460,-1.94835,47.32881,5.90607,5964.96680,5248.78955,0.00000,5964.96191,47.50000,6.00000,11145.00000,11300.00000,3.00000,11300.00000,11710.00000,3.00000,3.00000,2.00000,262.63687,149.22528,33.16380,2.50000,0.00000,3.00000,1.00000,5.03263,-108.31551,0.00000,-2.50000,0.00000,309.00000,0.00000,89.99978,0.00000,210.00000,0.00000,89.99978,0.00000,0.00000,2.00000,1.00000,33.16380,108.21901,18.38671,3.00000,10940.00000,
960.36725,1233.43176,1231.92908,0.00000,13.49765,14.49765,2.61820,113.33604,-1.94891,47.32813,5.90819,5964.96826,5219.88770,0.00000,5964.96191,47.50000,6.00000,11145.00000,11300.00000,3.00000,11300.00000,11710.00000,3.00000,3.00000,2.00000,262.72192,149.33313,33.24539,2.50000,0.00000,3.00000,1.00000,4.94650,-108.37907,0.00000,-2.50000,0.00000,309.00000,0.00000,89.99978,0.00000,210.00000,0.00000,89.99978,0.00000,0.00000,2.00000,1.00000,33.24539,108.26318,18.41675,3.00000,10940.00000,
961.35223,1236.24573,1234.74316,0.00000,13.49843,14.49843,2.61898,113.31860,-1.94949,47.32742,5.91038,5964.96973,5206.62012,0.00000,5964.96191,47.50000,6.00000,11145.00000,11300.00000,3.00000,11300.00000,11710.00000,3.00000,3.00000,2.00000,262.80960,149.44295,33.33011,2.50000,0.00000,3.00000,1.00000,4.85726,-108.44652,0.00000,-2.50000,0.00000,309.00000,0.00000,89.99978,0.00000,210.00000,0.00000,89.99978,0.00000,0.00000,2.00000,1.00000,33.33011,108.44697,18.44249,3.00000,10940.00000,
962.32867,1239.00964,1237.50696,0.00000,13.49920,14.49920,2.61975,113.30252,-1.95005,47.32673,5.91253,5964.97070,5190.21387,0.00000,5964.96191,47.50000,6.00000,11145.00000,11300.00000,3.00000,11300.00000,11710.00000,3.00000,3.00000,2.00000,262.89529,149.54878,33.41341,2.50000,0.00000,3.00000,1.00000,4.76970,-108.51417,0.00000,-2.50000,0.00000,309.00000,0.00000,89.99978,0.00000,210.00000,0.00000,89.99978,0.00000,0.00000,2.00000,1.00000,33.41341,108.58592,18.46533,3.00000,10940.00000,
963.31921,1241.97437,1240.47180,0.00000,13.50002,14.50002,2.62057,113.28616,-1.95066,47.32599,5.91484,5964.97217,5190.34424,0.00000,5964.96191,47.50000,6.00000,11145.00000,11300.00000,3.00000,11300.00000,11710.00000,3.00000,3.00000,2.00000,262.98712,149.66008,33.50288,2.50000,0.00000,3.00000,1.00000,4.67587,-108.58825,0.00000,-2.50000,0.00000,309.00000,0.00000,89.99978,0.00000,210.00000,0.00000,89.99978,0.00000,0.00000,2.00000,1.00000,33.50288,108.58754,18.49203,3.00000,10940.00000,
1068.99377,1245.16919,1243.66663,0.00000,13.50091,14.50091,2.62146,113.26991,-1.95131,47.32519,5.91733,5964.97412,5225.26025,0.00000,5964.96143,47.50000,6.00000,11145.00000,11710.00000,3.00000,11300.00000,10820.00000,3.00000,3.00000,2.00000,263.08591,149.77925,33.59940,2.50000,0.00000,3.00000,1.00000,4.57486,-108.66948,0.00000,-2.50000,0.00000,289.00000,0.00000,89.99978,0.00000,210.00000,0.00000,89.99978,0.00000,0.00000,2.00000,1.00000,33.59940,108.90195,18.52645,3.00000,10940.00000,
1069.99768,1246.17310,1244.67053,0.00000,13.50119,14.50119,2.62174,113.26499,-1.95152,47.32494,5.91811,5964.97461,5228.70947,0.00000,5964.97510,47.50000,6.00000,11145.00000,11710.00000,3.00000,11300.00000,10820.00000,3.00000,3.00000,2.00000,263.11649,149.81606,33.62974,2.50000,0.00000,3.00000,1.00000,4.54314,-108.69524,0.00000,-2.50000,0.00000,289.00000,0.00000,89.99978,0.00000,210.00000,0.00000,89.99978,0.00000,0.00000,2.00000,1.00000,33.62974,108.75620,18.54934,3.00000,10940.00000,
1070.98486,1247.28247,1245.77991,0.00000,13.50149,14.50149,2.62205,113.25975,-1.95175,47.32466,5.91898,5964.97559,5229.96777,0.00000,5964.97754,47.50000,6.00000,11145.00000,11710.00000,3.00000,11300.00000,10820.00000,3.00000,3.00000,2.00000,263.15079,149.85663,33.66329,2.50000,0.00000,3.00000,1.00000,4.50811,-108.72384,0.00000,-2.50000,0.00000,289.00000,0.00000,89.99978,0.00000,210.00000,0.00000,89.99978,0.00000,0.00000,2.00000,1.00000,33.66329,108.85518,18.55547,3.00000,10940.00000,
1071.98877,1249.13135,1247.62878,0.00000,13.50201,14.50201,2.62256,113.25172,-1.95213,47.32420,5.92042,5964.97607,5239.58594,0.00000,5964.97559,47.50000,6.00000,11145.00000,11710.00000,3.00000,11300.00000,10820.00000,3.00000,3.00000,2.00000,263.20703,149.92300,33.71926,2.50000,0.00000,3.00000,1.00000,4.44976,-108.77199,0.00000,-2.50000,0.00000,289.00000,0.00000,89.99978,0.00000,210.00000,0.00000,89.99978,0.00000,0.00000,2.00000,1.00000,33.71926,109.33286,18.55239,3.00000,10940.00000,
1072.96912,1251.79895,1250.29626,0.00000,13.50275,14.50275,2.62330,113.24103,-1.95267,47.32353,5.92250,5964.97656,5217.45898,0.00000,5964.97559,47.50000,6.00000,11145.00000,11710.00000,3.00000,11300.00000,10820.00000,3.00000,3.00000,2.00000,263.28729,150.01755,33.80004,2.50000,0.00000,3.00000,1.00000,4.36564,-108.84239,0.00000,-2.50000,0.00000,289.00000,0.00000,89.99978,0.00000,210.00000,0.00000,89.99978,0.00000,0.00000,2.00000,1.00000,33.80004,109.04066,18.59720,3.00000,10940.00000,
1073.96533,1252.96008,1251.45752,0.00000,13.50307,14.50307,2.62362,113.23689,-1.95291,47.32324,5.92340,5964.97705,5207.16406,0.00000,5964.97217,47.50000,6.00000,11145.00000,11710.00000,3.00000,11300.00000,10820.00000,3.00000,3.00000,2.00000,263.32269,150.05794,33.83524,2.50000,0.00000,3.00000,1.00000,4.32904,-108.87337,0.00000,-2.50000,0.00000,289.00000,0.00000,89.99978,0.00000,210.00000,0.00000,89.99978,0.00000,0.00000,2.00000,1.00000,33.83524,109.31477,18.60569,3.00000,10940.00000,
1074.96716,1253.96814,1252.46558,0.00000,13.50335,14.50335,2.62390,113.23305,-1.95312,47.32299,5.92419,5964.97705,5198.22412,0.00000,5964.96875,47.50000,6.00000,11145.00000,11710.00000,3.00000,11300.00000,10820.00000,3.00000,3.00000,2.00000,263.35352,150.09341,33.86581,2.50000,0.00000,3.00000,1.00000,4.29729,-108.90041,0.00000,-2.50000,0.00000,289.00000,0.00000,89.99978,0.00000,210.00000,0.00000,89.99978,0.00000,0.00000,2.00000,1.00000,33.86581,109.39439,18.62768,3.00000,10940.00000,
1075.96143,1254.96252,1253.45996,0.00000,13.50363,14.50363,2.62418,113.22967,-1.95332,47.32274,5.92497,5964.97754,5190.29004,0.00000,5964.97803,47.50000,6.00000,11145.00000,11710.00000,3.00000,11300.00000,10820.00000,3.00000,3.00000,2.00000,263.38348,150.12811,33.89597,2.50000,0.00000,3.00000,1.00000,4.26597,-108.92720,0.00000,-2.50000,0.00000,289.00000,0.00000,89.99978,0.00000,210.00000,0.00000,89.99978,0.00000,0.00000,2.00000,1.00000,33.89597,109.24590,18.63803,3.00000,10940.00000,
1076.95410,1255.97437,1254.47180,0.00000,13.50391,14.50391,2.62446,113.22604,-1.95353,47.32249,5.92575,5964.97754,5185.35645,0.00000,5964.97705,47.50000,6.00000,11145.00000,11710.00000,3.00000,11300.00000,10820.00000,3.00000,3.00000,2.00000,263.41315,150.16304,33.92667,2.50000,0.00000,3.00000,1.00000,4.23412,-108.95467,0.00000,-2.50000,0.00000,289.00000,0.00000,89.99978,0.00000,210.00000,0.00000,89.99978,0.00000,0.00000,2.00000,1.00000,33.92667,109.15785,18.63462,3.00000,10940.00000,
1077.95618,1256.97644,1255.47388,0.00000,13.50419,14.50419,2.62474,113.22212,-1.95373,47.32224,5.92654,5964.97754,5186.79248,0.00000,5964.98193,47.50000,6.00000,11145.00000,11710.00000,3.00000,11300.00000,10820.00000,3.00000,3.00000,2.00000,263.44278,150.19701,33.95709,2.50000,0.00000,3.00000,1.00000,4.20259,-108.98195,0.00000,-2.50000,0.00000,289.00000,0.00000,89.99978,0.00000,210.00000,0.00000,89.99978,0.00000,0.00000,2.00000,1.00000,33.95709,109.54774,18.63561,3.00000,10940.00000,
1078.95496,1257.97522,1256.47266,0.00000,13.50446,14.50446,2.62502,113.21865,-1.95394,47.32199,5.92731,5964.97705,5188.22070,0.00000,5964.97803,47.50000,6.00000,11145.00000,11710.00000,3.00000,11300.00000,10820.00000,3.00000,3.00000,2.00000,263.47345,150.23120,33.98742,2.50000,0.00000,3.00000,1.00000,4.17117,-109.00924,0.00000,-2.50000,0.00000,289.00000,0.00000,89.99978,0.00000,210.00000,0.00000,89.99978,0.00000,0.00000,2.00000,1.00000,33.98742,109.26713,18.65907,3.00000,10940.00000,
1079.95093,1258.97119,1257.46863,0.00000,13.50474,14.50474,2.62529,113.21537,-1.95414,47.32174,5.92809,5964.97656,5189.64209,0.00000,5964.97754,47.50000,6.00000,11145.00000,11710.00000,3.00000,11300.00000,10820.00000,3.00000,3.00000,2.00000,263.50348,150.26540,34.01767,2.50000,0.00000,3.00000,1.00000,4.13986,-109.03644,0.00000,-2.50000,0.00000,289.00000,0.00000,89.99978,0.00000,210.00000,0.00000,89.99978,0.00000,0.00000,2.00000,1.00000,34.01767,109.40811,18.68193,3.00000,10940.00000,
1080.94751,1259.96777,1258.46521,0.00000,13.50502,14.50502,2.62557,113.21226,-1.95435,47.32150,5.92887,5964.97607,5196.28955,0.00000,5964.97314,47.50000,6.00000,11145.00000,11710.00000,3.00000,11300.00000,10820.00000,3.00000,3.00000,2.00000,263.53311,150.29933,34.04793,2.50000,0.00000,3.00000,1.00000,4.10853,-109.06377,0.00000,-2.50000,0.00000,289.00000,0.00000,89.99978,0.00000,210.00000,0.00000,89.99978,0.00000,0.00000,2.00000,1.00000,34.04793,109.08090,18.69944,3.00000,10940.00000,
1081.94397,1260.96423,1259.46167,0.00000,13.50529,14.50529,2.62585,113.20914,-1.95455,47.32125,5.92965,5964.97607,5219.02490,0.00000,5964.97607,47.50000,6.00000,11145.00000,11710.00000,3.00000,11300.00000,10820.00000,3.00000,3.00000,2.00000,263.56265,150.33325,34.07823,2.50000,0.00000,3.00000,1.00000,4.07722,-109.09118,0.00000,-2.50000,0.00000,289.00000,0.00000,89.99978,0.00000,210.00000,0.00000,89.99978,0.00000,0.00000,2.00000,1.00000,34.07823,109.45293,18.70554,3.00000,10940.00000,
1082.93555,1261.95581,1260.45325,0.00000,13.50557,14.50557,2.62612,113.20612,-1.95475,47.32100,5.93042,5964.97656,5245.00635,0.00000,5964.97900,47.50000,6.00000,11145.00000,11710.00000,3.00000,11300.00000,10820.00000,3.00000,3.00000,2.00000,263.59174,150.36664,34.10839,2.50000,0.00000,3.00000,1.00000,4.04608,-109.11838,0.00000,-2.50000,0.00000,289.00000,0.00000,89.99978,0.00000,210.00000,0.00000,89.99978,0.00000,0.00000,2.00000,1.00000,34.10839,109.63293,18.68445,3.00000,10940.00000,
1083.93433,1262.96008,1261.45752,0.00000,13.50585,14.50585,2.62640,113.20321,-1.95496,47.32075,5.93120,5964.97656,5244.94629,0.00000,5964.97510,47.50000,6.00000,11145.00000,11710.00000,3.00000,11300.00000,10820.00000,3.00000,3.00000,2.00000,263.62131,150.40009,34.13892,2.50000,0.00000,3.00000,1.00000,4.01455,-109.14611,0.00000,-2.50000,0.00000,289.00000,0.00000,89.99978,0.00000,210.00000,0.00000,89.99978,0.00000,0.00000,2.00000,1.00000,34.13892,109.44872,18.71692,3.00000,10940.00000,
1084.93762,1263.96338,1262.46082,0.00000,13.50613,14.50613,2.62668,113.20042,-1.95516,47.32050,5.93198,5964.97705,5212.51709,0.00000,5964.97266,47.50000,6.00000,11145.00000,11710.00000,3.00000,11300.00000,10820.00000,3.00000,3.00000,2.00000,263.65125,150.43344,34.16946,2.50000,0.00000,3.00000,1.00000,3.98306,-109.17404,0.00000,-2.50000,0.00000,289.00000,0.00000,89.99978,0.00000,210.00000,0.00000,89.99978,0.00000,0.00000,2.00000,1.00000,34.16946,109.36122,18.71764,3.00000,10940.00000,
1085.94409,1264.96985,1263.46729,0.00000,13.50641,14.50641,2.62696,113.19758,-1.95537,47.32025,5.93277,5964.97705,5195.65674,0.00000,5964.97754,47.50000,6.00000,11145.00000,11710.00000,3.00000,11300.00000,10820.00000,3.00000,3.00000,2.00000,263.68091,150.46654,34.20010,2.50000,0.00000,3.00000,1.00000,3.95149,-109.20217,0.00000,-2.50000,0.00000,289.00000,0.00000,89.99978,0.00000,210.00000,0.00000,89.99978,0.00000,0.00000,2.00000,1.00000,34.20010,109.15112,18.72592,3.00000,10940.00000,
1086.95056,1265.97620,1264.47363,0.00000,13.50669,14.50669,2.62724,113.19476,-1.95558,47.32000,5.93355,5964.97754,5194.89746,0.00000,5964.97803,47.50000,6.00000,11145.00000,11710.00000,3.00000,11300.00000,10820.00000,3.00000,3.00000,2.00000,263.71054,150.49930,34.23073,2.50000,0.00000,3.00000,1.00000,3.91992,-109.23043,0.00000,-2.50000,0.00000,289.00000,0.00000,89.99978,0.00000,210.00000,0.00000,89.99978,0.00000,0.00000,2.00000,1.00000,34.23073,109.33221,18.72868,3.00000,10940.00000,
1087.94470,1266.97595,1265.47339,0.00000,13.50696,14.50696,2.62752,113.19231,-1.95578,47.31975,5.93433,5964.97754,5197.63721,0.00000,5964.97998,47.50000,6.00000,11145.00000,11710.00000,3.00000,11300.00000,10820.00000,3.00000,3.00000,2.00000,263.73984,150.53195,34.26119,2.50000,0.00000,3.00000,1.00000,3.88859,-109.25867,0.00000,-2.50000,0.00000,289.00000,0.00000,89.99978,0.00000,210.00000,0.00000,89.99978,0.00000,0.00000,2.00000,1.00000,34.26119,109.76735,18.74310,3.00000,10940.00000,
1088.94019,1267.97144,1266.46887,0.00000,13.50724,14.50724,2.62779,113.18955,-1.95598,47.31950,5.93511,5964.97705,5200.36230,0.00000,5964.98047,47.50000,6.00000,11145.00000,11710.00000,3.00000,11300.00000,10820.00000,3.00000,3.00000,2.00000,263.76852,150.56390,34.29151,2.50000,0.00000,3.00000,1.00000,3.85739,-109.28683,0.00000,-2.50000,0.00000,289.00000,0.00000,89.99978,0.00000,210.00000,0.00000,89.99978,0.00000,0.00000,2.00000,1.00000,34.29151,109.89313,18.78241,3.00000,10940.00000,
1089.94507,1268.97632,1267.47375,0.00000,13.50752,14.50752,2.62807,113.18750,-1.95619,47.31925,5.93589,5964.97656,5197.44531,0.00000,5964.97949,47.50000,6.00000,11145.00000,11710.00000,3.00000,11300.00000,10820.00000,3.00000,3.00000,2.00000,263.79773,150.59624,34.32213,2.50000,0.00000,3.00000,1.00000,3.82591,-109.31532,0.00000,-2.50000,0.00000,289.00000,0.00000,89.99978,0.00000,210.00000,0.00000,89.99978,0.00000,0.00000,2.00000,1.00000,34.32213,109.57317,18.77224,3.00000,10940.00000,
1090.94177,1269.97302,1268.47046,0.00000,13.50780,14.50780,2.62835,113.18518,-1.95639,47.31900,5.93667,5964.97559,5188.64014,0.00000,5964.98096,47.50000,6.00000,11145.00000,11710.00000,3.00000,11300.00000,10820.00000,3.00000,3.00000,2.00000,263.82629,150.62796,34.35252,2.50000,0.00000,3.00000,1.00000,3.79471,-109.34353,0.00000,-2.50000,0.00000,289.00000,0.00000,89.99978,0.00000,210.00000,0.00000,89.99978,0.00000,0.00000,2.00000,1.00000,34.35252,109.57743,18.78613,3.00000,10940.00000,
1091.93481,1270.96619,1269.46350,0.00000,13.50807,14.50807,2.62862,113.18285,-1.95660,47.31875,5.93745,5964.97510,5179.01172,0.00000,5964.97070,47.50000,6.00000,11145.00000,11710.00000,3.00000,11300.00000,10820.00000,3.00000,3.00000,2.00000,263.85593,150.65968,34.38280,2.50000,0.00000,3.00000,1.00000,3.76362,-109.37184,0.00000,-2.50000,0.00000,289.00000,0.00000,89.99978,0.00000,210.00000,0.00000,89.99978,0.00000,0.00000,2.00000,1.00000,34.38280,109.49844,18.79547,3.00000,10940.00000,
1092.93506,1271.96631,1270.46375,0.00000,13.50835,14.50835,2.62890,113.18085,-1.95680,47.31850,5.93823,5964.97461,5165.25928,0.00000,5964.97705,47.50000,6.00000,11145.00000,11710.00000,3.00000,11300.00000,10820.00000,3.00000,3.00000,2.00000,263.88480,150.69168,34.41333,2.50000,0.00000,3.00000,1.00000,3.73233,-109.40042,0.00000,-2.50000,0.00000,289.00000,0.00000,89.99978,0.00000,210.00000,0.00000,89.99978,0.00000,0.00000,2.00000,1.00000,34.41333,110.16958,18.77172,3.00000,10940.00000,
1093.93323,1272.96448,1271.46191,0.00000,13.50863,14.50863,2.62918,113.17880,-1.95701,47.31826,5.93900,5964.97461,5151.53223,0.00000,5964.97803,47.50000,6.00000,11145.00000,11710.00000,3.00000,11300.00000,10820.00000,3.00000,3.00000,2.00000,263.91376,150.72311,34.44380,2.50000,0.00000,3.00000,1.00000,3.70111,-109.42898,0.00000,-2.50000,0.00000,289.00000,0.00000,89.99978,0.00000,210.00000,0.00000,89.99978,0.00000,0.00000,2.00000,1.00000,34.44380,110.19270,18.78101,3.00000,10940.00000,
1094.93408,1273.96985,1272.46729,0.00000,13.50891,14.50891,2.62946,113.17645,-1.95721,47.31800,5.93979,5964.97412,5137.70557,0.00000,5964.97510,47.50000,6.00000,11145.00000,11710.00000,3.00000,11300.00000,10820.00000,3.00000,3.00000,2.00000,263.94284,150.75525,34.47448,2.50000,0.00000,3.00000,1.00000,3.66968,-109.45778,0.00000,-2.50000,0.00000,289.00000,0.00000,89.99978,0.00000,210.00000,0.00000,89.99978,0.00000,0.00000,2.00000,1.00000,34.47448,109.99293,18.82325,3.00000,10940.00000,
1095.92444,1274.96021,1273.45764,0.00000,13.50918,14.50918,2.62973,113.17409,-1.95742,47.31776,5.94056,5964.97412,5133.20020,0.00000,5964.97363,47.50000,6.00000,11145.00000,11710.00000,3.00000,11300.00000,10820.00000,3.00000,3.00000,2.00000,263.97141,150.78644,34.50471,2.50000,0.00000,3.00000,1.00000,3.63873,-109.48611,0.00000,-2.50000,0.00000,289.00000,0.00000,89.99978,0.00000,210.00000,0.00000,89.99978,0.00000,0.00000,2.00000,1.00000,34.50471,109.85271,18.83947,3.00000,10940.00000,
1096.92505,1275.96082,1274.45825,0.00000,13.50946,14.50946,2.63001,113.17242,-1.95762,47.31751,5.94134,5964.97461,5129.86230,0.00000,5964.97949,47.50000,6.00000,11145.00000,11710.00000,3.00000,11300.00000,10820.00000,3.00000,3.00000,2.00000,264.00058,150.81802,34.53529,2.50000,0.00000,3.00000,1.00000,3.60747,-109.51469,0.00000,-2.50000,0.00000,289.00000,0.00000,89.99978,0.00000,210.00000,0.00000,89.99978,0.00000,0.00000,2.00000,1.00000,34.53529,110.14062,18.81574,3.00000,10940.00000,
1097.92029,1276.96301,1275.46045,0.00000,13.50974,14.50974,2.63029,113.17046,-1.95783,47.31726,5.94212,5964.97461,5128.28662,0.00000,5964.97705,47.50000,6.00000,11145.00000,11710.00000,3.00000,11300.00000,10820.00000,3.00000,3.00000,2.00000,264.02960,150.84961,34.56589,2.50000,0.00000,3.00000,1.00000,3.57617,-109.54358,0.00000,-2.50000,0.00000,289.00000,0.00000,89.99978,0.00000,210.00000,0.00000,89.99978,0.00000,0.00000,2.00000,1.00000,34.56589,109.75576,18.87251,3.00000,10940.00000,
1098.92029,1277.97119,1276.46863,0.00000,13.51002,14.51002,2.63057,113.16865,-1.95803,47.31701,5.94291,5964.97412,5142.28857,0.00000,5964.97754,47.50000,6.00000,11145.00000,11710.00000,3.00000,11300.00000,10820.00000,3.00000,3.00000,2.00000,264.05893,150.88120,34.59670,2.50000,0.00000,3.00000,1.00000,3.54471,-109.57259,0.00000,-2.50000,0.00000,289.00000,0.00000,89.99978,0.00000,210.00000,0.00000,89.99978,0.00000,0.00000,2.00000,1.00000,34.59670,109.95196,18.86989,3.00000,10940.00000,
1099.92102,1278.97656,1277.47400,0.00000,13.51030,14.51030,2.63085,113.16703,-1.95824,47.31676,5.94369,5964.97412,5132.20117,0.00000,5964.97559,47.50000,6.00000,11145.00000,11710.00000,3.00000,11300.00000,10820.00000,3.00000,3.00000,2.00000,264.08765,150.91283,34.62744,2.50000,0.00000,3.00000,1.00000,3.51334,-109.60162,0.00000,-2.50000,0.00000,289.00000,0.00000,89.99978,0.00000,210.00000,0.00000,89.99978,0.00000,0.00000,2.00000,1.00000,34.62744,109.68090,18.88033,3.00000,10940.00000,
1100.91455,1279.96997,1278.46741,0.00000,13.51057,14.51057,2.63112,113.16533,-1.95844,47.31651,5.94447,5964.97412,5131.05029,0.00000,5964.97314,47.50000,6.00000,11145.00000,11710.00000,3.00000,11300.00000,10820.00000,3.00000,3.00000,2.00000,264.11569,150.94345,34.65783,2.50000,0.00000,3.00000,1.00000,3.48235,-109.63033,0.00000,-2.50000,0.00000,289.00000,0.00000,89.99978,0.00000,210.00000,0.00000,89.99978,0.00000,0.00000,2.00000,1.00000,34.65783,110.17597,18.88768,3.00000,10940.00000,
1101.91504,1280.97046,1279.46790,0.00000,13.51085,14.51085,2.63140,113.16384,-1.95865,47.31626,5.94525,5964.97461,5140.98828,0.00000,5964.97168,47.50000,6.00000,11145.00000,11710.00000,3.00000,11300.00000,10820.00000,3.00000,3.00000,2.00000,264.14487,150.97441,34.68845,2.50000,0.00000,3.00000,1.00000,3.45116,-109.65929,0.00000,-2.50000,0.00000,289.00000,0.00000,89.99978,0.00000,210.00000,0.00000,89.99978,0.00000,0.00000,2.00000,1.00000,34.68845,110.33076,18.88434,3.00000,10940.00000,
1102.91174,1281.96716,1280.46460,0.00000,13.51113,14.51113,2.63168,113.16235,-1.95885,47.31601,5.94603,5964.97510,5150.88525,0.00000,5964.97705,47.50000,6.00000,11145.00000,11710.00000,3.00000,11300.00000,10820.00000,3.00000,3.00000,2.00000,264.17264,151.00516,34.71895,2.50000,0.00000,3.00000,1.00000,3.42010,-109.68820,0.00000,-2.50000,0.00000,289.00000,0.00000,89.99978,0.00000,210.00000,0.00000,89.99978,0.00000,0.00000,2.00000,1.00000,34.71895,110.08176,18.90345,3.00000,10940.00000,
1103.91138,1282.96692,1281.46436,0.00000,13.51141,14.51141,2.63196,113.16100,-1.95906,47.31577,5.94681,5964.97559,5160.81055,0.00000,5964.97900,47.50000,6.00000,11145.00000,11710.00000,3.00000,11300.00000,10820.00000,3.00000,3.00000,2.00000,264.20102,151.03526,34.74957,2.50000,0.00000,3.00000,1.00000,3.38896,-109.71726,0.00000,-2.50000,0.00000,289.00000,0.00000,89.99978,0.00000,210.00000,0.00000,89.99978,0.00000,0.00000,2.00000,1.00000,34.74957,110.63503,18.87650,3.00000,10940.00000,
1104.90320,1283.95862,1282.45605,0.00000,13.51168,14.51168,2.63223,113.15947,-1.95926,47.31552,5.94758,5964.97559,5170.65283,0.00000,5964.98047,47.50000,6.00000,11145.00000,11710.00000,3.00000,11300.00000,10820.00000,3.00000,3.00000,2.00000,264.22943,151.06561,34.77991,2.50000,0.00000,3.00000,1.00000,3.35807,-109.74632,0.00000,-2.50000,0.00000,289.00000,0.00000,89.99978,0.00000,210.00000,0.00000,89.99978,0.00000,0.00000,2.00000,1.00000,34.77991,110.07533,18.92575,3.00000,10940.00000,
1105.91455,1284.97009,1283.46741,0.00000,13.51196,14.51196,2.63251,113.15796,-1.95947,47.31527,5.94837,5964.97510,5172.55908,0.00000,5964.97607,47.50000,6.00000,11145.00000,11710.00000,3.00000,11300.00000,10820.00000,3.00000,3.00000,2.00000,264.25797,151.09587,34.81091,2.50000,0.00000,3.00000,1.00000,3.32659,-109.77596,0.00000,-2.50000,0.00000,289.00000,0.00000,89.99978,0.00000,210.00000,0.00000,89.99978,0.00000,0.00000,2.00000,1.00000,34.81091,110.25876,18.93300,3.00000,10940.00000,
1106.91431,1285.96973,1284.46716,0.00000,13.51224,14.51224,2.63279,113.15647,-1.95967,47.31502,5.94915,5964.97510,5157.35156,0.00000,5964.97119,47.50000,6.00000,11145.00000,11710.00000,3.00000,11300.00000,10820.00000,3.00000,3.00000,2.00000,264.28577,151.12579,34.84154,2.50000,0.00000,3.00000,1.00000,3.29548,-109.80537,0.00000,-2.50000,0.00000,289.00000,0.00000,89.99978,0.00000,210.00000,0.00000,89.99978,0.00000,0.00000,2.00000,1.00000,34.84154,110.43215,18.94180,3.00000,10940.00000,
1107.92053,1286.98083,1285.47827,0.00000,13.51252,14.51252,2.63307,113.15491,-1.95988,47.31477,5.94994,5964.97461,5148.15869,0.00000,5964.97021,47.50000,6.00000,11145.00000,11710.00000,3.00000,11300.00000,10820.00000,3.00000,3.00000,2.00000,264.31482,151.15614,34.87252,2.50000,0.00000,3.00000,1.00000,3.26404,-109.83506,0.00000,-2.50000,0.00000,289.00000,0.00000,89.99978,0.00000,210.00000,0.00000,89.99978,0.00000,0.00000,2.00000,1.00000,34.87252,110.35423,18.95504,3.00000,10940.00000,
1108.92590,1287.98608,1286.48352,0.00000,13.51280,14.51280,2.63335,113.15343,-1.96008,47.31452,5.95072,5964.97510,5142.15137,0.00000,5964.97412,47.50000,6.00000,11145.00000,11710.00000,3.00000,11300.00000,10820.00000,3.00000,3.00000,2.00000,264.34296,151.18617,34.90332,2.50000,0.00000,3.00000,1.00000,3.23278,-109.86479,0.00000,-2.50000,0.00000,289.00000,0.00000,89.99978,0.00000,210.00000,0.00000,89.99978,0.00000,0.00000,2.00000,1.00000,34.90332,110.26617,18.98831,3.00000,10940.00000,
1109.92163,1288.98181,1287.47925,0.00000,13.51308,14.51308,2.63363,113.15203,-1.96029,47.31427,5.95150,5964.97510,5128.82959,0.00000,5964.97314,47.50000,6.00000,11145.00000,11710.00000,3.00000,11300.00000,10820.00000,3.00000,3.00000,2.00000,264.37103,151.21565,34.93388,2.50000,0.00000,3.00000,1.00000,3.20184,-109.89425,0.00000,-2.50000,0.00000,289.00000,0.00000,89.99978,0.00000,210.00000,0.00000,89.99978,0.00000,0.00000,2.00000,1.00000,34.93388,110.71037,18.94636,3.00000,10940.00000,
1110.92737,1289.98755,1288.48499,0.00000,13.51336,14.51336,2.63391,113.15055,-1.96049,47.31402,5.95228,5964.97559,5106.31787,0.00000,5964.97705,47.50000,6.00000,11145.00000,11710.00000,3.00000,11300.00000,10820.00000,3.00000,3.00000,2.00000,264.39920,151.24545,34.96473,-0.99149,0.00000,3.00000,1.00000,3.17059,-109.92400,0.00000,-2.50000,0.00000,289.00000,0.00000,89.99978,0.00000,210.00000,0.00000,89.99978,0.00000,0.00000,2.00000,1.00000,34.96473,110.59545,18.95987,3.00000,10940.00000,
1111.92737,1290.99280,1289.49023,0.00000,13.51364,14.51364,2.63419,113.14899,-1.96070,47.31377,5.95307,5964.97559,5111.29639,0.00000,5964.97803,47.50000,6.00000,11145.00000,11710.00000,3.00000,11300.00000,10820.00000,3.00000,3.00000,2.00000,264.42761,151.27545,34.99557,-2.47402,0.00000,3.00000,1.00000,3.13938,-109.95362,0.00000,-2.50000,0.00000,289.00000,0.00000,89.99978,0.00000,210.00000,0.00000,89.99978,0.00000,0.00000,2.00000,1.00000,34.99557,110.50732,19.00751,3.00000,10940.00000,
1112.93152,1291.99707,1290.49451,0.00000,13.51391,14.51391,2.63447,113.14746,-1.96090,47.31352,5.95385,5964.97559,5117.16309,0.00000,5964.96924,47.50000,6.00000,11145.00000,11710.00000,3.00000,11300.00000,10820.00000,3.00000,3.00000,2.00000,264.45575,151.30533,35.02639,-2.49955,0.00000,3.00000,1.00000,3.10821,-109.98323,0.00000,-2.50000,0.00000,289.00000,0.00000,89.99978,0.00000,210.00000,0.00000,89.99978,0.00000,0.00000,2.00000,1.00000,35.02639,110.49562,19.02387,3.00000,10940.00000,
1113.92725,1292.99915,1291.49658,0.00000,13.51419,14.51419,2.63474,113.14593,-1.96111,47.31327,5.95463,5964.97559,5123.01514,0.00000,5964.97168,47.50000,6.00000,11145.00000,11710.00000,3.00000,11300.00000,10820.00000,3.00000,3.00000,2.00000,264.48355,151.33452,35.05716,-2.39598,0.00000,3.00000,1.00000,3.07712,-110.01292,0.00000,-2.50000,0.00000,289.00000,0.00000,89.99978,0.00000,210.00000,0.00000,89.99978,0.00000,0.00000,2.00000,1.00000,35.05716,110.52623,19.01914,3.00000,10940.00000,
1114.93115,1294.01318,1292.51062,0.00000,13.51447,14.51447,2.63503,113.14484,-1.96132,47.31302,5.95542,5964.97559,5128.93555,0.00000,5964.97656,47.50000,6.00000,11145.00000,11710.00000,3.00000,11300.00000,10820.00000,3.00000,3.00000,2.00000,264.51199,151.36432,35.08830,-1.57242,0.00000,3.00000,1.00000,3.04566,-110.04288,0.00000,-2.50000,0.00000,289.00000,0.00000,89.99978,0.00000,210.00000,0.00000,89.99978,0.00000,0.00000,2.00000,1.00000,35.08830,110.64493,19.03719,3.00000,10940.00000,
1115.93713,1295.01929,1293.51672,0.00000,13.51475,14.51475,2.63531,113.14335,-1.96152,47.31277,5.95621,5964.97559,5135.71387,0.00000,5964.97705,47.50000,6.00000,11145.00000,11710.00000,3.00000,11300.00000,10820.00000,3.00000,3.00000,2.00000,264.53989,151.39375,35.11921,-0.48581,0.00000,3.00000,1.00000,3.01448,-110.07260,0.00000,-2.50000,0.00000,289.00000,0.00000,89.99978,0.00000,210.00000,0.00000,89.99978,0.00000,0.00000,2.00000,1.00000,35.11921,110.73526,19.03160,3.00000,10940.00000,
1116.94128,1296.02332,1294.52075,0.00000,13.51503,14.51503,2.63558,113.14246,-1.96173,47.31252,5.95699,5964.97510,5143.53467,0.00000,5964.97607,47.50000,6.00000,11145.00000,11710.00000,3.00000,11300.00000,10820.00000,3.00000,3.00000,2.00000,264.56750,151.42291,35.15006,0.03054,0.00000,3.00000,1.00000,2.98336,-110.10232,0.00000,-2.50000,0.00000,289.00000,0.00000,89.99978,0.00000,210.00000,0.00000,89.99978,0.00000,0.00000,2.00000,1.00000,35.15006,110.69314,19.06283,3.00000,10940.00000,
1117.94067,1297.02271,1295.52014,0.00000,13.51531,14.51531,2.63586,113.14186,-1.96193,47.31227,5.95777,5964.97461,5156.28711,0.00000,5964.97510,47.50000,6.00000,11145.00000,11710.00000,3.00000,11300.00000,10820.00000,3.00000,3.00000,2.00000,264.59561,151.45232,35.18078,0.05810,0.00000,3.00000,1.00000,2.95241,-110.13200,0.00000,-2.50000,0.00000,289.00000,0.00000,89.99978,0.00000,210.00000,0.00000,89.99978,0.00000,0.00000,2.00000,1.00000,35.18078,110.68025,19.06509,3.00000,10940.00000,
1118.94299,1298.02502,1296.52246,0.00000,13.51559,14.51559,2.63614,113.14137,-1.96214,47.31202,5.95855,5964.97412,5169.07422,0.00000,5964.97217,47.50000,6.00000,11145.00000,11710.00000,3.00000,11300.00000,10820.00000,3.00000,3.00000,2.00000,264.62326,151.48125,35.21160,0.05176,0.00000,3.00000,1.00000,2.92137,-110.16189,0.00000,-2.50000,0.00000,289.00000,0.00000,89.99978,0.00000,210.00000,0.00000,89.99978,0.00000,0.00000,2.00000,1.00000,35.21160,110.85184,19.07154,3.00000,10940.00000,
1119.94189,1299.02869,1297.52612,0.00000,13.51587,14.51587,2.63642,113.14030,-1.96234,47.31177,5.95934,5964.97412,5177.86963,0.00000,5964.97754,47.50000,6.00000,11145.00000,11710.00000,3.00000,11300.00000,10820.00000,3.00000,3.00000,2.00000,264.65112,151.51030,35.24247,0.04484,0.00000,3.00000,1.00000,2.89031,-110.19171,0.00000,-2.50000,0.00000,289.00000,0.00000,89.99978,0.00000,210.00000,0.00000,89.99978,0.00000,0.00000,2.00000,1.00000,35.24247,110.83225,19.08738,3.00000,10940.00000,
1120.93811,1300.02478,1298.52222,0.00000,13.51614,14.51614,2.63670,113.13977,-1.96255,47.31152,5.96011,5964.97363,5180.39258,0.00000,5964.97412,47.50000,6.00000,11145.00000,11710.00000,3.00000,11300.00000,10820.00000,3.00000,3.00000,2.00000,264.67853,151.53891,35.27310,0.03798,0.00000,3.00000,1.00000,2.85949,-110.22134,0.00000,-2.50000,0.00000,289.00000,0.00000,89.99978,0.00000,210.00000,0.00000,89.99978,0.00000,0.00000,2.00000,1.00000,35.27310,110.41997,19.12523,3.00000,10940.00000,
1121.93518,1301.02185,1299.51929,0.00000,13.51642,14.51642,2.63697,113.13919,-1.96275,47.31128,5.96089,5964.97363,5182.91553,0.00000,5964.97168,47.50000,6.00000,11145.00000,11710.00000,3.00000,11300.00000,10820.00000,3.00000,3.00000,2.00000,264.70587,151.56734,35.30379,0.03114,0.00000,3.00000,1.00000,2.82866,-110.25101,0.00000,-2.50000,0.00000,289.00000,0.00000,89.99978,0.00000,210.00000,0.00000,89.99978,0.00000,0.00000,2.00000,1.00000,35.30379,110.77033,19.12091,3.00000,10940.00000,
1122.93896,1302.02576,1300.52319,0.00000,13.51670,14.51670,2.63725,113.13876,-1.96296,47.31102,5.96167,5964.97363,5185.45410,0.00000,5964.97949,47.50000,6.00000,11145.00000,11710.00000,3.00000,11300.00000,10820.00000,3.00000,3.00000,2.00000,264.73334,151.59610,35.33469,0.02426,0.00000,3.00000,1.00000,2.79763,-110.28104,0.00000,-2.50000,0.00000,289.00000,0.00000,89.99978,0.00000,210.00000,0.00000,89.99978,0.00000,0.00000,2.00000,1.00000,35.33469,110.99027,19.12549,3.00000,10940.00000,
1123.93811,1303.02954,1301.52698,0.00000,13.51698,14.51698,2.63753,113.13823,-1.96316,47.31078,5.96246,5964.97412,5183.68701,0.00000,5964.97510,47.50000,6.00000,11145.00000,11710.00000,3.00000,11300.00000,10820.00000,3.00000,3.00000,2.00000,264.76126,151.62502,35.36559,0.01728,0.00000,3.00000,1.00000,2.76661,-110.31102,0.00000,-2.50000,0.00000,289.00000,0.00000,89.99978,0.00000,210.00000,0.00000,89.99978,0.00000,0.00000,2.00000,1.00000,35.36559,110.62887,19.15531,3.00000,10940.00000,
1124.93884,1304.03015,1302.52759,0.00000,13.51726,14.51726,2.63781,113.13764,-1.96337,47.31053,5.96324,5964.97412,5178.40723,0.00000,5964.97559,47.50000,6.00000,11145.00000,11710.00000,3.00000,11300.00000,10820.00000,3.00000,3.00000,2.00000,264.78857,151.65343,35.39642,0.01044,0.00000,3.00000,1.00000,2.73570,-110.34100,0.00000,-2.50000,0.00000,289.00000,0.00000,89.99978,0.00000,210.00000,0.00000,89.99978,0.00000,0.00000,2.00000,1.00000,35.39642,111.30329,19.15362,3.00000,10940.00000,
1125.93152,1305.02283,1303.52026,0.00000,13.51753,14.51753,2.63808,113.13685,-1.96357,47.31028,5.96401,5964.97461,5173.16748,0.00000,5964.97119,47.50000,6.00000,11145.00000,11710.00000,3.00000,11300.00000,10820.00000,3.00000,3.00000,2.00000,264.81512,151.68138,35.42699,0.00376,0.00000,3.00000,1.00000,2.70505,-110.37069,0.00000,-2.50000,0.00000,289.00000,0.00000,89.99978,0.00000,210.00000,0.00000,89.99978,0.00000,0.00000,2.00000,1.00000,35.42699,110.75680,19.15871,3.00000,10940.00000,
1126.92444,1306.01587,1304.51318,0.00000,13.51781,14.51781,2.63836,113.13593,-1.96377,47.31003,5.96479,5964.97461,5177.62891,0.00000,5964.97559,47.50000,6.00000,11145.00000,11710.00000,3.00000,11300.00000,10820.00000,3.00000,3.00000,2.00000,264.84259,151.70940,35.45760,-0.00306,0.00000,3.00000,1.00000,2.67441,-110.40044,0.00000,-2.50000,0.00000,289.00000,0.00000,89.99978,0.00000,210.00000,0.00000,89.99978,0.00000,0.00000,2.00000,1.00000,35.45760,110.97343,19.16263,3.00000,10940.00000,
1127.92957,1307.02563,1305.52295,0.00000,13.51809,14.51809,2.63864,113.13493,-1.96398,47.30978,5.96558,5964.97461,5185.05127,0.00000,5964.97510,47.50000,6.00000,11145.00000,11710.00000,3.00000,11300.00000,10820.00000,3.00000,3.00000,2.00000,264.87027,151.73810,35.48872,-0.00999,0.00000,3.00000,1.00000,2.64326,-110.43065,0.00000,-2.50000,0.00000,289.00000,0.00000,89.99978,0.00000,210.00000,0.00000,89.99978,0.00000,0.00000,2.00000,1.00000,35.48872,110.99615,19.17301,3.00000,10940.00000,
1128.93115,1308.02710,1306.52454,0.00000,13.51837,14.51837,2.63892,113.13455,-1.96419,47.30953,5.96636,5964.97461,5189.02148,1.00000,5964.97168,47.50000,6.00000,11145.00000,11710.00000,3.00000,11300.00000,10820.00000,3.00000,3.00000,2.00000,264.89722,151.76607,35.51960,-0.01676,0.00000,3.00000,1.00000,2.61238,-110.46063,0.00000,-2.50000,0.00000,289.00000,0.00000,89.99978,0.00000,210.00000,0.00000,89.99978,0.00000,0.00000,2.00000,1.00000,35.51960,111.15221,19.17410,3.00000,10940.00000,
1129.92151,1309.01758,1307.51501,0.00000,13.51864,14.51864,2.63919,113.13409,-1.96439,47.30929,5.96713,5964.97510,5191.08936,1.00000,5964.96924,47.50000,6.00000,11145.00000,11710.00000,3.00000,11300.00000,10820.00000,3.00000,3.00000,2.00000,264.92410,151.79381,35.55015,-0.02346,0.00000,3.00000,1.00000,2.58185,-110.49035,0.00000,-2.50000,0.00000,289.00000,0.00000,89.99978,0.00000,210.00000,0.00000,89.99978,0.00000,0.00000,2.00000,1.00000,35.55015,111.08681,19.21713,3.00000,10940.00000,
1130.92249,1310.01855,1308.51587,0.00000,13.51892,14.51892,2.63947,113.13354,-1.96459,47.30904,5.96791,5964.97510,5181.73096,1.00000,5964.96924,47.50000,6.00000,11145.00000,11710.00000,3.00000,11300.00000,10820.00000,3.00000,3.00000,2.00000,264.95129,151.82191,35.58101,-0.03025,0.00000,3.00000,1.00000,2.55101,-110.52033,0.00000,-2.50000,0.00000,289.00000,0.00000,89.99978,0.00000,210.00000,0.00000,89.99978,0.00000,0.00000,2.00000,1.00000,35.58101,110.92004,19.24113,3.00000,10940.00000,
1131.92188,1311.01794,1309.51538,0.00000,13.51920,14.51920,2.63975,113.13290,-1.96480,47.30879,5.96869,5964.97607,5169.57666,1.00000,5964.97607,47.50000,6.00000,11145.00000,11710.00000,3.00000,11300.00000,10820.00000,3.00000,3.00000,2.00000,264.97852,151.84998,35.61187,-0.03707,0.00000,3.00000,1.00000,2.52023,-110.55026,0.00000,-2.50000,0.00000,289.00000,0.00000,89.99978,0.00000,210.00000,0.00000,89.99978,0.00000,0.00000,2.00000,1.00000,35.61187,111.28563,19.22096,3.00000,10940.00000,
1132.92773,1312.02368,1310.52112,0.00000,13.51948,14.51948,2.64003,113.13264,-1.96500,47.30854,5.96947,5964.97607,5177.75830,1.00000,5964.97266,47.50000,6.00000,11145.00000,11710.00000,3.00000,11300.00000,10820.00000,3.00000,3.00000,2.00000,265.00604,151.87804,35.64291,-0.04393,0.00000,3.00000,1.00000,2.48927,-110.58045,0.00000,-2.50000,0.00000,289.00000,0.00000,89.99978,0.00000,210.00000,0.00000,89.99978,0.00000,0.00000,2.00000,1.00000,35.64291,111.04232,19.25446,3.00000,10940.00000,
1133.92981,1313.02576,1311.52319,0.00000,13.51976,14.51976,2.64031,113.13194,-1.96521,47.30829,5.97026,5964.97656,5179.87451,1.00000,5964.97607,47.50000,6.00000,11145.00000,11710.00000,3.00000,11300.00000,10820.00000,3.00000,3.00000,2.00000,265.03290,151.90614,35.67384,-0.05066,0.00000,3.00000,1.00000,2.45843,-110.61050,0.00000,-2.50000,0.00000,289.00000,0.00000,89.99978,0.00000,210.00000,0.00000,89.99978,0.00000,0.00000,2.00000,1.00000,35.67384,111.19394,19.25326,3.00000,10940.00000,
1134.93152,1314.03210,1312.52954,0.00000,13.52004,14.52004,2.64059,113.13166,-1.96542,47.30804,5.97104,5964.97656,5181.99707,1.00000,5964.97363,47.50000,6.00000,11145.00000,11710.00000,3.00000,11300.00000,10820.00000,3.00000,3.00000,2.00000,265.05963,151.93398,35.70493,-0.05736,0.00000,3.00000,0.00000,2.42748,-110.64063,0.00000,-2.50000,0.00000,289.00000,0.00000,89.99978,0.00000,210.00000,0.00000,89.99978,0.00000,0.00000,2.00000,1.00000,35.70493,111.35714,19.26377,3.00000,10940.00000,
1135.92346,1315.03149,1313.52893,0.00000,13.52031,14.52031,2.64086,113.13154,-1.96562,47.30779,5.97182,5964.97656,5184.10303,1.00000,5964.98096,47.50000,6.00000,11145.00000,11710.00000,3.00000,11300.00000,10820.00000,3.00000,3.00000,2.00000,265.08676,151.96156,35.73580,-0.06413,0.00000,3.00000,1.00000,2.39675,-110.67068,0.00000,-2.50000,0.00000,289.00000,0.00000,89.99978,0.00000,210.00000,0.00000,89.99978,0.00000,0.00000,2.00000,1.00000,35.73580,111.58086,19.25492,3.00000,10940.00000,
1136.92712,1316.03528,1314.53271,0.00000,13.52059,14.52059,2.64114,113.13111,-1.96583,47.30754,5.97260,5964.97705,5186.34814,1.00000,5964.98193,47.50000,6.00000,11145.00000,11710.00000,3.00000,11300.00000,10820.00000,3.00000,3.00000,2.00000,265.11377,151.98923,35.76680,-0.07088,0.00000,3.00000,0.00000,2.36591,-110.70086,0.00000,-2.50000,0.00000,289.00000,0.00000,89.99978,0.00000,210.00000,0.00000,89.99978,0.00000,0.00000,2.00000,1.00000,35.76680,111.01727,19.30451,3.00000,10940.00000,
1137.93323,1317.04138,1315.53882,0.00000,13.52087,14.52087,2.64142,113.13108,-1.96603,47.30729,5.97339,5964.97656,5187.14111,1.00000,5964.97998,47.50000,6.00000,11145.00000,11710.00000,3.00000,11300.00000,10820.00000,3.00000,3.00000,2.00000,265.14044,152.01677,35.79792,-0.07756,0.00000,3.00000,1.00000,2.33500,-110.73134,0.00000,-2.50000,0.00000,289.00000,0.00000,89.99978,0.00000,210.00000,0.00000,89.99978,0.00000,0.00000,2.00000,1.00000,35.79792,111.39552,19.30534,3.00000,10940.00000,
1138.93481,1318.04297,1316.54041,0.00000,13.52115,14.52115,2.64170,113.13099,-1.96624,47.30704,5.97417,5964.97607,5169.11426,0.00000,5964.97559,47.50000,6.00000,11145.00000,11710.00000,3.00000,11300.00000,10820.00000,3.00000,3.00000,2.00000,265.16718,152.04405,35.82886,-0.08425,0.00000,3.00000,1.00000,2.30425,-110.76142,0.00000,-2.50000,0.00000,289.00000,0.00000,89.99978,0.00000,210.00000,0.00000,89.99978,0.00000,0.00000,2.00000,1.00000,35.82886,111.25630,19.33319,3.00000,10940.00000,
1139.93677,1319.04480,1317.54224,0.00000,13.52143,14.52143,2.64198,113.13095,-1.96644,47.30679,5.97495,5964.97607,5148.18115,0.00000,5964.97217,47.50000,6.00000,11145.00000,11710.00000,3.00000,11300.00000,10820.00000,3.00000,3.00000,2.00000,265.19388,152.07147,35.85986,-0.09091,0.00000,3.00000,1.00000,2.27350,-110.79163,0.00000,-2.50000,0.00000,289.00000,0.00000,89.99978,0.00000,210.00000,0.00000,89.99978,0.00000,0.00000,2.00000,1.00000,35.85986,111.74169,19.30420,3.00000,10940.00000,
1140.92419,1320.03223,1318.52966,0.00000,13.52170,14.52170,2.64225,113.13036,-1.96664,47.30655,5.97572,5964.97559,5127.58936,0.00000,5964.97510,47.50000,6.00000,11145.00000,11710.00000,3.00000,11300.00000,10820.00000,3.00000,3.00000,2.00000,265.22046,152.09828,35.89038,-0.09755,0.00000,3.00000,1.00000,2.24320,-110.82146,0.00000,-2.50000,0.00000,289.00000,0.00000,89.99978,0.00000,210.00000,0.00000,89.99978,0.00000,0.00000,2.00000,1.00000,35.89038,111.08555,19.35480,3.00000,10940.00000,
1141.93030,1321.03845,1319.53577,0.00000,13.52198,14.52198,2.64253,113.13010,-1.96685,47.30630,5.97651,5964.97559,5106.60547,0.00000,5964.97363,47.50000,6.00000,11145.00000,11710.00000,3.00000,11300.00000,10820.00000,3.00000,3.00000,2.00000,265.24707,152.12575,35.92152,-0.10427,0.00000,3.00000,1.00000,2.21234,-110.85192,0.00000,-2.50000,0.00000,289.00000,0.00000,89.99978,0.00000,210.00000,0.00000,89.99978,0.00000,0.00000,2.00000,1.00000,35.92152,111.28481,19.37210,3.00000,10940.00000,
1142.93530,1322.04346,1320.54089,0.00000,13.52226,14.52226,2.64281,113.12972,-1.96706,47.30605,5.97729,5964.97607,5093.44971,0.00000,5964.96973,47.50000,6.00000,11145.00000,11710.00000,3.00000,11300.00000,10820.00000,3.00000,3.00000,2.00000,265.27338,152.15251,35.95263,-0.11081,0.00000,3.00000,1.00000,2.18154,-110.88231,0.00000,-2.50000,0.00000,289.00000,0.00000,89.99978,0.00000,210.00000,0.00000,89.99978,0.00000,0.00000,2.00000,1.00000,35.95263,111.41200,19.35707,3.00000,10940.00000,
1143.92761,1323.03564,1321.53308,0.00000,13.52254,14.52254,2.64309,113.12933,-1.96726,47.30580,5.97807,5964.97656,5090.87012,0.00000,5964.97021,47.50000,6.00000,11145.00000,11710.00000,3.00000,11300.00000,10820.00000,3.00000,3.00000,2.00000,265.30038,152.17941,35.98334,-0.11752,0.00000,3.00000,1.00000,2.15113,-110.91230,0.00000,-2.50000,0.00000,289.00000,0.00000,89.99978,0.00000,210.00000,0.00000,89.99978,0.00000,0.00000,2.00000,1.00000,35.98334,111.47708,19.37426,3.00000,10940.00000,
1144.93506,1324.04321,1322.54053,0.00000,13.52282,14.52282,2.64337,113.12894,-1.96746,47.30555,5.97885,5964.97705,5097.47314,0.00000,5964.97705,47.50000,6.00000,11145.00000,11710.00000,3.00000,11300.00000,10820.00000,3.00000,3.00000,2.00000,265.32660,152.20688,36.01454,-0.12416,0.00000,3.00000,1.00000,2.12027,-110.94274,0.00000,-2.50000,0.00000,289.00000,0.00000,89.99978,0.00000,210.00000,0.00000,89.99978,0.00000,0.00000,2.00000,1.00000,36.01454,111.55055,19.37085,3.00000,10940.00000,
1145.93591,1325.05591,1323.55322,0.00000,13.52310,14.52310,2.64365,113.12839,-1.96767,47.30530,5.97964,5964.97705,5090.87939,0.00000,5964.97852,47.50000,6.00000,11145.00000,11710.00000,3.00000,11300.00000,10820.00000,3.00000,3.00000,2.00000,265.35315,152.23372,36.04589,-0.13073,0.00000,3.00000,1.00000,2.08927,-110.97337,0.00000,-2.50000,0.00000,289.00000,0.00000,89.99978,0.00000,210.00000,0.00000,89.99978,0.00000,0.00000,2.00000,1.00000,36.04589,111.37696,19.43191,3.00000,10940.00000,
1146.93079,1326.05542,1324.55286,0.00000,13.52338,14.52338,2.64393,113.12799,-1.96788,47.30505,5.98042,5964.97705,5082.53320,0.00000,5964.98145,47.50000,6.00000,11145.00000,11710.00000,3.00000,11300.00000,10820.00000,3.00000,3.00000,2.00000,265.37973,152.26050,36.07686,-0.13735,0.00000,3.00000,1.00000,2.05868,-111.00359,0.00000,-2.50000,0.00000,289.00000,0.00000,89.99978,0.00000,210.00000,0.00000,89.99978,0.00000,0.00000,2.00000,1.00000,36.07686,111.47813,19.40385,3.00000,10940.00000,
1147.93396,1327.05859,1325.55591,0.00000,13.52365,14.52365,2.64420,113.12756,-1.96808,47.30480,5.98120,5964.97656,5073.04541,0.00000,5964.97754,47.50000,6.00000,11145.00000,11710.00000,3.00000,11300.00000,10820.00000,3.00000,3.00000,2.00000,265.40573,152.28740,36.10795,-0.14395,0.00000,3.00000,1.00000,2.02800,-111.03381,0.00000,-2.50000,0.00000,289.00000,0.00000,89.99978,0.00000,210.00000,0.00000,89.99978,0.00000,0.00000,2.00000,1.00000,36.10795,111.37059,19.42637,3.00000,10940.00000,
1148.93042,1328.07007,1326.56738,0.00000,13.52393,14.52393,2.64449,113.12740,-1.96829,47.30455,5.98199,5964.97559,5044.86475,0.00000,5964.97607,47.50000,6.00000,11145.00000,11710.00000,3.00000,11300.00000,10820.00000,3.00000,3.00000,2.00000,265.43225,152.31409,36.13930,-0.15054,0.00000,3.00000,1.00000,1.99707,-111.06433,0.00000,-2.50000,0.00000,289.00000,0.00000,89.99978,0.00000,210.00000,0.00000,89.99978,0.00000,0.00000,2.00000,1.00000,36.13930,111.68739,19.42845,3.00000,10940.00000,
1149.92749,1329.06702,1327.56445,0.00000,13.52421,14.52421,2.64476,113.12717,-1.96849,47.30430,5.98277,5964.97510,4997.51465,0.00000,5964.97754,47.50000,6.00000,11145.00000,11710.00000,3.00000,11300.00000,10820.00000,3.00000,3.00000,2.00000,265.45847,152.34096,36.17022,-0.15710,0.00000,3.00000,1.00000,1.96660,-111.09454,0.00000,-2.50000,0.00000,289.00000,0.00000,89.99978,0.00000,210.00000,0.00000,89.99978,0.00000,0.00000,2.00000,1.00000,36.17022,111.95811,19.44296,3.00000,10940.00000,
1150.92126,1330.06079,1328.55823,0.00000,13.52449,14.52449,2.64504,113.12717,-1.96870,47.30405,5.98355,5964.97461,4950.31543,0.00000,5964.97266,47.50000,6.00000,11145.00000,11710.00000,3.00000,11300.00000,10820.00000,3.00000,3.00000,2.00000,265.48459,152.36720,36.20102,-0.16361,0.00000,3.00000,1.00000,1.93624,-111.12467,0.00000,-2.50000,0.00000,289.00000,0.00000,89.99978,0.00000,210.00000,0.00000,89.99978,0.00000,0.00000,2.00000,1.00000,36.20102,111.76089,19.45731,3.00000,10940.00000,
1151.92798,1331.06763,1329.56506,0.00000,13.52477,14.52477,2.64532,113.12717,-1.96890,47.30381,5.98433,5964.97412,4901.77783,0.00000,5964.97266,47.50000,6.00000,11145.00000,11710.00000,3.00000,11300.00000,10820.00000,3.00000,3.00000,2.00000,265.51096,152.39386,36.23226,-0.17025,0.00000,3.00000,1.00000,1.90550,-111.15516,0.00000,-2.50000,0.00000,289.00000,0.00000,89.99978,0.00000,210.00000,0.00000,89.99978,0.00000,0.00000,2.00000,1.00000,36.23226,111.91221,19.45977,3.00000,10940.00000,
1152.92126,1332.06079,1330.55823,0.00000,13.52504,14.52504,2.64559,113.12715,-1.96911,47.30356,5.98511,5964.97412,4860.40479,0.00000,5964.97119,47.50000,6.00000,11145.00000,11710.00000,3.00000,11300.00000,10820.00000,3.00000,3.00000,2.00000,265.53708,152.41988,36.26308,-0.17673,0.00000,3.00000,1.00000,1.87518,-111.18534,0.00000,-2.50000,0.00000,289.00000,0.00000,89.99978,0.00000,210.00000,0.00000,89.99978,0.00000,0.00000,2.00000,1.00000,36.26308,111.93608,19.43905,3.00000,10940.00000,
1153.91772,1333.06311,1331.56055,0.00000,13.52532,14.52532,2.64587,113.12693,-1.96931,47.30331,5.98589,5964.97412,4836.58447,0.00000,5964.97754,47.50000,6.00000,11145.00000,11710.00000,3.00000,11300.00000,10820.00000,3.00000,3.00000,2.00000,265.56305,152.44609,36.29418,-0.18328,0.00000,3.00000,1.00000,1.84460,-111.21576,0.00000,-2.50000,0.00000,289.00000,0.00000,89.99978,0.00000,210.00000,0.00000,89.99978,0.00000,0.00000,2.00000,1.00000,36.29418,111.63609,19.48249,3.00000,10940.00000,
1154.91943,1334.06482,1332.56226,0.00000,13.52560,14.52560,2.64615,113.12668,-1.96952,47.30306,5.98667,5964.97461,4819.93896,0.00000,5964.97314,47.50000,6.00000,11145.00000,11710.00000,3.00000,11300.00000,10820.00000,3.00000,3.00000,2.00000,265.58969,152.47255,36.32527,-0.18989,0.00000,3.00000,1.00000,1.81406,-111.24615,0.00000,-2.50000,0.00000,289.00000,0.00000,89.99978,0.00000,210.00000,0.00000,89.99978,0.00000,0.00000,2.00000,1.00000,36.32527,111.45444,19.50925,3.00000,10940.00000,
1155.91406,1335.05945,1333.55688,0.00000,13.52588,14.52588,2.64643,113.12662,-1.96972,47.30281,5.98745,5964.97412,4806.98389,0.00000,5964.97510,47.50000,6.00000,11145.00000,11710.00000,3.00000,11300.00000,10820.00000,3.00000,3.00000,2.00000,265.61530,152.49864,36.35615,-0.19633,0.00000,3.00000,1.00000,1.78374,-111.27631,0.00000,-2.50000,0.00000,289.00000,0.00000,89.99978,0.00000,210.00000,0.00000,89.99978,0.00000,0.00000,2.00000,1.00000,36.35615,111.89262,19.51034,3.00000,10940.00000,
1156.91003,1336.06006,1334.55737,0.00000,13.52615,14.52615,2.64671,113.12643,-1.96992,47.30256,5.98823,5964.97412,4829.10840,0.00000,5964.97412,47.50000,6.00000,11145.00000,11710.00000,3.00000,11300.00000,10820.00000,3.00000,3.00000,2.00000,265.64130,152.52501,36.38724,-0.20284,0.00000,3.00000,1.00000,1.75325,-111.30666,0.00000,-2.50000,0.00000,289.00000,0.00000,89.99978,0.00000,210.00000,0.00000,89.99978,0.00000,0.00000,2.00000,1.00000,36.38724,111.93599,19.49348,3.00000,10940.00000,
1157.91321,1337.06799,1335.56543,0.00000,13.52643,14.52643,2.64699,113.12605,-1.97013,47.30231,5.98901,5964.97363,4869.65039,0.00000,5964.97266,47.50000,6.00000,11145.00000,11710.00000,3.00000,11300.00000,10820.00000,3.00000,3.00000,2.00000,265.66736,152.55110,36.41854,-0.20934,0.00000,3.00000,1.00000,1.72255,-111.33724,0.00000,-2.50000,0.00000,289.00000,0.00000,89.99978,0.00000,210.00000,0.00000,89.99978,0.00000,0.00000,2.00000,1.00000,36.41854,111.72923,19.53111,3.00000,10940.00000,
1158.90747,1338.06226,1336.55969,0.00000,13.52671,14.52671,2.64726,113.12550,-1.97033,47.30207,5.98979,5964.97363,4899.94971,0.00000,5964.97021,47.50000,6.00000,11145.00000,11710.00000,3.00000,11300.00000,10820.00000,3.00000,3.00000,2.00000,265.69257,152.57666,36.44944,-0.21567,0.00000,3.00000,1.00000,1.69228,-111.36725,0.00000,-2.50000,0.00000,289.00000,0.00000,89.99978,0.00000,210.00000,0.00000,89.99978,0.00000,0.00000,2.00000,1.00000,36.44944,111.92008,19.52907,3.00000,10940.00000,
1159.90710,1339.06750,1337.56482,0.00000,13.52699,14.52699,2.64754,113.12520,-1.97054,47.30182,5.99057,5964.97412,4874.91309,0.00000,5964.97119,47.50000,6.00000,11145.00000,11710.00000,3.00000,11300.00000,10820.00000,3.00000,3.00000,2.00000,265.71823,152.60265,36.48068,-0.22208,0.00000,3.00000,1.00000,1.66169,-111.39754,0.00000,-2.50000,0.00000,289.00000,0.00000,89.99978,0.00000,210.00000,0.00000,89.99978,0.00000,0.00000,2.00000,1.00000,36.48068,112.33856,19.56554,3.00000,10940.00000,
1160.90552,1340.06604,1338.56335,0.00000,13.52727,14.52727,2.64782,113.12485,-1.97074,47.30157,5.99135,5964.97412,4845.05859,0.00000,5964.97559,47.50000,6.00000,11145.00000,11710.00000,3.00000,11300.00000,10820.00000,3.00000,3.00000,2.00000,265.74432,152.62865,36.51171,-0.22852,0.00000,3.00000,1.00000,1.63132,-111.42765,0.00000,-2.50000,0.00000,289.00000,0.00000,89.99978,0.00000,210.00000,0.00000,89.99978,0.00000,0.00000,2.00000,1.00000,36.51171,112.11546,19.57204,3.00000,10940.00000,
1161.90686,1341.06726,1339.56470,0.00000,13.52754,14.52754,2.64810,113.12478,-1.97095,47.30132,5.99213,5964.97412,4827.48975,0.00000,5964.97900,47.50000,6.00000,11145.00000,11710.00000,3.00000,11300.00000,10820.00000,3.00000,3.00000,2.00000,265.76978,152.65474,36.54285,-0.23496,0.00000,3.00000,1.00000,1.60088,-111.45780,0.00000,-2.50000,0.00000,289.00000,0.00000,89.99978,0.00000,210.00000,0.00000,89.99978,0.00000,0.00000,2.00000,1.00000,36.54285,111.86799,19.56830,3.00000,10940.00000,
1162.90173,1342.06213,1340.55957,0.00000,13.52782,14.52782,2.64837,113.12476,-1.97115,47.30107,5.99291,5964.97412,4812.49512,0.00000,5964.97314,47.50000,6.00000,11145.00000,11710.00000,3.00000,11300.00000,10820.00000,3.00000,3.00000,2.00000,265.79523,152.68019,36.57380,-0.24133,0.00000,3.00000,0.00000,1.57064,-111.48792,0.00000,-2.50000,0.00000,289.00000,0.00000,89.99978,0.00000,210.00000,0.00000,89.99978,0.00000,0.00000,2.00000,1.00000,36.57380,111.98418,19.56914,3.00000,10940.00000,
1163.90845,1343.06885,1341.56616,0.00000,13.52810,14.52810,2.64865,113.12476,-1.97136,47.30082,5.99370,5964.97363,4797.31885,0.00000,5964.97266,47.50000,6.00000,11145.00000,11710.00000,3.00000,11300.00000,10820.00000,3.00000,3.00000,2.00000,265.82123,152.70619,36.60512,-0.24782,0.00000,3.00000,1.00000,1.54007,-111.51846,0.00000,-2.50000,0.00000,289.00000,0.00000,89.99978,0.00000,210.00000,0.00000,89.99978,0.00000,0.00000,2.00000,1.00000,36.60512,112.18990,19.59835,3.00000,10940.00000,
1164.90857,1344.06897,1342.56641,0.00000,13.52838,14.52838,2.64893,113.12476,-1.97156,47.30057,5.99448,5964.97363,4794.60498,0.00000,5964.97314,47.50000,6.00000,11145.00000,11710.00000,3.00000,11300.00000,10820.00000,3.00000,3.00000,2.00000,265.84677,152.73174,36.63623,-0.25420,0.00000,3.00000,1.00000,1.50970,-111.54886,0.00000,-2.50000,0.00000,289.00000,0.00000,89.99978,0.00000,210.00000,0.00000,89.99978,0.00000,0.00000,2.00000,1.00000,36.63623,112.14131,19.61214,3.00000,10940.00000,
1165.90991,1345.07031,1343.56775,0.00000,13.52866,14.52866,2.64921,113.12476,-1.97177,47.30032,5.99526,5964.97412,4795.06006,0.00000,5964.96924,47.50000,6.00000,11145.00000,11710.00000,3.00000,11300.00000,10820.00000,3.00000,3.00000,2.00000,265.87268,152.75769,36.66740,-0.26067,0.00000,3.00000,1.00000,1.47931,-111.57932,0.00000,-2.50000,0.00000,289.00000,0.00000,89.99978,0.00000,210.00000,0.00000,89.99978,0.00000,0.00000,2.00000,1.00000,36.66740,112.30643,19.60423,3.00000,10940.00000,
1166.90247,1346.06299,1344.56030,0.00000,13.52893,14.52893,2.64948,113.12476,-1.97197,47.30008,5.99603,5964.97412,4755.37256,0.00000,5964.96631,47.50000,6.00000,11145.00000,11710.00000,3.00000,11300.00000,10820.00000,3.00000,3.00000,2.00000,265.89795,152.78291,36.69830,-0.26702,0.00000,3.00000,1.00000,1.44919,-111.60950,0.00000,-2.50000,0.00000,289.00000,0.00000,89.99978,0.00000,210.00000,0.00000,89.99978,0.00000,0.00000,2.00000,1.00000,36.69830,112.05701,19.62073,3.00000,10940.00000,
1167.90015,1347.06592,1345.56335,0.00000,13.52921,14.52921,2.64976,113.12485,-1.97218,47.29983,5.99681,5964.97461,4711.68799,0.00000,5964.97314,47.50000,6.00000,11145.00000,11710.00000,3.00000,11300.00000,10820.00000,3.00000,3.00000,2.00000,265.92422,152.80891,36.72953,-0.27355,0.00000,3.00000,1.00000,1.41878,-111.63998,0.00000,-2.50000,0.00000,289.00000,0.00000,89.99978,0.00000,210.00000,0.00000,89.99978,0.00000,0.00000,2.00000,1.00000,36.72953,112.26377,19.65979,3.00000,10940.00000,
1168.88831,1348.05408,1346.55151,0.00000,13.52949,14.52949,2.65004,113.12498,-1.97238,47.29958,5.99758,5964.97461,4665.83154,0.00000,5964.97852,47.50000,6.00000,11145.00000,11710.00000,3.00000,11300.00000,10820.00000,3.00000,3.00000,2.00000,265.94958,152.83464,36.76031,-0.27991,0.00000,3.00000,1.00000,1.38883,-111.66989,0.00000,-2.50000,0.00000,289.00000,0.00000,89.99978,0.00000,210.00000,0.00000,89.99978,0.00000,0.00000,2.00000,1.00000,36.76031,112.27481,19.67262,3.00000,10940.00000,
1169.89478,1349.06067,1347.55798,0.00000,13.52977,14.52977,2.65032,113.12500,-1.97258,47.29933,5.99837,5964.97510,4651.99414,0.00000,5964.97314,47.50000,6.00000,11145.00000,11710.00000,3.00000,11300.00000,10820.00000,3.00000,3.00000,2.00000,265.97495,152.86043,36.79166,-0.28626,0.00000,3.00000,1.00000,1.35834,-111.70042,0.00000,-2.50000,0.00000,289.00000,0.00000,89.99978,0.00000,210.00000,0.00000,89.99978,0.00000,0.00000,2.00000,1.00000,36.79166,111.78171,19.68370,3.00000,10940.00000,
1170.89246,1350.05835,1348.55566,0.00000,13.53004,14.53004,2.65059,113.12500,-1.97279,47.29908,5.99915,5964.97461,4659.71826,1.00000,5964.97266,47.50000,6.00000,11145.00000,11710.00000,3.00000,11300.00000,10820.00000,3.00000,3.00000,2.00000,266.00076,152.88571,36.82275,-0.29269,0.00000,3.00000,1.00000,1.32812,-111.73073,0.00000,-2.50000,0.00000,289.00000,0.00000,89.99978,0.00000,210.00000,0.00000,89.99978,0.00000,0.00000,2.00000,1.00000,36.82275,112.46295,19.68499,3.00000,10940.00000,
1171.88977,1351.06091,1349.55835,0.00000,13.53032,14.53032,2.65087,113.12477,-1.97299,47.29884,5.99993,5964.97461,4691.35645,1.00000,5964.97656,47.50000,6.00000,11145.00000,11710.00000,3.00000,11300.00000,10820.00000,3.00000,3.00000,2.00000,266.02594,152.91124,36.85400,-0.29902,0.00000,3.00000,1.00000,1.29778,-111.76103,0.00000,-2.50000,0.00000,289.00000,0.00000,89.99978,0.00000,210.00000,0.00000,89.99978,0.00000,0.00000,2.00000,1.00000,36.85400,112.14184,19.71575,3.00000,10940.00000,
1172.87878,1352.05542,1350.55286,0.00000,13.53060,14.53060,2.65115,113.12439,-1.97320,47.29859,6.00071,5964.97461,4707.70166,1.00000,5964.97021,47.50000,6.00000,11145.00000,11710.00000,3.00000,11300.00000,10820.00000,3.00000,3.00000,2.00000,266.05112,152.93663,36.88501,-0.30530,0.00000,3.00000,1.00000,1.26769,-111.79111,0.00000,-2.50000,0.00000,289.00000,0.00000,89.99978,0.00000,210.00000,0.00000,89.99978,0.00000,0.00000,2.00000,1.00000,36.88501,112.19817,19.69845,3.00000,10940.00000,
1173.88098,1353.05750,1351.55493,0.00000,13.53088,14.53088,2.65143,113.12439,-1.97340,47.29834,6.00149,5964.97510,4722.67480,1.00000,5964.97510,47.50000,6.00000,11145.00000,11710.00000,3.00000,11300.00000,10820.00000,3.00000,3.00000,2.00000,266.07648,152.96227,36.91624,-0.31170,0.00000,3.00000,1.00000,1.23738,-111.82125,0.00000,-2.50000,0.00000,289.00000,0.00000,89.99978,0.00000,210.00000,0.00000,89.99978,0.00000,0.00000,2.00000,1.00000,36.91624,112.30917,19.71795,3.00000,10940.00000,
1174.87695,1354.05347,1352.55090,0.00000,13.53115,14.53115,2.65170,113.12437,-1.97360,47.29809,6.00226,5964.97559,4737.55322,1.00000,5964.96973,47.50000,6.00000,11145.00000,11710.00000,3.00000,11300.00000,10820.00000,3.00000,3.00000,2.00000,266.10175,152.98758,36.94731,-0.31796,0.00000,3.00000,1.00000,1.20727,-111.85121,0.00000,-2.50000,0.00000,289.00000,0.00000,89.99978,0.00000,210.00000,0.00000,89.99978,0.00000,0.00000,2.00000,1.00000,36.94731,112.16800,19.75673,3.00000,10940.00000,
1175.87512,1355.05176,1353.54919,0.00000,13.53143,14.53143,2.65198,113.12428,-1.97381,47.29784,6.00304,5964.97607,4752.46436,1.00000,5964.97314,47.50000,6.00000,11145.00000,11710.00000,3.00000,11300.00000,10820.00000,3.00000,3.00000,2.00000,266.12692,153.01308,36.97845,-0.32432,0.00000,3.00000,1.00000,1.17711,-111.88133,0.00000,-2.50000,0.00000,289.00000,0.00000,89.99978,0.00000,210.00000,0.00000,89.99978,0.00000,0.00000,2.00000,1.00000,36.97845,112.20522,19.75780,3.00000,10940.00000,
1176.87158,1356.04810,1354.54553,0.00000,13.53171,14.53171,2.65226,113.12421,-1.97401,47.29760,6.00382,5964.97607,4767.34521,1.00000,5964.97852,47.50000,6.00000,11145.00000,11710.00000,3.00000,11300.00000,10820.00000,3.00000,3.00000,2.00000,266.15173,153.03807,37.00955,-0.33047,0.00000,3.00000,1.00000,1.14702,-111.91130,0.00000,-2.50000,0.00000,289.00000,0.00000,89.99978,0.00000,210.00000,0.00000,89.99978,0.00000,0.00000,2.00000,1.00000,37.00955,112.50555,19.74776,3.00000,10940.00000,
1177.87427,1357.05078,1355.54822,0.00000,13.53199,14.53199,2.65254,113.12421,-1.97422,47.29735,6.00460,5964.97607,4778.47217,0.00000,5964.97900,47.50000,6.00000,11145.00000,11710.00000,3.00000,11300.00000,10820.00000,3.00000,3.00000,2.00000,266.17664,153.06352,37.04083,-0.33677,0.00000,3.00000,1.00000,1.11675,-111.94155,0.00000,-2.50000,0.00000,289.00000,0.00000,89.99978,0.00000,210.00000,0.00000,89.99978,0.00000,0.00000,2.00000,1.00000,37.04083,112.11224,19.80127,3.00000,10940.00000,
1178.88538,1358.06189,1356.55933,0.00000,13.53227,14.53227,2.65282,113.12421,-1.97442,47.29710,6.00539,5964.97559,4758.13428,0.00000,5964.98047,47.50000,6.00000,11145.00000,11710.00000,3.00000,11300.00000,10820.00000,3.00000,3.00000,2.00000,266.20193,153.08887,37.07240,-0.34302,0.00000,3.00000,1.00000,1.08624,-111.97196,0.00000,-2.50000,0.00000,289.00000,0.00000,89.99978,0.00000,210.00000,0.00000,89.99978,0.00000,0.00000,2.00000,1.00000,37.07240,112.48303,19.77079,3.00000,10940.00000,
1179.87756,1359.05408,1357.55151,0.00000,13.53254,14.53254,2.65309,113.12421,-1.97463,47.29685,6.00617,5964.97461,4725.43018,0.00000,5964.96875,47.50000,6.00000,11145.00000,11710.00000,3.00000,11300.00000,10820.00000,3.00000,3.00000,2.00000,266.22702,153.11395,37.10338,-0.34928,0.00000,3.00000,1.00000,1.05631,-112.00195,0.00000,-2.50000,0.00000,289.00000,0.00000,89.99978,0.00000,210.00000,0.00000,89.99978,0.00000,0.00000,2.00000,1.00000,37.10338,112.47782,19.80511,3.00000,10940.00000,
1180.87109,1360.04761,1358.54504,0.00000,13.53282,14.53282,2.65337,113.12497,-1.97483,47.29660,6.00694,5964.97363,4693.49463,0.00000,5964.97070,47.50000,6.00000,11145.00000,11710.00000,3.00000,11300.00000,10820.00000,3.00000,3.00000,2.00000,266.25137,153.13867,37.13441,-0.35549,0.00000,3.00000,1.00000,1.02636,-112.03207,0.00000,-2.50000,0.00000,289.00000,0.00000,89.99978,0.00000,210.00000,0.00000,89.99978,0.00000,0.00000,2.00000,1.00000,37.13441,112.47816,19.81078,3.00000,10940.00000,
1181.87402,1361.05054,1359.54797,0.00000,13.53310,14.53310,2.65365,113.12549,-1.97504,47.29635,6.00772,5964.97363,4663.97510,0.00000,5964.97070,47.50000,6.00000,11145.00000,11710.00000,3.00000,11300.00000,10820.00000,3.00000,3.00000,2.00000,266.27673,153.16324,37.16574,-0.36171,0.00000,3.00000,1.00000,0.99614,-112.06253,0.00000,-2.50000,0.00000,289.00000,0.00000,89.99978,0.00000,210.00000,0.00000,89.99978,0.00000,0.00000,2.00000,1.00000,37.16574,112.45805,19.82787,3.00000,10940.00000,
1182.87158,1362.04810,1360.54553,0.00000,13.53337,14.53337,2.65392,113.12598,-1.97524,47.29610,6.00850,5964.97363,4660.72168,0.00000,5964.97168,47.50000,6.00000,11145.00000,11710.00000,3.00000,11300.00000,10820.00000,3.00000,3.00000,2.00000,266.30164,153.18782,37.19691,-0.36799,0.00000,3.00000,1.00000,0.96609,-112.09293,0.00000,-2.50000,0.00000,289.00000,0.00000,89.99978,0.00000,210.00000,0.00000,89.99978,0.00000,0.00000,2.00000,1.00000,37.19691,112.59600,19.82954,3.00000,10940.00000,
1183.86621,1363.04272,1361.54016,0.00000,13.53365,14.53365,2.65420,113.12622,-1.97544,47.29586,6.00928,5964.97363,4666.06543,0.00000,5964.97656,47.50000,6.00000,11145.00000,11710.00000,3.00000,11300.00000,10820.00000,3.00000,3.00000,2.00000,266.32535,153.21172,37.22800,-0.37391,0.00000,3.00000,1.00000,0.93614,-112.12316,0.00000,-2.50000,0.00000,289.00000,0.00000,89.99978,0.00000,210.00000,0.00000,89.99978,0.00000,0.00000,2.00000,1.00000,37.22800,112.73483,19.83914,3.00000,10940.00000,
1184.86316,1364.04614,1362.54358,0.00000,13.53393,14.53393,2.65448,113.12622,-1.97565,47.29561,6.01006,5964.97412,4660.50977,0.00000,5964.97754,47.50000,6.00000,11145.00000,11710.00000,3.00000,11300.00000,10820.00000,3.00000,3.00000,2.00000,266.35052,153.23660,37.25937,-0.38023,0.00000,3.00000,1.00000,0.90595,-112.15359,0.00000,-2.50000,0.00000,289.00000,0.00000,89.99978,0.00000,210.00000,0.00000,89.99978,0.00000,0.00000,2.00000,1.00000,37.25937,112.53642,19.87230,3.00000,10940.00000,
1185.85437,1365.03735,1363.53479,0.00000,13.53420,14.53420,2.65475,113.12617,-1.97585,47.29536,6.01083,5964.97363,4617.92188,0.00000,5964.97363,47.50000,6.00000,11145.00000,11710.00000,3.00000,11300.00000,10820.00000,3.00000,3.00000,2.00000,266.37506,153.26079,37.29036,-0.38634,0.00000,3.00000,1.00000,0.87613,-112.18342,0.00000,-2.50000,0.00000,289.00000,0.00000,89.99978,0.00000,210.00000,0.00000,89.99978,0.00000,0.00000,2.00000,1.00000,37.29036,112.61478,19.85708,3.00000,10940.00000,
1186.85144,1366.03455,1364.53186,0.00000,13.53448,14.53448,2.65503,113.12600,-1.97605,47.29511,6.01161,5964.97363,4639.46484,0.00000,5964.97510,47.50000,6.00000,11145.00000,11710.00000,3.00000,11300.00000,10820.00000,3.00000,3.00000,2.00000,266.39941,153.28510,37.32156,-0.39237,0.00000,3.00000,1.00000,0.84615,-112.21349,0.00000,-2.50000,0.00000,289.00000,0.00000,89.99978,0.00000,210.00000,0.00000,89.99978,0.00000,0.00000,2.00000,1.00000,37.32156,112.98586,19.84390,3.00000,10940.00000,
1187.85681,1367.03979,1365.53723,0.00000,13.53476,14.53476,2.65531,113.12589,-1.97626,47.29486,6.01239,5964.97363,4672.74121,0.00000,5964.96777,47.50000,6.00000,11145.00000,11710.00000,3.00000,11300.00000,10820.00000,3.00000,3.00000,2.00000,266.42487,153.31052,37.35299,-0.39876,0.00000,3.00000,1.00000,0.81594,-112.24368,0.00000,-2.50000,0.00000,289.00000,0.00000,89.99978,0.00000,210.00000,0.00000,89.99978,0.00000,0.00000,2.00000,1.00000,37.35299,112.47451,19.88823,3.00000,10940.00000,
1188.85632,1368.03931,1366.53674,0.00000,13.53504,14.53504,2.65559,113.12563,-1.97646,47.29461,6.01317,5964.97363,4713.60693,0.00000,5964.97070,47.50000,6.00000,11145.00000,11710.00000,3.00000,11300.00000,10820.00000,3.00000,3.00000,2.00000,266.44894,153.33490,37.38426,-0.40482,0.00000,3.00000,1.00000,0.78591,-112.27375,0.00000,-2.50000,0.00000,289.00000,0.00000,89.99978,0.00000,210.00000,0.00000,89.99978,0.00000,0.00000,2.00000,1.00000,37.38426,112.73138,19.90434,3.00000,10940.00000,
1189.84521,1369.04663,1367.54407,0.00000,13.53532,14.53532,2.65587,113.12544,-1.97667,47.29436,6.01396,5964.97412,4745.50488,0.00000,5964.97021,47.50000,6.00000,11145.00000,11710.00000,3.00000,11300.00000,10820.00000,3.00000,3.00000,2.00000,266.47333,153.35973,37.41579,-0.41099,0.00000,3.00000,1.00000,0.75566,-112.30405,0.00000,-2.50000,0.00000,289.00000,0.00000,89.99978,0.00000,210.00000,0.00000,89.99978,0.00000,0.00000,2.00000,1.00000,37.41579,112.83871,19.90383,3.00000,10940.00000,
1190.84766,1370.04919,1368.54663,0.00000,13.53560,14.53560,2.65615,113.12544,-1.97687,47.29411,6.01474,5964.97461,4759.81055,0.00000,5964.97705,47.50000,6.00000,11145.00000,11710.00000,3.00000,11300.00000,10820.00000,3.00000,3.00000,2.00000,266.49777,153.38374,37.44715,-0.41700,0.00000,3.00000,1.00000,0.72558,-112.33418,0.00000,-2.50000,0.00000,289.00000,0.00000,89.99978,0.00000,210.00000,0.00000,89.99978,0.00000,0.00000,2.00000,1.00000,37.44715,112.56125,19.97305,3.00000,10940.00000,
1191.85364,1371.06067,1369.55811,0.00000,13.53588,14.53588,2.65643,113.12544,-1.97708,47.29386,6.01553,5964.97510,4774.24268,0.00000,5964.97998,47.50000,6.00000,11145.00000,11710.00000,3.00000,11300.00000,10820.00000,3.00000,3.00000,2.00000,266.52335,153.40903,37.47882,-0.42338,0.00000,3.00000,1.00000,0.69523,-112.36458,0.00000,-2.50000,0.00000,289.00000,0.00000,89.99978,0.00000,210.00000,0.00000,89.99978,0.00000,0.00000,2.00000,1.00000,37.47882,112.63108,19.95145,3.00000,10940.00000,
1192.84766,1372.05481,1370.55225,0.00000,13.53615,14.53615,2.65670,113.12544,-1.97729,47.29362,6.01631,5964.97461,4788.12744,0.00000,5964.97852,47.50000,6.00000,11145.00000,11710.00000,3.00000,11300.00000,10820.00000,3.00000,3.00000,2.00000,266.54736,153.43364,37.50996,-0.42948,0.00000,3.00000,1.00000,0.66542,-112.39438,0.00000,-2.50000,0.00000,289.00000,0.00000,89.99978,0.00000,210.00000,0.00000,89.99978,0.00000,0.00000,2.00000,1.00000,37.50996,112.43050,19.96027,3.00000,10940.00000,
1193.84399,1373.05530,1371.55273,0.00000,13.53643,14.53643,2.65698,113.12544,-1.97749,47.29337,6.01709,5964.97412,4801.25439,0.00000,5964.97705,47.50000,6.00000,11145.00000,11710.00000,3.00000,11300.00000,10820.00000,3.00000,3.00000,2.00000,266.57162,153.45757,37.54130,-0.43548,0.00000,3.00000,1.00000,0.63544,-112.42433,0.00000,-2.50000,0.00000,289.00000,0.00000,89.99978,0.00000,210.00000,0.00000,89.99978,0.00000,0.00000,2.00000,1.00000,37.54130,112.61163,19.96622,3.00000,10940.00000,
1194.84448,1374.05579,1372.55322,0.00000,13.53671,14.53671,2.65726,113.12573,-1.97769,47.29312,6.01787,5964.97363,4814.37842,0.00000,5964.97949,47.50000,6.00000,11145.00000,11710.00000,3.00000,11300.00000,10820.00000,3.00000,3.00000,2.00000,266.59607,153.48180,37.57264,-0.44156,0.00000,3.00000,1.00000,0.60546,-112.45454,0.00000,-2.50000,0.00000,289.00000,0.00000,89.99978,0.00000,210.00000,0.00000,89.99978,0.00000,0.00000,2.00000,1.00000,37.57264,112.94840,19.98013,3.00000,10940.00000,
1195.84277,1375.05408,1373.55151,0.00000,13.53699,14.53699,2.65754,113.12627,-1.97790,47.29287,6.01865,5964.97363,4827.47217,0.00000,5964.98340,47.50000,6.00000,11145.00000,11710.00000,3.00000,11300.00000,10820.00000,3.00000,3.00000,2.00000,266.62015,153.50569,37.60394,-0.44763,0.00000,3.00000,1.00000,0.57557,-112.48461,0.00000,-2.50000,0.00000,289.00000,0.00000,89.99978,0.00000,210.00000,0.00000,89.99978,0.00000,0.00000,2.00000,1.00000,37.60394,113.07304,19.97995,3.00000,10940.00000,
1196.84070,1376.06299,1374.56042,0.00000,13.53727,14.53727,2.65782,113.12650,-1.97810,47.29262,6.01943,5964.97314,4836.73438,0.00000,5964.97803,47.50000,6.00000,11145.00000,11710.00000,3.00000,11300.00000,10820.00000,3.00000,3.00000,2.00000,266.64453,153.52975,37.63556,-0.45375,0.00000,3.00000,1.00000,0.54537,-112.51524,0.00000,-2.50000,0.00000,289.00000,0.00000,89.99978,0.00000,210.00000,0.00000,89.99978,0.00000,0.00000,2.00000,1.00000,37.63556,112.84935,19.99324,3.00000,10940.00000,
1197.83472,1377.05701,1375.55444,0.00000,13.53754,14.53754,2.65809,113.12671,-1.97831,47.29237,6.02021,5964.97266,4844.02637,0.00000,5964.98047,47.50000,6.00000,11145.00000,11710.00000,3.00000,11300.00000,10820.00000,3.00000,3.00000,2.00000,266.66891,153.55367,37.66671,-0.45982,0.00000,3.00000,1.00000,0.51563,-112.54538,0.00000,-2.50000,0.00000,289.00000,0.00000,89.99978,0.00000,210.00000,0.00000,89.99978,0.00000,0.00000,2.00000,1.00000,37.66671,112.45918,20.02104,3.00000,10940.00000,
1198.82959,1378.05188,1376.54932,0.00000,13.53782,14.53782,2.65837,113.12677,-1.97851,47.29213,6.02098,5964.97168,4851.32275,0.00000,5964.97266,47.50000,6.00000,11145.00000,11710.00000,3.00000,11300.00000,10820.00000,3.00000,3.00000,2.00000,266.69272,153.57745,37.69789,-0.46578,0.00000,3.00000,1.00000,0.48588,-112.57550,0.00000,-2.50000,0.00000,289.00000,0.00000,89.99978,0.00000,210.00000,0.00000,89.99978,0.00000,0.00000,2.00000,1.00000,37.69789,112.41846,20.04675,3.00000,10940.00000,
1199.83093,1379.05322,1377.55066,0.00000,13.53810,14.53810,2.65865,113.12710,-1.97872,47.29188,6.02176,5964.97168,4858.66406,0.00000,5964.97852,47.50000,6.00000,11145.00000,11710.00000,3.00000,11300.00000,10820.00000,3.00000,3.00000,2.00000,266.71652,153.60066,37.72932,-0.47171,0.00000,3.00000,1.00000,0.45596,-112.60576,0.00000,-2.50000,0.00000,289.00000,0.00000,89.99978,0.00000,210.00000,0.00000,89.99978,0.00000,0.00000,2.00000,1.00000,37.72932,112.97934,20.02615,3.00000,10940.00000,
1200.82910,1380.05139,1378.54883,0.00000,13.53837,14.53837,2.65893,113.12710,-1.97892,47.29163,6.02254,5964.97119,4866.04297,0.00000,5964.97266,47.50000,6.00000,11145.00000,11710.00000,3.00000,11300.00000,10820.00000,3.00000,3.00000,2.00000,266.74069,153.62483,37.76062,-0.47778,0.00000,3.00000,1.00000,0.42613,-112.63573,0.00000,-2.50000,0.00000,289.00000,0.00000,89.99978,0.00000,210.00000,0.00000,89.99978,0.00000,0.00000,2.00000,1.00000,37.76062,113.00410,20.05118,3.00000,10940.00000,
1201.82996,1381.05225,1379.54968,0.00000,13.53865,14.53865,2.65920,113.12710,-1.97912,47.29138,6.02332,5964.97119,4873.44629,0.00000,5964.97363,47.50000,6.00000,11145.00000,11710.00000,3.00000,11300.00000,10820.00000,3.00000,3.00000,2.00000,266.76440,153.64874,37.79202,-0.48375,0.00000,3.00000,1.00000,0.39625,-112.66570,0.00000,-2.50000,0.00000,289.00000,0.00000,89.99978,0.00000,210.00000,0.00000,89.99978,0.00000,0.00000,2.00000,1.00000,37.79202,112.84537,20.08808,3.00000,10940.00000,
1202.83398,1382.05627,1380.55359,0.00000,13.53893,14.53893,2.65948,113.12733,-1.97933,47.29113,6.02411,5964.97119,4866.66406,0.00000,5964.96582,47.50000,6.00000,11145.00000,11710.00000,3.00000,11300.00000,10820.00000,3.00000,3.00000,2.00000,266.78879,153.67252,37.82353,-0.48978,0.00000,3.00000,1.00000,0.36628,-112.69582,0.00000,-2.50000,0.00000,289.00000,0.00000,89.99978,0.00000,210.00000,0.00000,89.99978,0.00000,0.00000,2.00000,1.00000,37.82353,112.91971,20.08587,3.00000,10940.00000,
1203.83081,1383.05310,1381.55054,0.00000,13.53921,14.53921,2.65976,113.12770,-1.97953,47.29088,6.02488,5964.97119,4850.35547,0.00000,5964.97119,47.50000,6.00000,11145.00000,11710.00000,3.00000,11300.00000,10820.00000,3.00000,3.00000,2.00000,266.81244,153.69591,37.85482,-0.49567,0.00000,3.00000,1.00000,0.33654,-112.72585,0.00000,-2.50000,0.00000,289.00000,0.00000,89.99978,0.00000,210.00000,0.00000,89.99978,0.00000,0.00000,2.00000,1.00000,37.85482,113.11278,20.08901,3.00000,10940.00000,
1204.83289,1384.05518,1382.55249,0.00000,13.53949,14.53949,2.66004,113.12814,-1.97974,47.29063,6.02567,5964.97168,4833.95947,0.00000,5964.96777,47.50000,6.00000,11145.00000,11710.00000,3.00000,11300.00000,10820.00000,3.00000,3.00000,2.00000,266.83603,153.71935,37.88627,-0.50157,0.00000,3.00000,1.00000,0.30666,-112.75598,0.00000,-2.50000,0.00000,289.00000,0.00000,89.99978,0.00000,210.00000,0.00000,89.99978,0.00000,0.00000,2.00000,1.00000,37.88627,112.90536,20.12078,3.00000,10940.00000,
1205.83765,1385.05994,1383.55737,0.00000,13.53977,14.53977,2.66032,113.12814,-1.97994,47.29038,6.02645,5964.97217,4817.51611,0.00000,5964.97412,47.50000,6.00000,11145.00000,11710.00000,3.00000,11300.00000,10820.00000,3.00000,3.00000,2.00000,266.85995,153.74330,37.91784,-0.50764,0.00000,3.00000,1.00000,0.27671,-112.78606,0.00000,-2.50000,0.00000,289.00000,0.00000,89.99978,0.00000,210.00000,0.00000,89.99978,0.00000,0.00000,2.00000,1.00000,37.91784,113.36195,20.10559,3.00000,10940.00000,
1206.84180,1386.06409,1384.56152,0.00000,13.54004,14.54004,2.66060,113.12814,-1.98015,47.29013,6.02723,5964.97266,4801.08154,0.00000,5964.97021,47.50000,6.00000,11145.00000,11710.00000,3.00000,11300.00000,10820.00000,3.00000,3.00000,2.00000,266.88403,153.76733,37.94937,-0.51366,0.00000,3.00000,1.00000,0.24679,-112.81596,0.00000,-2.50000,0.00000,289.00000,0.00000,89.99978,0.00000,210.00000,0.00000,89.99978,0.00000,0.00000,2.00000,1.00000,37.94937,113.03281,20.13190,3.00000,10940.00000,
1207.84302,1387.06995,1385.56738,0.00000,13.54032,14.54032,2.66087,113.12814,-1.98035,47.28988,6.02802,5964.97314,4784.61572,0.00000,5964.96924,47.50000,6.00000,11145.00000,11710.00000,3.00000,11300.00000,10820.00000,3.00000,3.00000,2.00000,266.90778,153.79123,37.98098,-0.51955,0.00000,3.00000,1.00000,0.21683,-112.84593,0.00000,-2.50000,0.00000,289.00000,0.00000,89.99978,0.00000,210.00000,0.00000,89.99978,0.00000,0.00000,2.00000,1.00000,37.98098,113.14140,20.14382,3.00000,10940.00000,
1208.84131,1388.06824,1386.56567,0.00000,13.54060,14.54060,2.66115,113.12823,-1.98056,47.28963,6.02879,5964.97363,4769.87891,0.00000,5964.96924,47.50000,6.00000,11145.00000,11710.00000,3.00000,11300.00000,10820.00000,3.00000,3.00000,2.00000,266.93115,153.81491,38.01233,-0.52543,0.00000,3.00000,1.00000,0.18712,-112.87572,0.00000,-2.50000,0.00000,289.00000,0.00000,89.99978,0.00000,210.00000,0.00000,89.99978,0.00000,0.00000,2.00000,1.00000,38.01233,112.95895,20.17366,3.00000,10940.00000,
1209.84314,1389.07007,1387.56750,0.00000,13.54088,14.54088,2.66143,113.12901,-1.98076,47.28939,6.02958,5964.97412,4759.06641,0.00000,5964.96875,47.50000,6.00000,11145.00000,11710.00000,3.00000,11300.00000,10820.00000,3.00000,3.00000,2.00000,266.95514,153.83870,38.04381,-0.53146,0.00000,3.00000,1.00000,0.15731,-112.90571,0.00000,-2.50000,0.00000,289.00000,0.00000,89.99978,0.00000,210.00000,0.00000,89.99978,0.00000,0.00000,2.00000,1.00000,38.04381,113.10106,20.19556,3.00000,10940.00000,
1210.84229,1390.07922,1388.57654,0.00000,13.54116,14.54116,2.66171,113.12949,-1.98097,47.28913,6.03036,5964.97510,4763.94287,0.00000,5964.97119,47.50000,6.00000,11145.00000,11710.00000,3.00000,11300.00000,10820.00000,3.00000,3.00000,2.00000,266.97894,153.86227,38.07555,-0.53742,0.00000,3.00000,1.00000,0.12730,-112.93601,0.00000,-2.50000,0.00000,289.00000,0.00000,89.99978,0.00000,210.00000,0.00000,89.99978,0.00000,0.00000,2.00000,1.00000,38.07555,113.13477,20.17800,3.00000,10940.00000,
1211.84912,1391.08594,1389.58337,0.00000,13.54144,14.54144,2.66199,113.12999,-1.98117,47.28888,6.03115,5964.97559,4779.94141,0.00000,5964.97168,47.50000,6.00000,11145.00000,11710.00000,3.00000,11300.00000,10820.00000,3.00000,3.00000,2.00000,267.00259,153.88554,38.10721,-0.54330,0.00000,3.00000,1.00000,0.09738,-112.96626,0.00000,-2.50000,0.00000,289.00000,0.00000,89.99978,0.00000,210.00000,0.00000,89.99978,0.00000,0.00000,2.00000,1.00000,38.10721,113.35069,20.18225,3.00000,10940.00000,
1212.84839,1392.08521,1390.58264,0.00000,13.54172,14.54172,2.66227,113.13020,-1.98138,47.28864,6.03193,5964.97607,4795.81885,0.00000,5964.97363,47.50000,6.00000,11145.00000,11710.00000,3.00000,11300.00000,10820.00000,3.00000,3.00000,2.00000,267.02588,153.90871,38.13863,-0.54917,0.00000,3.00000,1.00000,0.06768,-112.99632,0.00000,-2.50000,0.00000,289.00000,0.00000,89.99978,0.00000,210.00000,0.00000,89.99978,0.00000,0.00000,2.00000,1.00000,38.13863,113.40006,20.19102,3.00000,10940.00000,
1213.84290,1393.07971,1391.57715,0.00000,13.54199,14.54199,2.66254,113.13020,-1.98158,47.28839,6.03270,5964.97656,4811.61719,0.00000,5964.97754,47.50000,6.00000,11145.00000,11710.00000,3.00000,11300.00000,10820.00000,3.00000,3.00000,2.00000,267.04962,153.93156,38.16991,-0.55501,0.00000,3.00000,1.00000,0.03815,-113.02617,0.00000,-2.50000,0.00000,289.00000,0.00000,89.99978,0.00000,210.00000,0.00000,89.99978,0.00000,0.00000,2.00000,1.00000,38.16991,113.31880,20.22224,3.00000,10940.00000,
1214.84607,1394.09070,1392.58813,0.00000,13.54227,14.54227,2.66283,113.13024,-1.98179,47.28814,6.03349,5964.97607,4827.67529,0.00000,5964.97754,47.50000,6.00000,11145.00000,11710.00000,3.00000,11300.00000,10820.00000,3.00000,3.00000,2.00000,267.07358,153.95509,38.20172,-0.56104,0.00000,3.00000,1.00000,0.00814,-113.05656,0.00000,-2.50000,0.00000,289.00000,0.00000,89.99978,0.00000,210.00000,0.00000,89.99978,0.00000,0.00000,2.00000,1.00000,38.20172,113.44427,20.21702,3.00000,10940.00000,
1215.84570,1395.09033,1393.58777,0.00000,13.54255,14.54255,2.66310,113.13060,-1.98199,47.28789,6.03427,5964.97510,4841.89746,0.00000,5964.98242,47.50000,6.00000,11145.00000,11710.00000,3.00000,11300.00000,10820.00000,3.00000,3.00000,2.00000,267.09726,153.97835,38.23318,-0.56695,0.00000,3.00000,1.00000,359.97812,-113.08678,0.00000,-2.50000,0.00000,289.00000,0.00000,89.99978,0.00000,210.00000,0.00000,89.99978,0.00000,0.00000,2.00000,1.00000,38.23318,113.46833,20.23162,3.00000,10940.00000,
1216.85474,1396.09937,1394.59680,0.00000,13.54283,14.54283,2.66338,113.13083,-1.98220,47.28764,6.03506,5964.97461,4851.41992,0.00000,5964.97900,47.50000,6.00000,11145.00000,11710.00000,3.00000,11300.00000,10820.00000,3.00000,3.00000,2.00000,267.12100,154.00160,38.26493,-0.57286,0.00000,3.00000,1.00000,359.94809,-113.11713,0.00000,-2.50000,0.00000,289.00000,0.00000,89.99978,0.00000,210.00000,0.00000,89.99978,0.00000,0.00000,2.00000,1.00000,38.26493,113.36926,20.28190,3.00000,10940.00000,
1217.85913,1397.10962,1395.60706,0.00000,13.54311,14.54311,2.66366,113.13118,-1.98240,47.28738,6.03585,5964.97363,4860.68701,0.00000,5964.97803,47.50000,6.00000,11145.00000,11710.00000,3.00000,11300.00000,10820.00000,3.00000,3.00000,2.00000,267.14423,154.02501,38.29673,-0.57869,0.00000,3.00000,1.00000,359.91861,-113.14732,0.00000,-2.50000,0.00000,289.00000,0.00000,89.99978,0.00000,210.00000,0.00000,89.99978,0.00000,0.00000,2.00000,1.00000,38.29673,113.22587,20.27915,3.00000,10940.00000,
1218.86194,1398.11243,1396.60986,0.00000,13.54339,14.54339,2.66394,113.13118,-1.98261,47.28714,6.03663,5964.97266,4869.61426,0.00000,5964.97705,47.50000,6.00000,11145.00000,11710.00000,3.00000,11300.00000,10820.00000,3.00000,3.00000,2.00000,267.16797,154.04813,38.32832,-0.58465,0.00000,3.00000,1.00000,359.88834,-113.17763,0.00000,-2.50000,0.00000,289.00000,0.00000,89.99978,0.00000,210.00000,0.00000,89.99978,0.00000,0.00000,2.00000,1.00000,38.32832,113.53974,20.27460,3.00000,10940.00000,
1219.85315,1399.10364,1397.60095,0.00000,13.54367,14.54367,2.66422,113.13125,-1.98281,47.28689,6.03740,5964.97217,4878.43701,0.00000,5964.97607,47.50000,6.00000,11145.00000,11710.00000,3.00000,11300.00000,10820.00000,3.00000,3.00000,2.00000,267.19049,154.07111,38.35953,-0.59030,0.00000,3.00000,1.00000,359.85953,-113.20716,0.00000,-2.50000,0.00000,289.00000,0.00000,89.99978,0.00000,210.00000,0.00000,89.99978,0.00000,0.00000,2.00000,1.00000,38.35953,113.36204,20.30613,3.00000,10940.00000,
1220.84558,1400.10059,1398.59802,0.00000,13.54394,14.54394,2.66449,113.13135,-1.98302,47.28664,6.03818,5964.97217,4864.79004,0.00000,5964.97461,47.50000,6.00000,11145.00000,11710.00000,3.00000,11300.00000,10820.00000,3.00000,3.00000,2.00000,267.21381,154.09401,38.39093,-0.59611,0.00000,3.00000,1.00000,359.82999,-113.23664,0.00000,-2.50000,0.00000,289.00000,0.00000,89.99978,0.00000,210.00000,0.00000,89.99978,0.00000,0.00000,2.00000,1.00000,38.39093,113.41151,20.31083,3.00000,10940.00000,
1221.84448,1401.09949,1399.59692,0.00000,13.54422,14.54422,2.66477,113.13153,-1.98322,47.28639,6.03896,5964.97217,4846.35693,0.00000,5964.96875,47.50000,6.00000,11145.00000,11710.00000,3.00000,11300.00000,10820.00000,3.00000,3.00000,2.00000,267.23694,154.11745,38.42239,-0.60193,0.00000,3.00000,1.00000,359.80048,-113.26629,0.00000,-2.50000,0.00000,289.00000,0.00000,89.99978,0.00000,210.00000,0.00000,89.99978,0.00000,0.00000,2.00000,1.00000,38.42239,113.15126,20.33807,3.00000,10940.00000,
1222.84473,1402.09961,1400.59705,0.00000,13.54450,14.54450,2.66505,113.13203,-1.98342,47.28614,6.03974,5964.97266,4817.44531,0.00000,5964.97168,47.50000,6.00000,11145.00000,11710.00000,3.00000,11300.00000,10820.00000,3.00000,3.00000,2.00000,267.26047,154.14035,38.45393,-0.60773,0.00000,3.00000,1.00000,359.77060,-113.29597,0.00000,-2.50000,0.00000,289.00000,0.00000,89.99978,0.00000,210.00000,0.00000,89.99978,0.00000,0.00000,2.00000,1.00000,38.45393,113.61353,20.30198,3.00000,10940.00000,
1223.84204,1403.10144,1401.59888,0.00000,13.54478,14.54478,2.66533,113.13245,-1.98363,47.28590,6.04052,5964.97266,4789.46289,0.00000,5964.97119,47.50000,6.00000,11145.00000,11710.00000,3.00000,11300.00000,10820.00000,3.00000,3.00000,2.00000,267.28351,154.16350,38.48550,-0.61355,0.00000,3.00000,1.00000,359.74103,-113.32601,0.00000,-2.50000,0.00000,289.00000,0.00000,89.99978,0.00000,210.00000,0.00000,89.99978,0.00000,0.00000,2.00000,1.00000,38.48550,113.75488,20.34382,3.00000,10940.00000,
1224.85059,1404.10986,1402.60730,0.00000,13.54506,14.54506,2.66561,113.13264,-1.98383,47.28564,6.04130,5964.97314,4765.12939,0.00000,5964.97266,47.50000,6.00000,11145.00000,11710.00000,3.00000,11300.00000,10820.00000,3.00000,3.00000,2.00000,267.30658,154.18640,38.51729,-0.61935,0.00000,3.00000,1.00000,359.71170,-113.35605,0.00000,-2.50000,0.00000,289.00000,0.00000,89.99978,0.00000,210.00000,0.00000,89.99978,0.00000,0.00000,2.00000,1.00000,38.51729,113.68365,20.37669,3.00000,10940.00000,
1225.85132,1405.11072,1403.60815,0.00000,13.54533,14.54533,2.66589,113.13266,-1.98404,47.28540,6.04208,5964.97363,4740.98047,0.00000,5964.96826,47.50000,6.00000,11145.00000,11710.00000,3.00000,11300.00000,10820.00000,3.00000,3.00000,2.00000,267.32999,154.20924,38.54885,-0.62515,0.00000,3.00000,1.00000,359.68161,-113.38580,0.00000,-2.50000,0.00000,289.00000,0.00000,89.99978,0.00000,210.00000,0.00000,89.99978,0.00000,0.00000,2.00000,1.00000,38.54885,113.54600,20.37387,3.00000,10940.00000,
1226.85352,1406.11292,1404.61023,0.00000,13.54561,14.54561,2.66616,113.13332,-1.98424,47.28514,6.04287,5964.97412,4759.72559,0.00000,5964.97168,47.50000,6.00000,11145.00000,11710.00000,3.00000,11300.00000,10820.00000,3.00000,3.00000,2.00000,267.35291,154.23218,38.58045,-0.63089,0.00000,3.00000,1.00000,359.65225,-113.41553,0.00000,-2.50000,0.00000,289.00000,0.00000,89.99978,0.00000,210.00000,0.00000,89.99978,0.00000,0.00000,2.00000,1.00000,38.58045,113.47096,20.38457,3.00000,10940.00000,
1227.84729,1407.10657,1405.60400,0.00000,13.54589,14.54589,2.66644,113.13408,-1.98445,47.28490,6.04364,5964.97461,4787.57813,0.00000,5964.97754,47.50000,6.00000,11145.00000,11710.00000,3.00000,11300.00000,10820.00000,3.00000,3.00000,2.00000,267.37579,154.25491,38.61180,-0.63663,0.00000,3.00000,1.00000,359.62314,-113.44508,0.00000,-2.50000,0.00000,289.00000,0.00000,89.99978,0.00000,210.00000,0.00000,89.99978,0.00000,0.00000,2.00000,1.00000,38.61180,113.60754,20.39875,3.00000,10940.00000,
1228.85620,1408.11560,1406.61304,0.00000,13.54617,14.54617,2.66672,113.13425,-1.98465,47.28465,6.04443,5964.97510,4814.53223,0.00000,5964.97461,47.50000,6.00000,11145.00000,11710.00000,3.00000,11300.00000,10820.00000,3.00000,3.00000,2.00000,267.39886,154.27785,38.64364,-0.64237,0.00000,3.00000,1.00000,359.59311,-113.47516,0.00000,-2.50000,0.00000,289.00000,0.00000,89.99978,0.00000,210.00000,0.00000,89.99978,0.00000,0.00000,2.00000,1.00000,38.64364,113.64799,20.41274,3.00000,10940.00000,
1229.85803,1409.12769,1407.62512,0.00000,13.54645,14.54645,2.66700,113.13451,-1.98486,47.28440,6.04522,5964.97461,4833.10010,0.00000,5964.97803,47.50000,6.00000,11145.00000,11710.00000,3.00000,11300.00000,10820.00000,3.00000,3.00000,2.00000,267.42200,154.30078,38.67557,-0.64818,0.00000,3.00000,1.00000,359.56342,-113.50538,0.00000,-2.50000,0.00000,289.00000,0.00000,89.99978,0.00000,210.00000,0.00000,89.99978,0.00000,0.00000,2.00000,1.00000,38.67557,113.67934,20.40927,3.00000,10940.00000,
1230.85803,1410.12769,1408.62512,0.00000,13.54673,14.54673,2.66728,113.13455,-1.98506,47.28415,6.04600,5964.97461,4828.26318,0.00000,5964.97559,47.50000,6.00000,11145.00000,11710.00000,3.00000,11300.00000,10820.00000,3.00000,3.00000,2.00000,267.44498,154.32344,38.70714,-0.65396,0.00000,3.00000,1.00000,359.53384,-113.53531,0.00000,-2.50000,0.00000,289.00000,0.00000,89.99978,0.00000,210.00000,0.00000,89.99978,0.00000,0.00000,2.00000,1.00000,38.70714,113.72632,20.42926,3.00000,10940.00000,
1231.85498,1411.12476,1409.62207,0.00000,13.54701,14.54701,2.66756,113.13518,-1.98527,47.28390,6.04677,5964.97461,4820.79688,0.00000,5964.97217,47.50000,6.00000,11145.00000,11710.00000,3.00000,11300.00000,10820.00000,3.00000,3.00000,2.00000,267.46811,154.34586,38.73861,-0.65967,0.00000,3.00000,1.00000,359.50452,-113.56506,0.00000,-2.50000,0.00000,289.00000,0.00000,89.99978,0.00000,210.00000,0.00000,89.99978,0.00000,0.00000,2.00000,1.00000,38.73861,113.55747,20.45845,3.00000,10940.00000,
1232.84583,1412.12976,1410.62720,0.00000,13.54729,14.54729,2.66784,113.13558,-1.98547,47.28365,6.04756,5964.97461,4813.26855,0.00000,5964.97363,47.50000,6.00000,11145.00000,11710.00000,3.00000,11300.00000,10820.00000,3.00000,3.00000,2.00000,267.49072,154.36856,38.77034,-0.66537,0.00000,3.00000,1.00000,359.47516,-113.59495,0.00000,-2.50000,0.00000,289.00000,0.00000,89.99978,0.00000,210.00000,0.00000,89.99978,0.00000,0.00000,2.00000,1.00000,38.77034,113.75767,20.46326,3.00000,10940.00000,
1233.84973,1413.14490,1411.64233,0.00000,13.54757,14.54757,2.66812,113.13576,-1.98568,47.28340,6.04835,5964.97461,4805.66211,0.00000,5964.97949,47.50000,6.00000,11145.00000,11710.00000,3.00000,11300.00000,10820.00000,3.00000,3.00000,2.00000,267.51346,154.39122,38.80240,-0.67110,0.00000,3.00000,1.00000,359.44553,-113.62484,0.00000,-2.50000,0.00000,289.00000,0.00000,89.99978,0.00000,210.00000,0.00000,89.99978,0.00000,0.00000,2.00000,1.00000,38.80240,113.47630,20.48406,3.00000,10940.00000,
1234.84924,1414.14453,1412.64185,0.00000,13.54784,14.54784,2.66840,113.13576,-1.98588,47.28315,6.04913,5964.97461,4798.17041,0.00000,5964.98242,47.50000,6.00000,11145.00000,11710.00000,3.00000,11300.00000,10820.00000,3.00000,3.00000,2.00000,267.53589,154.41304,38.83398,-0.67666,0.00000,3.00000,1.00000,359.41626,-113.65443,0.00000,-2.50000,0.00000,289.00000,0.00000,89.99978,0.00000,210.00000,0.00000,89.99978,0.00000,0.00000,2.00000,1.00000,38.83398,113.81606,20.47561,3.00000,10940.00000,
1235.84302,1415.13831,1413.63562,0.00000,13.54812,14.54812,2.66867,113.13576,-1.98609,47.28290,6.04990,5964.97412,4808.09473,0.00000,5964.98193,47.50000,6.00000,11145.00000,11710.00000,3.00000,11300.00000,10820.00000,3.00000,3.00000,2.00000,267.55859,154.43513,38.86537,-0.68230,0.00000,3.00000,1.00000,359.38690,-113.68398,0.00000,-2.50000,0.00000,289.00000,0.00000,89.99978,0.00000,210.00000,0.00000,89.99978,0.00000,0.00000,2.00000,1.00000,38.86537,113.66162,20.48882,3.00000,10940.00000,
1236.83838,1416.13354,1414.63098,0.00000,13.54840,14.54840,2.66895,113.13597,-1.98629,47.28265,6.05068,5964.97363,4821.96240,0.00000,5964.97412,47.50000,6.00000,11145.00000,11710.00000,3.00000,11300.00000,10820.00000,3.00000,3.00000,2.00000,267.58115,154.45802,38.89682,-0.68802,0.00000,3.00000,1.00000,359.35757,-113.71369,0.00000,-2.50000,0.00000,289.00000,0.00000,89.99978,0.00000,210.00000,0.00000,89.99978,0.00000,0.00000,2.00000,1.00000,38.89682,113.64401,20.50059,3.00000,10940.00000,
1237.83240,1417.14331,1415.64075,0.00000,13.54868,14.54868,2.66923,113.13604,-1.98650,47.28240,6.05147,5964.97363,4830.95166,0.00000,5964.97363,47.50000,6.00000,11145.00000,11710.00000,3.00000,11300.00000,10820.00000,3.00000,3.00000,2.00000,267.60370,154.48068,38.92874,-0.69364,0.00000,3.00000,1.00000,359.32825,-113.74349,0.00000,-2.50000,0.00000,289.00000,0.00000,89.99978,0.00000,210.00000,0.00000,89.99978,0.00000,0.00000,2.00000,1.00000,38.92874,113.76621,20.52453,3.00000,10940.00000,
1238.83752,1418.14844,1416.64587,0.00000,13.54896,14.54896,2.66951,113.13641,-1.98670,47.28215,6.05225,5964.97314,4834.30371,0.00000,5964.97021,47.50000,6.00000,11145.00000,11710.00000,3.00000,11300.00000,10820.00000,3.00000,3.00000,2.00000,267.62640,154.50305,38.96051,-0.69931,0.00000,3.00000,1.00000,359.29865,-113.77322,0.00000,-2.50000,0.00000,289.00000,0.00000,89.99978,0.00000,210.00000,0.00000,89.99978,0.00000,0.00000,2.00000,1.00000,38.96051,113.80008,20.56045,3.00000,10940.00000,
1239.83142,1419.14697,1417.64441,0.00000,13.54923,14.54923,2.66979,113.13712,-1.98690,47.28190,6.05303,5964.97363,4837.63232,0.00000,5964.96533,47.50000,6.00000,11145.00000,11710.00000,3.00000,11300.00000,10820.00000,3.00000,3.00000,2.00000,267.64902,154.52530,38.99210,-0.70495,0.00000,3.00000,1.00000,359.26926,-113.80291,0.00000,-2.50000,0.00000,289.00000,0.00000,89.99978,0.00000,210.00000,0.00000,89.99978,0.00000,0.00000,2.00000,1.00000,38.99210,113.83231,20.52860,3.00000,10940.00000,
1240.83252,1420.14819,1418.64551,0.00000,13.54951,14.54951,2.67006,113.13744,-1.98711,47.28165,6.05381,5964.97412,4840.96729,0.00000,5964.97266,47.50000,6.00000,11145.00000,11710.00000,3.00000,11300.00000,10820.00000,3.00000,3.00000,2.00000,267.67117,154.54712,39.02375,-0.71051,0.00000,3.00000,1.00000,359.24033,-113.83241,0.00000,-2.50000,0.00000,289.00000,0.00000,89.99978,0.00000,210.00000,0.00000,89.99978,0.00000,0.00000,2.00000,1.00000,39.02375,113.71994,20.55689,3.00000,10940.00000,
1241.83093,1421.14648,1419.64392,0.00000,13.54979,14.54979,2.67034,113.13749,-1.98731,47.28141,6.05459,5964.97510,4844.29150,0.00000,5964.96924,47.50000,6.00000,11145.00000,11710.00000,3.00000,11300.00000,10820.00000,3.00000,3.00000,2.00000,267.69409,154.56950,39.05532,-0.71622,0.00000,3.00000,1.00000,359.21072,-113.86198,0.00000,-2.50000,0.00000,289.00000,0.00000,89.99978,0.00000,210.00000,0.00000,89.99978,0.00000,0.00000,2.00000,1.00000,39.05532,113.62463,20.57199,3.00000,10940.00000,
1242.82153,1422.13708,1420.63452,0.00000,13.55006,14.55006,2.67062,113.13789,-1.98752,47.28116,6.05536,5964.97510,4847.58691,0.00000,5964.97656,47.50000,6.00000,11145.00000,11710.00000,3.00000,11300.00000,10820.00000,3.00000,3.00000,2.00000,267.71616,154.59171,39.08667,-0.72173,0.00000,3.00000,1.00000,359.18219,-113.89114,0.00000,-2.50000,0.00000,289.00000,0.00000,89.99978,0.00000,210.00000,0.00000,89.99978,0.00000,0.00000,2.00000,1.00000,39.08667,113.82141,20.59834,3.00000,10940.00000,
1243.82983,1423.14539,1421.64282,0.00000,13.55034,14.55034,2.67090,113.13834,-1.98772,47.28091,6.05615,5964.97510,4850.93066,0.00000,5964.97510,47.50000,6.00000,11145.00000,11710.00000,3.00000,11300.00000,10820.00000,3.00000,3.00000,2.00000,267.73846,154.61391,39.11857,-0.72735,0.00000,3.00000,1.00000,359.15244,-113.92096,0.00000,-2.50000,0.00000,289.00000,0.00000,89.99978,0.00000,210.00000,0.00000,89.99978,0.00000,0.00000,2.00000,1.00000,39.11857,113.61793,20.60786,3.00000,10940.00000,
1244.83069,1424.14636,1422.64368,0.00000,13.55062,14.55062,2.67117,113.13895,-1.98793,47.28066,6.05693,5964.97510,4853.82959,0.00000,5964.97314,47.50000,6.00000,11145.00000,11710.00000,3.00000,11300.00000,10820.00000,3.00000,3.00000,2.00000,267.76108,154.63615,39.15025,-0.73303,0.00000,3.00000,1.00000,359.12296,-113.95071,0.00000,-2.50000,0.00000,289.00000,0.00000,89.99978,0.00000,210.00000,0.00000,89.99978,0.00000,0.00000,2.00000,1.00000,39.15025,113.81465,20.62189,3.00000,10940.00000,
1245.83142,1425.14709,1423.64441,0.00000,13.55090,14.55090,2.67145,113.13916,-1.98813,47.28041,6.05771,5964.97461,4856.72559,0.00000,5964.97461,47.50000,6.00000,11145.00000,11710.00000,3.00000,11300.00000,10820.00000,3.00000,3.00000,2.00000,267.78326,154.65807,39.18193,-0.73855,0.00000,3.00000,1.00000,359.09372,-113.98032,0.00000,-2.50000,0.00000,289.00000,0.00000,89.99978,0.00000,210.00000,0.00000,89.99978,0.00000,0.00000,2.00000,1.00000,39.18193,114.00275,20.62470,3.00000,10940.00000,
1246.83484,1426.15039,1424.64783,0.00000,13.55118,14.55118,2.67173,113.10804,-1.98833,47.28016,6.05849,5964.97510,4859.62744,0.00000,5964.97998,47.50000,6.00000,11145.00000,11710.00000,3.00000,11300.00000,10820.00000,3.00000,3.00000,2.00000,267.80573,154.67903,39.21370,-0.74413,0.00000,3.00000,1.00000,359.06439,-114.01084,0.00000,-2.50000,0.00000,289.00000,0.00000,89.99978,0.00000,210.00000,0.00000,89.99978,0.00000,0.00000,2.00000,1.00000,39.21370,114.01831,20.63595,3.00000,10940.00000,
1247.82922,1427.14929,1425.64673,0.00000,13.55146,14.55146,2.67201,112.43237,-1.98854,47.27991,6.05927,5964.96582,4862.50244,0.00000,5964.97021,47.50000,6.00000,11145.00000,11710.00000,3.00000,11300.00000,10820.00000,3.00000,3.00000,2.00000,267.82822,154.69792,39.24533,-0.74974,0.00000,3.00000,1.00000,359.03473,-114.04341,0.00000,-2.50000,0.00000,289.00000,0.00000,89.99978,0.00000,210.00000,0.00000,89.99978,0.00000,0.00000,2.00000,1.00000,39.24533,114.01897,20.64405,3.00000,10940.00000,
1248.83154,1428.15161,1426.64905,0.00000,13.55173,14.55173,2.67229,110.31682,-1.98874,47.27967,6.06005,5964.91553,4859.09229,1.00000,5964.95215,47.50000,6.00000,11145.00000,11710.00000,3.00000,11300.00000,10820.00000,3.00000,3.00000,2.00000,267.85049,154.85258,39.27716,-0.75530,0.00000,3.00000,1.00000,359.00574,-113.94046,0.00000,-2.50000,0.00000,289.00000,0.00000,89.99978,0.00000,210.00000,0.00000,89.99978,0.00000,0.00000,2.00000,1.00000,39.27716,114.49660,20.60105,3.00000,10940.00000,
1249.83569,1429.16504,1427.66248,0.00000,13.55202,14.55202,2.67257,106.62341,-1.98895,47.27942,6.06085,5964.73291,4854.11523,1.00000,5964.89014,47.50000,6.00000,11145.00000,11710.00000,3.00000,11300.00000,10820.00000,3.00000,3.00000,2.00000,267.87177,155.35213,39.30954,-0.76074,0.00000,3.00000,1.00000,358.97607,-113.49282,0.00000,-2.50000,0.00000,289.00000,0.00000,89.99978,0.00000,210.00000,0.00000,89.99978,0.00000,0.00000,2.00000,1.00000,39.30954,115.54701,20.45057,3.00000,10940.00000,
1250.83118,1430.16052,1428.65796,0.00000,13.55229,14.55229,2.67284,101.83825,-1.98916,47.27920,6.06164,5964.26318,4868.95605,1.00000,5964.66846,47.50000,6.00000,11145.00000,11710.00000,3.00000,11300.00000,10820.00000,3.00000,3.00000,2.00000,267.89255,156.36702,39.34166,-0.76592,0.00000,3.00000,1.00000,358.94638,-112.52836,0.00000,-2.50000,0.00000,289.00000,0.00000,89.99978,0.00000,210.00000,0.00000,89.99978,0.00000,0.00000,2.00000,1.00000,39.34166,116.84321,20.22879,3.00000,10940.00000,
1251.82825,1431.15747,1429.65491,0.00000,13.55257,14.55257,2.67312,96.92322,-1.98937,47.27900,6.06245,5963.41113,4843.00049,1.00000,5964.16846,47.50000,6.00000,11145.00000,11710.00000,3.00000,11300.00000,10820.00000,3.00000,3.00000,2.00000,267.91321,158.04649,39.37433,-0.77117,0.00000,3.00000,1.00000,358.91653,-110.89954,0.00000,-2.50000,0.00000,289.00000,0.00000,89.99978,0.00000,210.00000,0.00000,89.99978,0.00000,0.00000,2.00000,1.00000,39.37433,118.84307,19.93612,3.00000,10940.00000,
1252.82385,1432.15320,1430.65063,0.00000,13.55285,14.55285,2.67340,92.84632,-1.98958,47.27881,6.06326,5962.31396,4857.30371,1.00000,5963.33594,47.50000,6.00000,11145.00000,11710.00000,3.00000,11300.00000,10820.00000,3.00000,3.00000,2.00000,267.93188,160.33620,39.40751,-0.77589,0.00000,3.00000,1.00000,358.88556,-108.65984,0.00000,-2.50000,0.00000,289.00000,0.00000,89.99978,0.00000,210.00000,0.00000,89.99978,0.00000,0.00000,2.00000,1.00000,39.40751,120.74831,19.59975,3.00000,10940.00000,
1253.82153,1433.15088,1431.64832,0.00000,13.55312,14.55312,2.67368,90.01968,-1.98980,47.27866,6.06409,5961.22510,4876.41943,1.00000,5962.29346,47.50000,6.00000,11145.00000,11710.00000,3.00000,11300.00000,10820.00000,3.00000,3.00000,2.00000,267.94647,163.10692,39.44129,-0.77987,0.00000,3.00000,1.00000,358.85449,-105.93785,0.00000,-2.50000,0.00000,289.00000,0.00000,89.99978,0.00000,210.00000,0.00000,89.99978,0.00000,0.00000,2.00000,1.00000,39.44129,122.99902,19.31104,3.00000,10940.00000,
1254.81604,1434.14539,1432.64282,0.00000,13.55340,14.55340,2.67395,88.49186,-1.99002,47.27855,6.06493,5960.38184,4904.02686,1.00000,5961.26807,47.50000,6.00000,11145.00000,11710.00000,3.00000,11300.00000,10820.00000,3.00000,3.00000,2.00000,267.95969,166.17720,39.47544,-0.78320,0.00000,3.00000,1.00000,358.82346,-102.91348,0.00000,-2.50000,0.00000,289.00000,0.00000,89.99978,0.00000,210.00000,0.00000,89.99978,0.00000,0.00000,2.00000,1.00000,39.47544,124.30347,19.08190,3.00000,10940.00000,
1255.82129,1435.15063,1433.64795,0.00000,13.55368,14.55368,2.67423,87.98840,-1.99024,47.27846,6.06579,5959.88477,4931.34131,1.00000,5960.45459,47.50000,6.00000,11145.00000,11710.00000,3.00000,11300.00000,10820.00000,3.00000,3.00000,2.00000,267.97128,169.44424,39.51035,-0.78631,0.00000,3.00000,1.00000,358.79169,-99.69158,0.00000,-2.50000,0.00000,289.00000,0.00000,89.99978,0.00000,210.00000,0.00000,89.99978,0.00000,0.00000,2.00000,1.00000,39.51035,125.47607,18.91107,3.00000,10940.00000,
1256.82202,1436.15137,1434.64880,0.00000,13.55396,14.55396,2.67451,88.15401,-1.99046,47.27840,6.06665,5959.74268,4957.84717,1.00000,5959.97119,47.50000,6.00000,11145.00000,11710.00000,3.00000,11300.00000,10820.00000,3.00000,3.00000,2.00000,267.97797,172.74248,39.54536,-0.78818,0.00000,3.00000,1.00000,358.76059,-96.43512,0.00000,-2.50000,0.00000,289.00000,0.00000,89.99978,0.00000,210.00000,0.00000,89.99978,0.00000,0.00000,2.00000,1.00000,39.54536,126.39729,18.80917,3.00000,10940.00000,
1257.82935,1437.15857,1435.65601,0.00000,13.55424,14.55424,2.67479,88.65451,-1.99069,47.27839,6.06752,5959.87402,4983.68018,1.00000,5959.81543,47.50000,6.00000,11145.00000,11710.00000,3.00000,11300.00000,10820.00000,3.00000,3.00000,2.00000,267.98419,176.03395,39.58075,-0.78975,0.00000,3.00000,1.00000,358.72836,-93.18297,0.00000,-2.50000,0.00000,289.00000,0.00000,89.99978,0.00000,210.00000,0.00000,89.99978,0.00000,0.00000,2.00000,1.00000,39.58075,126.67378,18.76783,3.00000,10940.00000,
1258.82642,1438.15576,1436.65320,0.00000,13.55451,14.55451,2.67507,89.20882,-1.99091,47.27840,6.06838,5960.16406,5005.11768,1.00000,5959.91895,47.50000,6.00000,11145.00000,11710.00000,3.00000,11300.00000,10820.00000,3.00000,3.00000,2.00000,267.98456,179.22664,39.61576,-0.79021,0.00000,3.00000,1.00000,358.69632,-90.02689,0.00000,-2.50000,0.00000,289.00000,0.00000,89.99978,0.00000,210.00000,0.00000,89.99978,0.00000,0.00000,2.00000,1.00000,39.61576,126.54471,18.80216,3.00000,10940.00000,
1259.83044,1439.15979,1437.65723,0.00000,13.55479,14.55479,2.67534,89.51456,-1.99113,47.27845,6.06924,5960.51563,5015.02588,1.00000,5960.18213,47.50000,6.00000,11145.00000,11710.00000,3.00000,11300.00000,10820.00000,3.00000,3.00000,2.00000,267.98456,-177.63635,39.65094,-0.79022,0.00000,3.00000,1.00000,358.66449,-86.92367,0.00000,-2.50000,0.00000,289.00000,0.00000,89.99978,0.00000,210.00000,0.00000,89.99978,0.00000,0.00000,2.00000,1.00000,39.65094,125.96046,18.89344,3.00000,10940.00000,
1260.82703,1440.15637,1438.65381,0.00000,13.55507,14.55507,2.67562,89.48444,-1.99135,47.27852,6.07009,5960.84912,5028.62256,1.00000,5960.51367,47.50000,6.00000,11145.00000,11710.00000,3.00000,11300.00000,10820.00000,3.00000,3.00000,2.00000,267.98053,-174.59395,39.68566,-0.78955,0.00000,3.00000,1.00000,358.63263,-83.91249,0.00000,-2.50000,0.00000,289.00000,0.00000,89.99978,0.00000,210.00000,0.00000,89.99978,0.00000,0.00000,2.00000,1.00000,39.68566,125.09646,19.02355,3.00000,10940.00000,
1261.83313,1441.16821,1439.66565,0.00000,13.55535,14.55535,2.67590,89.14984,-1.99157,47.27863,6.07094,5961.13135,5039.36670,1.00000,5960.84326,47.50000,6.00000,11145.00000,11710.00000,3.00000,11300.00000,10820.00000,3.00000,3.00000,2.00000,267.97369,-171.56548,39.72064,-0.78792,0.00000,3.00000,1.00000,358.59976,-80.91244,0.00000,-2.50000,0.00000,289.00000,0.00000,89.99978,0.00000,210.00000,0.00000,89.99978,0.00000,0.00000,2.00000,1.00000,39.72064,124.04250,19.19147,3.00000,10940.00000,
1262.83740,1442.17249,1440.66992,0.00000,13.55563,14.55563,2.67618,88.57098,-1.99179,47.27876,6.07178,5961.33838,5049.47754,1.00000,5961.11182,47.50000,6.00000,11145.00000,11710.00000,3.00000,11300.00000,10820.00000,3.00000,3.00000,2.00000,267.96628,-168.60246,39.75497,-0.78618,0.00000,3.00000,1.00000,358.56824,-77.97583,0.00000,-2.50000,0.00000,289.00000,0.00000,89.99978,0.00000,210.00000,0.00000,89.99978,0.00000,0.00000,2.00000,1.00000,39.75497,122.21410,19.46099,3.00000,10940.00000,
1263.82458,1443.15967,1441.65698,0.00000,13.55590,14.55590,2.67646,87.80506,-1.99200,47.27892,6.07260,5961.47607,5059.20264,1.00000,5961.32373,47.50000,6.00000,11145.00000,11710.00000,3.00000,11300.00000,10820.00000,3.00000,3.00000,2.00000,267.95407,-165.71820,39.78829,-0.78339,0.00000,3.00000,1.00000,358.53741,-75.11406,0.00000,-2.50000,0.00000,289.00000,0.00000,89.99978,0.00000,210.00000,0.00000,89.99978,0.00000,0.00000,2.00000,1.00000,39.78829,120.69986,19.72195,3.00000,10940.00000,
1264.83533,1444.18140,1442.67883,0.00000,13.55619,14.55619,2.67674,86.82630,-1.99221,47.27912,6.07343,5961.56104,5069.03320,1.00000,5961.45996,47.50000,6.00000,11145.00000,11710.00000,3.00000,11300.00000,10820.00000,3.00000,3.00000,2.00000,267.93997,-162.75014,39.82223,-0.77993,0.00000,3.00000,1.00000,358.50620,-72.16570,0.00000,-2.50000,0.00000,289.00000,0.00000,89.99978,0.00000,210.00000,0.00000,89.99978,0.00000,0.00000,2.00000,1.00000,39.82223,118.53717,20.11730,3.00000,10940.00000,
1265.83960,1445.19421,1443.69165,0.00000,13.55647,14.55647,2.67702,85.67287,-1.99242,47.27934,6.07423,5961.60400,5071.48877,1.00000,5961.54980,47.50000,6.00000,11145.00000,11710.00000,3.00000,11300.00000,10820.00000,3.00000,3.00000,2.00000,267.92465,-159.81477,39.85526,-0.77625,0.00000,3.00000,1.00000,358.47580,-69.24769,0.00000,-2.50000,0.00000,289.00000,0.00000,89.99978,0.00000,210.00000,0.00000,89.99978,0.00000,0.00000,2.00000,1.00000,39.85526,116.50974,20.49558,3.00000,10940.00000,
1266.82874,1446.19958,1444.69690,0.00000,13.55675,14.55675,2.67730,84.33752,-1.99262,47.27959,6.07502,5961.62061,5085.64209,1.00000,5961.59814,47.50000,6.00000,11145.00000,11710.00000,3.00000,11300.00000,10820.00000,3.00000,3.00000,2.00000,267.90573,-156.90358,39.88731,-0.77162,0.00000,3.00000,1.00000,358.44614,-66.35045,0.00000,-2.50000,0.00000,289.00000,0.00000,89.99978,0.00000,210.00000,0.00000,89.99978,0.00000,0.00000,2.00000,1.00000,39.88731,113.56607,21.00147,3.00000,10940.00000,
1267.83655,1447.21252,1445.70996,0.00000,13.55703,14.55703,2.67758,82.77268,-1.99281,47.27987,6.07578,5961.62354,5092.93506,1.00000,5961.61816,47.50000,6.00000,11145.00000,11710.00000,3.00000,11300.00000,10820.00000,3.00000,3.00000,2.00000,267.88458,-153.96831,39.91882,-0.76655,0.00000,3.00000,1.00000,358.41647,-63.42649,0.00000,-2.50000,0.00000,289.00000,0.00000,89.99978,0.00000,210.00000,0.00000,89.99978,0.00000,0.00000,2.00000,1.00000,39.91882,110.78240,21.57197,3.00000,10940.00000,
1268.83887,1448.21924,1446.71667,0.00000,13.55731,14.55731,2.67786,80.79039,-1.99300,47.28017,6.07653,5961.64697,5091.48486,1.00000,5961.61865,47.50000,6.00000,11145.00000,11710.00000,3.00000,11300.00000,10820.00000,3.00000,3.00000,2.00000,267.86151,-151.04980,39.94927,-0.76092,0.00000,3.00000,1.00000,358.38782,-60.51654,0.00000,-2.50000,0.00000,289.00000,0.00000,89.99978,0.00000,210.00000,0.00000,89.99978,0.00000,0.00000,2.00000,1.00000,39.94927,107.48330,22.21445,3.00000,10940.00000,
1269.83716,1449.22192,1447.71936,0.00000,13.55759,14.55759,2.67814,78.18195,-1.99318,47.28049,6.07724,5961.77100,5094.82959,1.00000,5961.66504,47.50000,6.00000,11145.00000,11710.00000,3.00000,11300.00000,10820.00000,3.00000,3.00000,2.00000,267.83578,-148.19209,39.97869,-0.75458,0.00000,3.00000,1.00000,358.35907,-57.66421,0.00000,-2.50000,0.00000,289.00000,0.00000,89.99978,0.00000,210.00000,0.00000,89.99978,0.00000,0.00000,2.00000,1.00000,39.97869,104.43218,22.94217,3.00000,10940.00000,
1270.84570,1450.23047,1448.72791,0.00000,13.55787,14.55787,2.67842,74.93928,-1.99336,47.28084,6.07794,5962.05127,5111.55176,1.00000,5961.81104,47.50000,6.00000,11145.00000,11710.00000,3.00000,11300.00000,10820.00000,3.00000,3.00000,2.00000,267.80740,-145.43399,40.00734,-0.74766,0.00000,3.00000,1.00000,358.33087,-54.90894,0.00000,-2.50000,0.00000,289.00000,0.00000,89.99978,0.00000,210.00000,0.00000,89.99978,0.00000,0.00000,2.00000,1.00000,40.00734,100.74749,23.72008,3.00000,10940.00000,
1271.84717,1451.23206,1449.72937,0.00000,13.55815,14.55815,2.67870,71.23769,-1.99353,47.28120,6.07861,5962.47705,5107.30664,1.00000,5962.09131,47.50000,6.00000,11145.00000,11710.00000,3.00000,11300.00000,10820.00000,3.00000,3.00000,2.00000,267.77875,-142.86905,40.03486,-0.74051,0.00000,3.00000,1.00000,358.30511,-52.34396,0.00000,-2.50000,0.00000,289.00000,0.00000,89.99978,0.00000,210.00000,0.00000,89.99978,0.00000,0.00000,2.00000,1.00000,40.03486,97.46412,24.53523,3.00000,10940.00000,
1272.84827,1452.23303,1450.73047,0.00000,13.55842,14.55842,2.67898,67.31546,-1.99369,47.28159,6.07925,5962.99707,5102.48096,1.00000,5962.50146,47.50000,6.00000,11145.00000,11710.00000,3.00000,11300.00000,10820.00000,3.00000,3.00000,2.00000,267.74808,-140.51683,40.06152,-0.73305,0.00000,3.00000,1.00000,358.28058,-49.98895,0.00000,-2.50000,0.00000,289.00000,0.00000,89.99978,0.00000,210.00000,0.00000,89.99978,0.00000,0.00000,2.00000,1.00000,40.06152,94.47820,25.30915,3.00000,10940.00000,
1273.84888,1453.23364,1451.73108,0.00000,13.55870,14.55870,2.67925,63.41282,-1.99385,47.28199,6.07988,5963.54102,5098.52393,1.00000,5963.01074,47.50000,6.00000,11145.00000,11710.00000,3.00000,11300.00000,10820.00000,3.00000,3.00000,2.00000,267.71420,-138.39589,40.08735,-0.72475,0.00000,3.00000,1.00000,358.25656,-47.86155,0.00000,-2.50000,0.00000,289.00000,0.00000,89.99978,0.00000,210.00000,0.00000,89.99978,0.00000,0.00000,2.00000,1.00000,40.08735,91.90283,26.08131,3.00000,10940.00000,
1274.84607,1454.26208,1452.75952,0.00000,13.55899,14.55899,2.67954,59.59891,-1.99401,47.28241,6.08050,5964.06250,5088.52539,1.00000,5963.55176,47.50000,6.00000,11145.00000,11710.00000,3.00000,11300.00000,10820.00000,3.00000,3.00000,2.00000,267.67969,-136.45392,40.11310,-0.71607,0.00000,3.00000,1.00000,358.23276,-45.91049,0.00000,-2.50000,0.00000,289.00000,0.00000,89.99978,0.00000,210.00000,0.00000,89.99978,0.00000,0.00000,2.00000,1.00000,40.11310,89.29566,26.92846,3.00000,10940.00000,
1275.84021,1455.25623,1453.75366,0.00000,13.55926,14.55926,2.67982,56.21604,-1.99416,47.28283,6.08109,5964.48926,5078.87695,1.00000,5964.03906,47.50000,6.00000,11145.00000,11710.00000,3.00000,11300.00000,10820.00000,3.00000,3.00000,2.00000,267.64490,-134.79202,40.13733,-0.70745,0.00000,3.00000,1.00000,358.21021,-44.23806,0.00000,-2.50000,0.00000,289.00000,0.00000,89.99978,0.00000,210.00000,0.00000,89.99978,0.00000,0.00000,2.00000,1.00000,40.13733,86.91938,27.67236,3.00000,10940.00000,
1276.84387,1456.25989,1454.75720,0.00000,13.55954,14.55954,2.68009,53.15948,-1.99430,47.28326,6.08166,5964.82764,5071.83545,1.00000,5964.46729,47.50000,6.00000,11145.00000,11710.00000,3.00000,11300.00000,10820.00000,3.00000,3.00000,2.00000,267.60962,-133.30641,40.16117,-0.69863,0.00000,3.00000,1.00000,358.18713,-42.74068,0.00000,-2.50000,0.00000,289.00000,0.00000,89.99978,0.00000,210.00000,0.00000,89.99978,0.00000,0.00000,2.00000,1.00000,40.16117,84.58353,28.40388,3.00000,10940.00000,
1277.84851,1457.26453,1455.76184,0.00000,13.55982,14.55982,2.68037,50.46817,-1.99444,47.28370,6.08222,5965.07471,5065.16113,1.00000,5964.80811,47.50000,6.00000,11145.00000,11710.00000,3.00000,11300.00000,10820.00000,3.00000,3.00000,2.00000,267.57352,-131.98730,40.18451,-0.68967,0.00000,3.00000,1.00000,358.16544,-41.40886,0.00000,-2.50000,0.00000,289.00000,0.00000,89.99978,0.00000,210.00000,0.00000,89.99978,0.00000,0.00000,2.00000,1.00000,40.18451,82.80914,29.00329,3.00000,10940.00000,
1278.85205,1458.28210,1456.77954,0.00000,13.56010,14.56010,2.68066,48.09326,-1.99458,47.28416,6.08278,5965.24414,5035.89600,1.00000,5965.05420,47.50000,6.00000,11145.00000,11710.00000,3.00000,11300.00000,10820.00000,3.00000,3.00000,2.00000,267.53555,-130.79697,40.20761,-0.68028,0.00000,3.00000,1.00000,358.14365,-40.20390,0.00000,-2.50000,0.00000,289.00000,0.00000,89.99978,0.00000,210.00000,0.00000,89.99978,0.00000,0.00000,2.00000,1.00000,40.20761,81.23936,29.67228,3.00000,10940.00000,
1279.85645,1459.28650,1457.78394,0.00000,13.56038,14.56038,2.68093,46.05234,-1.99472,47.28461,6.08332,5965.34961,4994.08984,1.00000,5965.23047,47.50000,6.00000,11145.00000,11710.00000,3.00000,11300.00000,10820.00000,3.00000,3.00000,2.00000,267.49686,-129.74269,40.22996,-0.67062,0.00000,3.00000,1.00000,358.12228,-39.13372,0.00000,-2.50000,0.00000,289.00000,0.00000,89.99978,0.00000,210.00000,0.00000,89.99978,0.00000,0.00000,2.00000,1.00000,40.22996,79.65308,30.27795,3.00000,10940.00000,
1280.86194,1460.29688,1458.79431,0.00000,13.56066,14.56066,2.68122,44.25309,-1.99485,47.28508,6.08385,5965.41064,4952.00830,1.00000,5965.33643,47.50000,6.00000,11145.00000,11710.00000,3.00000,11300.00000,10820.00000,3.00000,3.00000,2.00000,267.45798,-128.78204,40.25200,-0.66093,0.00000,3.00000,1.00000,358.10104,-38.15615,0.00000,-2.50000,0.00000,289.00000,0.00000,89.99978,0.00000,210.00000,0.00000,89.99978,0.00000,0.00000,2.00000,1.00000,40.25200,77.93587,30.91591,3.00000,10940.00000,
1281.85791,1461.29272,1459.79016,0.00000,13.56094,14.56094,2.68149,42.68043,-1.99498,47.28555,6.08436,5965.44238,4915.67480,1.00000,5965.39795,47.50000,6.00000,11145.00000,11710.00000,3.00000,11300.00000,10820.00000,3.00000,3.00000,2.00000,267.41864,-127.91758,40.27334,-0.65116,0.00000,3.00000,1.00000,358.08035,-37.27401,0.00000,-2.50000,0.00000,289.00000,0.00000,89.99978,0.00000,210.00000,0.00000,89.99978,0.00000,0.00000,2.00000,1.00000,40.27334,76.30562,31.41845,3.00000,10940.00000,
1282.85107,1462.28589,1460.78333,0.00000,13.56122,14.56122,2.68177,41.26974,-1.99511,47.28601,6.08486,5965.45557,4906.99951,0.00000,5965.43262,47.50000,6.00000,11145.00000,11710.00000,3.00000,11300.00000,10820.00000,3.00000,3.00000,2.00000,267.37909,-127.12486,40.29426,-0.64133,0.00000,3.00000,1.00000,358.05966,-36.46313,0.00000,-2.50000,0.00000,289.00000,0.00000,89.99978,0.00000,210.00000,0.00000,89.99978,0.00000,0.00000,2.00000,1.00000,40.29426,75.28593,32.05804,3.00000,10940.00000,
1283.85156,1463.28650,1461.78394,0.00000,13.56149,14.56149,2.68205,39.97546,-1.99523,47.28648,6.08536,5965.45801,4901.06836,0.00000,5965.44824,47.50000,6.00000,11145.00000,11710.00000,3.00000,11300.00000,10820.00000,3.00000,3.00000,2.00000,267.33990,-126.38718,40.31502,-0.63147,0.00000,3.00000,1.00000,358.04062,-35.70624,0.00000,-2.50000,0.00000,289.00000,0.00000,89.99978,0.00000,210.00000,0.00000,89.99978,0.00000,0.00000,2.00000,1.00000,40.31502,74.16127,32.51719,3.00000,10940.00000,
1284.85828,1464.29309,1462.79053,0.00000,13.56177,14.56177,2.68233,38.77754,-1.99535,47.28697,6.08585,5965.45459,4894.24805,0.00000,5965.44189,47.50000,6.00000,11145.00000,11710.00000,3.00000,11300.00000,10820.00000,3.00000,3.00000,2.00000,267.29907,-125.70055,40.33558,-0.62133,0.00000,3.00000,1.00000,358.02069,-34.99931,0.00000,-2.50000,0.00000,289.00000,0.00000,89.99978,0.00000,210.00000,0.00000,89.99978,0.00000,0.00000,2.00000,1.00000,40.33558,73.39172,33.03377,3.00000,10940.00000,
1285.85486,1465.29529,1463.79272,0.00000,13.56205,14.56205,2.68260,37.67251,-1.99547,47.28745,6.08633,5965.44824,4885.92627,0.00000,5965.44727,47.50000,6.00000,11145.00000,11710.00000,3.00000,11300.00000,10820.00000,3.00000,3.00000,2.00000,267.25851,-125.06776,40.35572,-0.61121,0.00000,3.00000,1.00000,358.00229,-34.34547,0.00000,-2.50000,0.00000,289.00000,0.00000,89.99978,0.00000,210.00000,0.00000,89.99978,0.00000,0.00000,2.00000,1.00000,40.35572,71.70590,33.65319,3.00000,10940.00000,
1286.85095,1466.29773,1464.79517,0.00000,13.56233,14.56233,2.68288,36.64458,-1.99559,47.28794,6.08680,5965.43994,4875.43262,0.00000,5965.44482,47.50000,6.00000,11145.00000,11710.00000,3.00000,11300.00000,10820.00000,3.00000,3.00000,2.00000,267.21744,-124.48165,40.37563,-0.60097,0.00000,3.00000,1.00000,357.98355,-33.73754,0.00000,-2.50000,0.00000,289.00000,0.00000,89.99978,0.00000,210.00000,0.00000,89.99978,0.00000,0.00000,2.00000,1.00000,40.37563,71.43800,34.01839,3.00000,10940.00000,
1287.85437,1467.30115,1465.79858,0.00000,13.56261,14.56261,2.68316,35.68710,-1.99571,47.28843,6.08727,5965.43018,4861.71240,0.00000,5965.43896,47.50000,6.00000,11145.00000,11710.00000,3.00000,11300.00000,10820.00000,3.00000,3.00000,2.00000,267.17633,-123.93919,40.39527,-0.59068,0.00000,3.00000,1.00000,357.96558,-33.17262,0.00000,-2.50000,0.00000,289.00000,0.00000,89.99978,0.00000,210.00000,0.00000,89.99978,0.00000,0.00000,2.00000,1.00000,40.39527,69.96357,34.58644,3.00000,10940.00000,
1288.86133,1468.30811,1466.80542,0.00000,13.56289,14.56289,2.68344,34.79469,-1.99582,47.28893,6.08773,5965.41846,4846.46484,0.00000,5965.42432,47.50000,6.00000,11145.00000,11710.00000,3.00000,11300.00000,10820.00000,3.00000,3.00000,2.00000,267.13467,-123.43623,40.41475,-0.58031,0.00000,3.00000,1.00000,357.94794,-32.64653,0.00000,-2.50000,0.00000,289.00000,0.00000,89.99978,0.00000,210.00000,0.00000,89.99978,0.00000,0.00000,2.00000,1.00000,40.41475,69.18696,34.99907,3.00000,10940.00000,
1289.85522,1469.30188,1467.79932,0.00000,13.56317,14.56317,2.68372,33.97870,-1.99594,47.28942,6.08818,5965.40576,4831.22461,0.00000,5965.41895,47.50000,6.00000,11145.00000,11710.00000,3.00000,11300.00000,10820.00000,3.00000,3.00000,2.00000,267.09399,-122.97776,40.43375,-0.57007,0.00000,3.00000,1.00000,357.93021,-32.16491,0.00000,-2.50000,0.00000,289.00000,0.00000,89.99978,0.00000,210.00000,0.00000,89.99978,0.00000,0.00000,2.00000,1.00000,40.43375,68.29485,35.39980,3.00000,10940.00000,
1290.85583,1470.30847,1468.80579,0.00000,13.56345,14.56345,2.68400,33.21544,-1.99605,47.28992,6.08863,5965.39209,4815.61279,0.00000,5965.40332,47.50000,6.00000,11145.00000,11710.00000,3.00000,11300.00000,10820.00000,3.00000,3.00000,2.00000,267.05255,-122.54868,40.45280,-0.55976,0.00000,3.00000,1.00000,357.91254,-31.71241,0.00000,-2.50000,0.00000,289.00000,0.00000,89.99978,0.00000,210.00000,0.00000,89.99978,0.00000,0.00000,2.00000,1.00000,40.45280,67.81940,35.75934,3.00000,10940.00000,
1291.85779,1471.31592,1469.81335,0.00000,13.56373,14.56373,2.68428,32.51209,-1.99616,47.29042,6.08908,5965.37744,4799.81689,0.00000,5965.38867,47.50000,6.00000,11145.00000,11710.00000,3.00000,11300.00000,10820.00000,3.00000,3.00000,2.00000,267.01065,-122.15223,40.47169,-0.54928,0.00000,3.00000,1.00000,357.89493,-31.29173,0.00000,-2.50000,0.00000,289.00000,0.00000,89.99978,0.00000,210.00000,0.00000,89.99978,0.00000,0.00000,2.00000,1.00000,40.47169,66.94237,36.08014,3.00000,10940.00000,
1292.86353,1472.32166,1470.81909,0.00000,13.56400,14.56400,2.68456,31.86661,-1.99627,47.29092,6.08952,5965.36279,4787.01807,0.00000,5965.37305,47.50000,6.00000,11145.00000,11710.00000,3.00000,11300.00000,10820.00000,3.00000,3.00000,2.00000,266.96854,-121.78629,40.49034,-0.53878,0.00000,3.00000,1.00000,357.87796,-30.90138,0.00000,-2.50000,0.00000,289.00000,0.00000,89.99978,0.00000,210.00000,0.00000,89.99978,0.00000,0.00000,2.00000,1.00000,40.49034,66.54601,36.44354,3.00000,10940.00000,
1293.86865,1473.32678,1471.82410,0.00000,13.56428,14.56428,2.68483,31.27371,-1.99638,47.29143,6.08996,5965.34717,4779.20752,0.00000,5965.36426,47.50000,6.00000,11145.00000,11710.00000,3.00000,11300.00000,10820.00000,3.00000,3.00000,2.00000,266.92670,-121.44730,40.50883,-0.52830,0.00000,3.00000,1.00000,357.86047,-30.53779,0.00000,-2.50000,0.00000,289.00000,0.00000,89.99978,0.00000,210.00000,0.00000,89.99978,0.00000,0.00000,2.00000,1.00000,40.50883,66.24335,36.82394,3.00000,10940.00000,
1294.86475,1474.32947,1472.82690,0.00000,13.56456,14.56456,2.68511,30.72925,-1.99648,47.29193,6.09039,5965.33154,4772.03613,0.00000,5965.33496,47.50000,6.00000,11145.00000,11710.00000,3.00000,11300.00000,10820.00000,3.00000,3.00000,2.00000,266.88446,-121.13271,40.52711,-0.51777,0.00000,3.00000,1.00000,357.84384,-30.19837,0.00000,-2.50000,0.00000,289.00000,0.00000,89.99978,0.00000,210.00000,0.00000,89.99978,0.00000,0.00000,2.00000,1.00000,40.52711,65.44541,37.10320,3.00000,10940.00000,
1295.86401,1475.32874,1473.82617,0.00000,13.56484,14.56484,2.68539,30.22829,-1.99659,47.29244,6.09081,5965.31592,4772.71143,0.00000,5965.33301,47.50000,6.00000,11145.00000,11710.00000,3.00000,11300.00000,10820.00000,3.00000,3.00000,2.00000,266.84280,-120.84019,40.54518,-0.50736,0.00000,3.00000,1.00000,357.82709,-29.88100,0.00000,-2.50000,0.00000,289.00000,0.00000,89.99978,0.00000,210.00000,0.00000,89.99978,0.00000,0.00000,2.00000,1.00000,40.54518,64.85506,37.44311,3.00000,10940.00000,
1296.86914,1476.34058,1474.83801,0.00000,13.56512,14.56512,2.68567,29.75847,-1.99669,47.29296,6.09124,5965.30029,4773.37598,0.00000,5965.31006,47.50000,6.00000,11145.00000,11710.00000,3.00000,11300.00000,10820.00000,3.00000,3.00000,2.00000,266.79950,-120.56333,40.56334,-0.49658,0.00000,3.00000,1.00000,357.80991,-29.57846,0.00000,-2.50000,0.00000,289.00000,0.00000,89.99978,0.00000,210.00000,0.00000,89.99978,0.00000,0.00000,2.00000,1.00000,40.56334,64.32298,37.74443,3.00000,10940.00000,
1297.86584,1477.33728,1475.83472,0.00000,13.56540,14.56540,2.68595,29.32790,-1.99680,47.29346,6.09165,5965.28564,4770.15186,0.00000,5965.29785,47.50000,6.00000,11145.00000,11710.00000,3.00000,11300.00000,10820.00000,3.00000,3.00000,2.00000,266.75720,-120.30751,40.58112,-0.48602,0.00000,3.00000,1.00000,357.79364,-29.29704,0.00000,-2.50000,0.00000,289.00000,0.00000,89.99978,0.00000,210.00000,0.00000,89.99978,0.00000,0.00000,2.00000,1.00000,40.58112,64.18359,37.98323,3.00000,10940.00000,
1298.86121,1478.33276,1476.83008,0.00000,13.56567,14.56567,2.68623,28.92568,-1.99690,47.29398,6.09206,5965.27100,4766.52539,0.00000,5965.28760,47.50000,6.00000,11145.00000,11710.00000,3.00000,11300.00000,10820.00000,3.00000,3.00000,2.00000,266.71451,-120.06734,40.59873,-0.47533,0.00000,3.00000,1.00000,357.77728,-29.03083,0.00000,-2.50000,0.00000,289.00000,0.00000,89.99978,0.00000,210.00000,0.00000,89.99978,0.00000,0.00000,2.00000,1.00000,40.59873,63.53491,38.27476,3.00000,10940.00000,
1299.86597,1479.34436,1477.84167,0.00000,13.56596,14.56596,2.68651,28.54192,-1.99700,47.29449,6.09248,5965.25684,4762.84619,0.00000,5965.27637,47.50000,6.00000,11145.00000,11710.00000,3.00000,11300.00000,10820.00000,3.00000,3.00000,2.00000,266.67117,-119.83704,40.61651,-0.46453,0.00000,3.00000,1.00000,357.76041,-28.77403,0.00000,-2.50000,0.00000,289.00000,0.00000,89.99978,0.00000,210.00000,0.00000,89.99978,0.00000,0.00000,2.00000,1.00000,40.61651,62.94902,38.63686,3.00000,10940.00000,
1300.86633,1480.34460,1478.84204,0.00000,13.56623,14.56623,2.68678,28.18423,-1.99710,47.29501,6.09288,5965.24316,4759.21484,0.00000,5965.25879,47.50000,6.00000,11145.00000,11710.00000,3.00000,11300.00000,10820.00000,3.00000,3.00000,2.00000,266.62888,-119.62187,40.63400,-0.45389,0.00000,3.00000,1.00000,357.74536,-28.53220,0.00000,-2.50000,0.00000,289.00000,0.00000,89.99978,0.00000,210.00000,0.00000,89.99978,0.00000,0.00000,2.00000,1.00000,40.63400,62.59376,38.90709,3.00000,10940.00000,
1301.86523,1481.34363,1479.84094,0.00000,13.56651,14.56651,2.68706,27.84643,-1.99720,47.29552,6.09329,5965.22998,4755.59326,0.00000,5965.23828,47.50000,6.00000,11145.00000,11710.00000,3.00000,11300.00000,10820.00000,3.00000,3.00000,2.00000,266.58615,-119.41813,40.65138,-0.44325,0.00000,3.00000,1.00000,357.72922,-28.30179,0.00000,-2.50000,0.00000,289.00000,0.00000,89.99978,0.00000,210.00000,0.00000,89.99978,0.00000,0.00000,2.00000,1.00000,40.65138,63.02298,38.96267,3.00000,10940.00000,
1302.86487,1482.34314,1480.84058,0.00000,13.56679,14.56679,2.68734,27.52577,-1.99730,47.29604,6.09369,5965.21729,4754.65918,0.00000,5965.23193,47.50000,6.00000,11145.00000,11710.00000,3.00000,11300.00000,10820.00000,3.00000,3.00000,2.00000,266.54346,-119.22507,40.66864,-0.43255,0.00000,3.00000,1.00000,357.71341,-28.08178,0.00000,-2.50000,0.00000,289.00000,0.00000,89.99978,0.00000,210.00000,0.00000,89.99978,0.00000,0.00000,2.00000,1.00000,40.66864,62.12873,39.28325,3.00000,10940.00000,
1303.86816,1483.34656,1481.84399,0.00000,13.56707,14.56707,2.68762,27.21984,-1.99740,47.29656,6.09409,5965.20557,4755.16992,0.00000,5965.21533,47.50000,6.00000,11145.00000,11710.00000,3.00000,11300.00000,10820.00000,3.00000,3.00000,2.00000,266.50061,-119.04111,40.68589,-0.42185,0.00000,3.00000,1.00000,357.69806,-27.87066,0.00000,-2.50000,0.00000,289.00000,0.00000,89.99978,0.00000,210.00000,0.00000,89.99978,0.00000,0.00000,2.00000,1.00000,40.68589,61.87111,39.52825,3.00000,10940.00000,
1304.86816,1484.34656,1482.84387,0.00000,13.56734,14.56734,2.68790,26.92952,-1.99750,47.29708,6.09448,5965.19434,4754.17676,0.00000,5965.20996,47.50000,6.00000,11145.00000,11710.00000,3.00000,11300.00000,10820.00000,3.00000,3.00000,2.00000,266.45718,-118.86719,40.70298,-0.41104,0.00000,3.00000,1.00000,357.68213,-27.66963,0.00000,-2.50000,0.00000,289.00000,0.00000,89.99978,0.00000,210.00000,0.00000,89.99978,0.00000,0.00000,2.00000,1.00000,40.70298,61.17767,39.74491,3.00000,10940.00000,
1305.86743,1485.34570,1483.84314,0.00000,13.56762,14.56762,2.68817,26.65290,-1.99759,47.29760,6.09487,5965.18408,4752.53271,0.00000,5965.19678,47.50000,6.00000,11145.00000,11710.00000,3.00000,11300.00000,10820.00000,3.00000,3.00000,2.00000,266.41434,-118.70201,40.71999,-0.40032,0.00000,3.00000,1.00000,357.66599,-27.47721,0.00000,-2.50000,0.00000,289.00000,0.00000,89.99978,0.00000,210.00000,0.00000,89.99978,0.00000,0.00000,2.00000,1.00000,40.71999,61.10212,40.00157,3.00000,10940.00000,
1306.86621,1486.34448,1484.84192,0.00000,13.56790,14.56790,2.68845,26.38898,-1.99769,47.29811,6.09526,5965.17383,4750.89307,0.00000,5965.18408,47.50000,6.00000,11710.00000,11145.00000,3.00000,11300.00000,10820.00000,3.00000,3.00000,2.00000,266.37057,-118.54518,40.73690,-0.38943,0.00000,3.00000,1.00000,357.64941,-27.29348,0.00000,-2.50000,0.00000,289.00000,0.00000,89.99978,0.00000,210.00000,0.00000,89.99978,0.00000,0.00000,2.00000,1.00000,40.73690,60.96022,40.20638,3.00000,10940.00000,
1307.87463,1487.35291,1485.85034,0.00000,13.56818,14.56818,2.68873,26.13439,-1.99779,47.29864,6.09565,5965.16406,4749.24219,0.00000,5965.17529,47.50000,6.00000,11710.00000,11145.00000,3.00000,11300.00000,10820.00000,3.00000,3.00000,2.00000,336.21780,-89.76572,0.00000,-2.45272,0.00000,3.00000,1.00000,357.63388,-27.11546,0.00000,-2.50000,0.00000,289.00000,0.00000,89.99978,0.00000,210.00000,0.00000,89.99978,0.00000,0.00000,2.00000,0.00000,0.00000,0.00000,0.00000,3.00000,10940.00000,
1308.87427,1488.36523,1486.86267,0.00000,13.56846,14.56846,2.68901,25.89001,-1.99788,47.29917,6.09604,5965.15527,4747.58740,0.00000,5965.16357,47.50000,6.00000,11710.00000,11145.00000,3.00000,11300.00000,10820.00000,3.00000,3.00000,1.00000,2.97318,-52.01893,0.00000,-2.49921,0.00000,3.00000,1.00000,357.61914,-26.94287,0.00000,-2.50000,0.00000,289.00000,0.00000,89.99978,0.00000,210.00000,0.00000,89.99978,0.00000,0.00000,2.00000,0.00000,0.00000,0.00000,0.00000,3.00000,10940.00000,
1309.87390,1489.36487,1487.86230,0.00000,13.56874,14.56874,2.68929,25.65892,-1.99798,47.29969,6.09643,5965.14697,4745.95801,0.00000,5965.16162,47.50000,6.00000,11710.00000,11145.00000,3.00000,10820.00000,11300.00000,12.00000,3.00000,1.00000,12.59348,-28.57675,0.00000,-2.49999,0.00000,12.00000,0.00000,357.27759,9.64440,30.26628,-0.55375,0.00000,289.00000,0.00000,89.99978,0.00000,210.00000,0.00000,89.99978,0.00000,0.00000,2.00000,0.00000,0.00000,0.00000,0.00000,3.00000,10940.00000,
1310.86499,1490.35999,1488.85730,0.00000,13.56902,14.56902,2.68957,25.43823,-1.99807,47.30021,6.09680,5965.13916,4744.33838,0.00000,5965.15137,47.50000,6.00000,11710.00000,11145.00000,3.00000,10820.00000,11300.00000,12.00000,3.00000,1.00000,16.10966,-16.35658,0.00000,-2.50000,0.00000,12.00000,0.00000,356.80972,60.36120,30.91071,-0.00996,0.00000,289.00000,0.00000,89.99978,0.00000,210.00000,0.00000,89.99978,0.00000,0.00000,2.00000,0.00000,0.00000,0.00000,0.00000,3.00000,10940.00000,
1311.86804,1491.36304,1489.86047,0.00000,13.56929,14.56929,2.68985,25.22462,-1.99816,47.30074,6.09718,5965.13184,4742.70898,0.00000,5965.13965,47.50000,6.00000,11710.00000,11145.00000,3.00000,10820.00000,11300.00000,12.00000,3.00000,1.00000,17.40626,-10.42091,0.00000,-2.50000,0.00000,12.00000,0.00000,356.62653,79.15514,30.87574,-0.00017,0.00000,289.00000,0.00000,89.99978,0.00000,210.00000,0.00000,89.99978,0.00000,0.00000,2.00000,0.00000,0.00000,0.00000,0.00000,3.00000,10940.00000,
1312.86914,1492.36414,1490.86157,0.00000,13.56957,14.56957,2.69012,25.01958,-1.99826,47.30127,6.09756,5965.12451,4721.95264,0.00000,5965.13477,47.50000,6.00000,11710.00000,11145.00000,3.00000,10820.00000,11300.00000,12.00000,3.00000,1.00000,17.87385,-7.67651,0.00000,-2.50000,0.00000,12.00000,0.00000,356.55014,86.02389,30.84079,-0.00000,0.00000,289.00000,0.00000,89.99978,0.00000,210.00000,0.00000,89.99978,0.00000,0.00000,2.00000,0.00000,0.00000,0.00000,0.00000,3.00000,10940.00000,
1313.86902,1493.36401,1491.86145,0.00000,13.56985,14.56985,2.69040,24.82238,-1.99835,47.30179,6.09793,5965.11816,4703.41602,0.00000,5965.12256,47.50000,6.00000,11710.00000,11145.00000,3.00000,10820.00000,11300.00000,12.00000,3.00000,1.00000,18.03902,-6.40433,0.00000,-2.50000,0.00000,12.00000,0.00000,356.51273,88.54038,30.80589,-0.00000,0.00000,289.00000,0.00000,89.99978,0.00000,210.00000,0.00000,89.99978,0.00000,0.00000,2.00000,0.00000,0.00000,0.00000,0.00000,3.00000,10940.00000,
1314.86536,1494.36035,1492.85779,0.00000,13.57013,14.57013,2.69068,24.63295,-1.99844,47.30231,6.09830,5965.11182,4693.65869,0.00000,5965.11475,47.50000,6.00000,11710.00000,11145.00000,3.00000,10820.00000,11300.00000,12.00000,3.00000,1.00000,18.09357,-5.78639,0.00000,-2.50000,0.00000,12.00000,0.00000,356.48932,89.46247,30.77110,-0.00000,0.00000,289.00000,0.00000,89.99978,0.00000,210.00000,0.00000,89.99978,0.00000,0.00000,2.00000,0.00000,0.00000,0.00000,0.00000,3.00000,10940.00000,
1315.86987,1495.37012,1493.86755,0.00000,13.57041,14.57041,2.69096,24.44760,-1.99853,47.30285,6.09868,5965.10645,4683.74854,0.00000,5965.10693,47.50000,6.00000,11710.00000,11145.00000,3.00000,10820.00000,11300.00000,12.00000,3.00000,1.00000,18.10784,-5.44700,0.00000,-2.50000,0.00000,12.00000,0.00000,356.47089,89.80464,30.73583,-0.00000,0.00000,289.00000,0.00000,89.99978,0.00000,210.00000,0.00000,89.99978,0.00000,0.00000,2.00000,0.00000,0.00000,0.00000,0.00000,3.00000,10940.00000,
1316.87244,1496.37280,1494.87012,0.00000,13.57069,14.57069,2.69124,24.26976,-1.99862,47.30338,6.09905,5965.10107,4673.94775,0.00000,5965.10938,47.50000,6.00000,11710.00000,11145.00000,3.00000,10820.00000,11300.00000,12.00000,3.00000,1.00000,18.10718,-5.23236,0.00000,-2.50000,0.00000,12.00000,0.00000,356.45581,89.92849,30.70080,-0.00000,0.00000,289.00000,0.00000,89.99978,0.00000,210.00000,0.00000,89.99978,0.00000,0.00000,2.00000,0.00000,0.00000,0.00000,0.00000,3.00000,10940.00000,
1317.86658,1497.37708,1495.87451,0.00000,13.57096,14.57096,2.69152,24.09744,-1.99871,47.30391,6.09941,5965.09619,4664.11865,0.00000,5965.10498,47.50000,6.00000,11710.00000,11145.00000,3.00000,10820.00000,11300.00000,12.00000,3.00000,1.00000,18.10122,-5.07003,0.00000,-2.50000,0.00000,12.00000,0.00000,356.44067,89.97387,30.66571,-0.00000,0.00000,289.00000,0.00000,89.99978,0.00000,210.00000,0.00000,89.99978,0.00000,0.00000,2.00000,0.00000,0.00000,0.00000,0.00000,3.00000,10940.00000,
1318.87305,1498.39050,1496.88794,0.00000,13.57125,14.57125,2.69180,23.92921,-1.99880,47.30445,6.09978,5965.09082,4654.17920,0.00000,5965.10156,47.50000,6.00000,11710.00000,11145.00000,3.00000,10820.00000,11300.00000,12.00000,3.00000,1.00000,18.09335,-4.93021,0.00000,-2.50000,0.00000,12.00000,0.00000,356.42563,89.99055,30.63028,-0.00000,0.00000,289.00000,0.00000,89.99978,0.00000,210.00000,0.00000,89.99978,0.00000,0.00000,2.00000,0.00000,0.00000,0.00000,0.00000,3.00000,10940.00000,
1319.87830,1499.40295,1497.90039,0.00000,13.57153,14.57153,2.69208,23.76651,-1.99889,47.30498,6.10015,5965.08545,4644.22900,0.00000,5965.09473,47.50000,6.00000,11710.00000,11145.00000,3.00000,10820.00000,11300.00000,12.00000,3.00000,1.00000,18.08491,-4.80244,0.00000,-2.50000,0.00000,12.00000,0.00000,356.41074,89.99657,30.59488,-0.00000,0.00000,289.00000,0.00000,89.99978,0.00000,210.00000,0.00000,89.99978,0.00000,0.00000,2.00000,0.00000,0.00000,0.00000,0.00000,3.00000,10940.00000,
1320.87280,1500.39746,1498.89490,0.00000,13.57180,14.57180,2.69235,23.61166,-1.99898,47.30551,6.10051,5965.08057,4630.25684,0.00000,5965.08008,47.50000,6.00000,11710.00000,11145.00000,3.00000,10820.00000,11300.00000,12.00000,3.00000,1.00000,18.07652,-4.68367,0.00000,-2.50000,0.00000,12.00000,0.00000,356.39532,89.99866,30.56010,-0.00000,0.00000,289.00000,0.00000,89.99978,0.00000,210.00000,0.00000,89.99978,0.00000,0.00000,2.00000,0.00000,0.00000,0.00000,0.00000,3.00000,10940.00000,
1321.88086,1501.40564,1499.90308,0.00000,13.57208,14.57208,2.69263,23.45960,-1.99907,47.30605,6.10087,5965.07617,4615.18750,0.00000,5965.08203,47.50000,6.00000,11710.00000,11145.00000,3.00000,10820.00000,11300.00000,12.00000,3.00000,1.00000,18.06807,-4.56804,0.00000,-2.50000,0.00000,12.00000,0.00000,356.38092,89.99928,30.52483,-0.00000,0.00000,289.00000,0.00000,89.99978,0.00000,210.00000,0.00000,89.99978,0.00000,0.00000,2.00000,0.00000,0.00000,0.00000,0.00000,3.00000,10940.00000,
1322.87903,1502.40381,1500.90125,0.00000,13.57236,14.57236,2.69291,23.31369,-1.99916,47.30658,6.10123,5965.07275,4616.27051,0.00000,5965.07861,47.50000,6.00000,11710.00000,11145.00000,3.00000,10820.00000,11300.00000,12.00000,3.00000,1.00000,18.05983,-4.45740,0.00000,-2.50000,0.00000,12.00000,0.00000,356.36630,89.99933,30.48992,-0.00000,0.00000,289.00000,0.00000,89.99978,0.00000,210.00000,0.00000,89.99978,0.00000,0.00000,2.00000,0.00000,0.00000,0.00000,0.00000,3.00000,10940.00000,
1323.87341,1503.39807,1501.89551,0.00000,13.57264,14.57264,2.69319,23.17271,-1.99925,47.30710,6.10158,5965.06934,4641.01904,0.00000,5965.07520,47.50000,6.00000,11710.00000,11145.00000,3.00000,10820.00000,11300.00000,12.00000,3.00000,1.00000,18.05176,-4.35057,0.00000,-2.50000,0.00000,12.00000,0.00000,356.35129,89.99935,30.45511,-0.00000,0.00000,289.00000,0.00000,89.99978,0.00000,210.00000,0.00000,89.99978,0.00000,0.00000,2.00000,0.00000,0.00000,0.00000,0.00000,3.00000,10940.00000,
1324.88135,1504.41077,1502.90820,0.00000,13.57292,14.57292,2.69347,23.03349,-1.99933,47.30764,6.10194,5965.06543,4666.29004,0.00000,5965.07080,47.50000,6.00000,11710.00000,11145.00000,3.00000,10820.00000,11300.00000,12.00000,3.00000,1.00000,18.04365,-4.24498,0.00000,-2.50000,0.00000,12.00000,0.00000,356.33594,89.99944,30.41966,-0.00000,0.00000,289.00000,0.00000,89.99978,0.00000,210.00000,0.00000,89.99978,0.00000,0.00000,2.00000,0.00000,0.00000,0.00000,0.00000,3.00000,10940.00000,
1325.88721,1505.41663,1503.91406,0.00000,13.57320,14.57320,2.69375,22.89933,-1.99942,47.30818,6.10230,5965.06201,4691.45410,0.00000,5965.06494,47.50000,6.00000,11710.00000,11145.00000,3.00000,10820.00000,11300.00000,12.00000,3.00000,1.00000,18.03576,-4.14317,0.00000,-2.50000,0.00000,12.00000,0.00000,356.32129,89.99944,30.38446,-0.00000,0.00000,289.00000,0.00000,89.99978,0.00000,210.00000,0.00000,89.99978,0.00000,0.00000,2.00000,0.00000,0.00000,0.00000,0.00000,3.00000,10940.00000,
1326.89160,1506.42102,1504.91846,0.00000,13.57348,14.57348,2.69403,22.76942,-1.99951,47.30872,6.10265,5965.05859,4735.45898,0.00000,5965.05908,47.50000,6.00000,11710.00000,11145.00000,3.00000,10820.00000,11300.00000,12.00000,3.00000,1.00000,18.02798,-4.04445,0.00000,-2.50000,0.00000,12.00000,0.00000,356.30710,89.99944,30.34930,-0.00000,0.00000,289.00000,0.00000,89.99978,0.00000,210.00000,0.00000,89.99978,0.00000,0.00000,2.00000,0.00000,0.00000,0.00000,0.00000,3.00000,10940.00000,
1327.89233,1507.42175,1505.91919,0.00000,13.57375,14.57375,2.69431,22.64380,-1.99959,47.30925,6.10300,5965.05615,4786.28271,0.00000,5965.05615,47.50000,6.00000,11710.00000,11145.00000,3.00000,10820.00000,11300.00000,12.00000,3.00000,1.00000,18.02036,-3.94889,0.00000,-2.50000,0.00000,12.00000,0.00000,356.29300,89.99944,30.31425,-0.00000,0.00000,289.00000,0.00000,89.99978,0.00000,210.00000,0.00000,89.99978,0.00000,0.00000,2.00000,0.00000,0.00000,0.00000,0.00000,3.00000,10940.00000,
1328.88513,1508.42017,1506.91760,0.00000,13.57403,14.57403,2.69458,22.52209,-1.99968,47.30978,6.10335,5965.05322,4776.59277,0.00000,5965.05713,47.50000,6.00000,11710.00000,11145.00000,3.00000,10820.00000,11300.00000,12.00000,3.00000,1.00000,18.01290,-3.85622,0.00000,-2.50000,0.00000,12.00000,0.00000,356.27881,89.99947,30.27929,-0.00000,0.00000,289.00000,0.00000,89.99978,0.00000,210.00000,0.00000,89.99978,0.00000,0.00000,2.00000,0.00000,0.00000,0.00000,0.00000,3.00000,10940.00000,
1329.89319,1509.43774,1507.93518,0.00000,13.57432,14.57432,2.69487,22.40157,-1.99977,47.31033,6.10371,5965.05127,4766.80811,0.00000,5965.04688,47.50000,6.00000,11710.00000,11145.00000,3.00000,10820.00000,11300.00000,12.00000,3.00000,1.00000,18.00542,-3.76439,0.00000,-2.50000,0.00000,12.00000,0.00000,356.26425,89.99949,30.24364,-0.00000,0.00000,289.00000,0.00000,89.99978,0.00000,210.00000,0.00000,89.99978,0.00000,0.00000,2.00000,0.00000,0.00000,0.00000,0.00000,3.00000,10940.00000,
1330.89954,1510.44409,1508.94153,0.00000,13.57459,14.57459,2.69515,22.28577,-1.99985,47.31086,6.10406,5965.04883,4757.32178,0.00000,5965.04980,47.50000,6.00000,11710.00000,11145.00000,3.00000,10820.00000,11300.00000,12.00000,3.00000,1.00000,17.99812,-3.67616,0.00000,-2.50000,0.00000,12.00000,0.00000,356.25021,89.99949,30.20839,-0.00000,0.00000,289.00000,0.00000,89.99978,0.00000,210.00000,0.00000,89.99978,0.00000,0.00000,2.00000,0.00000,0.00000,0.00000,0.00000,3.00000,10940.00000,
1331.90222,1511.45105,1509.94836,0.00000,13.57487,14.57487,2.69543,22.17313,-1.99994,47.31140,6.10440,5965.04639,4747.83838,0.00000,5965.04639,47.50000,6.00000,11710.00000,11145.00000,3.00000,10820.00000,11300.00000,12.00000,3.00000,1.00000,17.99097,-3.59032,0.00000,-2.50000,0.00000,12.00000,0.00000,356.23566,89.99951,30.17312,-0.00000,0.00000,289.00000,0.00000,89.99978,0.00000,210.00000,0.00000,89.99978,0.00000,0.00000,2.00000,0.00000,0.00000,0.00000,0.00000,3.00000,10940.00000,
1332.89905,1512.45288,1510.95020,0.00000,13.57515,14.57515,2.69570,22.06405,-2.00002,47.31194,6.10475,5965.04443,4738.41162,0.00000,5965.05078,47.50000,6.00000,11710.00000,11145.00000,3.00000,10820.00000,11300.00000,12.00000,3.00000,1.00000,17.98396,-3.50726,0.00000,-2.50000,0.00000,12.00000,0.00000,356.22131,89.99953,30.13801,-0.00000,0.00000,289.00000,0.00000,89.99978,0.00000,210.00000,0.00000,89.99978,0.00000,0.00000,2.00000,0.00000,0.00000,0.00000,0.00000,3.00000,10940.00000,
1333.89648,1513.45581,1511.95325,0.00000,13.57543,14.57543,2.69598,21.95785,-2.00011,47.31248,6.10509,5965.04150,4728.98096,0.00000,5965.03955,47.50000,6.00000,11710.00000,11145.00000,3.00000,10820.00000,11300.00000,12.00000,3.00000,1.00000,17.97704,-3.42642,0.00000,-2.50000,0.00000,12.00000,0.00000,356.20566,89.99956,30.10285,-0.00000,0.00000,289.00000,0.00000,89.99978,0.00000,210.00000,0.00000,89.99978,0.00000,0.00000,2.00000,0.00000,0.00000,0.00000,0.00000,3.00000,10940.00000,
1334.89417,1514.45361,1512.95093,0.00000,13.57571,14.57571,2.69626,21.85508,-2.00019,47.31301,6.10543,5965.03906,4725.93359,0.00000,5965.04297,47.50000,6.00000,11710.00000,11145.00000,3.00000,10820.00000,11300.00000,12.00000,3.00000,1.00000,17.97027,-3.34824,0.00000,-2.50000,0.00000,12.00000,0.00000,356.19193,89.99956,30.06789,-0.00000,0.00000,289.00000,0.00000,89.99978,0.00000,210.00000,0.00000,89.99978,0.00000,0.00000,2.00000,0.00000,0.00000,0.00000,0.00000,3.00000,10940.00000,
1335.89368,1515.45313,1513.95044,0.00000,13.57599,14.57599,2.69654,21.75489,-2.00027,47.31355,6.10577,5965.03711,4731.08691,0.00000,5965.03906,47.50000,6.00000,11710.00000,11145.00000,3.00000,10820.00000,11300.00000,12.00000,3.00000,1.00000,17.96358,-3.27209,0.00000,-2.50000,0.00000,12.00000,0.00000,356.17700,89.99956,30.03285,-0.00000,0.00000,289.00000,0.00000,89.99978,0.00000,210.00000,0.00000,89.99978,0.00000,0.00000,2.00000,0.00000,0.00000,0.00000,0.00000,3.00000,10940.00000,
1336.89624,1516.45557,1514.95300,0.00000,13.57626,14.57626,2.69682,21.65711,-2.00036,47.31409,6.10611,5965.03516,4723.48145,0.00000,5965.03369,47.50000,6.00000,11710.00000,11145.00000,3.00000,10820.00000,11300.00000,12.00000,3.00000,1.00000,17.95700,-3.19786,0.00000,-2.50000,0.00000,12.00000,0.00000,356.16309,89.99956,29.99771,-0.00000,0.00000,289.00000,0.00000,89.99978,0.00000,210.00000,0.00000,89.99978,0.00000,0.00000,2.00000,0.00000,0.00000,0.00000,0.00000,3.00000,10940.00000,
1337.89795,1517.45728,1515.95471,0.00000,13.57654,14.57654,2.69709,21.56212,-2.00044,47.31462,6.10645,5965.03271,4722.47217,0.00000,5965.03906,47.50000,6.00000,11710.00000,11145.00000,3.00000,10820.00000,11300.00000,12.00000,3.00000,1.00000,17.95049,-3.12575,0.00000,-2.50000,0.00000,12.00000,0.00000,356.14908,89.99956,29.96259,-0.00000,0.00000,289.00000,0.00000,89.99978,0.00000,210.00000,0.00000,89.99978,0.00000,0.00000,2.00000,0.00000,0.00000,0.00000,0.00000,3.00000,10940.00000,
1338.88977,1518.44922,1516.94653,0.00000,13.57682,14.57682,2.69737,21.47066,-2.00052,47.31516,6.10679,5965.03076,4769.73633,0.00000,5965.03223,47.50000,6.00000,11710.00000,11145.00000,3.00000,10820.00000,11300.00000,12.00000,3.00000,1.00000,17.94417,-3.05633,0.00000,-2.50000,0.00000,12.00000,0.00000,356.13477,89.99956,29.92782,-0.00000,0.00000,289.00000,0.00000,89.99978,0.00000,210.00000,0.00000,89.99978,0.00000,0.00000,2.00000,0.00000,0.00000,0.00000,0.00000,3.00000,10940.00000,
1339.88635,1519.45410,1517.95154,0.00000,13.57710,14.57710,2.69765,21.38059,-2.00061,47.31570,6.10713,5965.02881,4817.61035,0.00000,5965.03271,47.50000,6.00000,11710.00000,11145.00000,3.00000,10820.00000,11300.00000,12.00000,3.00000,1.00000,17.93781,-2.98798,0.00000,-2.50000,0.00000,12.00000,0.00000,356.12030,89.99958,29.89258,-0.00000,0.00000,289.00000,0.00000,89.99978,0.00000,210.00000,0.00000,89.99978,0.00000,0.00000,2.00000,0.00000,0.00000,0.00000,0.00000,3.00000,10940.00000,
1340.88025,1520.44800,1518.94531,0.00000,13.57737,14.57737,2.69792,21.29396,-2.00069,47.31623,6.10746,5965.02686,4857.69775,0.00000,5965.02832,47.50000,6.00000,11710.00000,11145.00000,3.00000,10820.00000,11300.00000,12.00000,3.00000,1.00000,17.93164,-2.92224,0.00000,-2.50000,0.00000,12.00000,0.00000,356.10617,89.99958,29.85772,-0.00000,0.00000,289.00000,0.00000,89.99978,0.00000,210.00000,0.00000,89.99978,0.00000,0.00000,2.00000,0.00000,0.00000,0.00000,0.00000,3.00000,10940.00000,
1341.87756,1521.44946,1519.94690,0.00000,13.57765,14.57765,2.69820,21.20908,-2.00077,47.31678,6.10780,5965.02490,4870.62305,0.00000,5965.02490,47.50000,6.00000,11710.00000,11145.00000,3.00000,10820.00000,11300.00000,12.00000,3.00000,1.00000,17.92550,-2.85783,0.00000,-2.50000,0.00000,12.00000,0.00000,356.09219,89.99958,29.82260,-0.00000,0.00000,289.00000,0.00000,89.99978,0.00000,210.00000,0.00000,89.99978,0.00000,0.00000,2.00000,0.00000,0.00000,0.00000,0.00000,3.00000,10940.00000,
1342.88208,1522.45386,1520.95129,0.00000,13.57793,14.57793,2.69848,21.12634,-2.00085,47.31731,6.10813,5965.02344,4879.02295,0.00000,5965.02588,47.50000,6.00000,11710.00000,11145.00000,3.00000,10820.00000,11300.00000,12.00000,3.00000,1.00000,17.91944,-2.79502,0.00000,-2.50000,0.00000,12.00000,0.00000,356.07840,89.99958,29.78737,-0.00000,0.00000,289.00000,0.00000,89.99978,0.00000,210.00000,0.00000,89.99978,0.00000,0.00000,2.00000,0.00000,0.00000,0.00000,0.00000,3.00000,10940.00000,
1343.87842,1523.45032,1521.94775,0.00000,13.57821,14.57821,2.69876,21.04649,-2.00093,47.31785,6.10846,5965.02197,4865.31201,0.00000,5965.02393,47.50000,6.00000,11710.00000,11145.00000,3.00000,10820.00000,11300.00000,12.00000,3.00000,1.00000,17.91349,-2.73444,0.00000,-2.50000,0.00000,12.00000,0.00000,356.06476,89.99958,29.75243,-0.00000,0.00000,289.00000,0.00000,89.99978,0.00000,210.00000,0.00000,89.99978,0.00000,0.00000,2.00000,0.00000,0.00000,0.00000,0.00000,3.00000,10940.00000,
1344.87585,1524.44775,1522.94519,0.00000,13.57848,14.57848,2.69904,20.96876,-2.00101,47.31839,6.10879,5965.02051,4876.52100,0.00000,5965.01660,47.50000,6.00000,11710.00000,11145.00000,3.00000,10820.00000,11300.00000,12.00000,3.00000,1.00000,17.90761,-2.67541,0.00000,-2.50000,0.00000,12.00000,0.00000,356.05057,89.99958,29.71744,-0.00000,0.00000,289.00000,0.00000,89.99978,0.00000,210.00000,0.00000,89.99978,0.00000,0.00000,2.00000,0.00000,0.00000,0.00000,0.00000,3.00000,10940.00000,
1345.87952,1525.45142,1523.94885,0.00000,13.57876,14.57876,2.69931,20.89336,-2.00109,47.31893,6.10913,5965.01953,4898.06104,0.00000,5965.01270,47.50000,6.00000,11710.00000,11145.00000,3.00000,10820.00000,11300.00000,12.00000,3.00000,1.00000,17.90177,-2.61764,0.00000,-2.50000,0.00000,12.00000,0.00000,356.03656,89.99958,29.68224,-0.00000,0.00000,289.00000,0.00000,89.99978,0.00000,210.00000,0.00000,89.99978,0.00000,0.00000,2.00000,0.00000,0.00000,0.00000,0.00000,3.00000,10940.00000,
1346.88513,1526.46362,1524.96106,0.00000,13.57904,14.57904,2.69960,20.82109,-2.00118,47.31948,6.10946,5965.01807,4904.09521,0.00000,5965.01465,47.50000,6.00000,11710.00000,11145.00000,3.00000,10820.00000,11300.00000,12.00000,3.00000,1.00000,17.89599,-2.56080,0.00000,-2.50000,0.00000,12.00000,0.00000,356.02191,89.99960,29.64672,-0.00000,0.00000,289.00000,0.00000,89.99978,0.00000,210.00000,0.00000,89.99978,0.00000,0.00000,2.00000,0.00000,0.00000,0.00000,0.00000,3.00000,10940.00000,
1347.89050,1527.47681,1525.97424,0.00000,13.57933,14.57933,2.69988,20.75264,-2.00126,47.32003,6.10979,5965.01709,4904.92334,0.00000,5965.02002,47.50000,6.00000,11710.00000,11145.00000,3.00000,10820.00000,11300.00000,12.00000,3.00000,1.00000,17.89026,-2.50505,0.00000,-2.50000,0.00000,12.00000,0.00000,356.00781,89.99963,29.61117,-0.00000,0.00000,289.00000,0.00000,89.99978,0.00000,210.00000,0.00000,89.99978,0.00000,0.00000,2.00000,0.00000,0.00000,0.00000,0.00000,3.00000,10940.00000,
1348.89648,1528.48279,1526.98022,0.00000,13.57961,14.57961,2.70016,20.68800,-2.00134,47.32057,6.11013,5965.01660,4897.80762,0.00000,5965.02148,47.50000,6.00000,11710.00000,11145.00000,3.00000,10820.00000,11300.00000,12.00000,3.00000,1.00000,17.88467,-2.45041,0.00000,-2.50000,0.00000,12.00000,0.00000,355.99390,89.99963,29.57588,-0.00000,0.00000,289.00000,0.00000,89.99978,0.00000,210.00000,0.00000,89.99978,0.00000,0.00000,2.00000,0.00000,0.00000,0.00000,0.00000,3.00000,10940.00000,
1349.88635,1529.47266,1527.97009,0.00000,13.57988,14.57988,2.70043,20.62694,-2.00142,47.32111,6.11045,5965.01514,4887.41455,0.00000,5965.02148,47.50000,6.00000,11710.00000,11145.00000,3.00000,10820.00000,11300.00000,12.00000,3.00000,1.00000,17.87920,-2.39700,0.00000,-2.50000,0.00000,12.00000,0.00000,355.98013,89.99963,29.54114,-0.00000,0.00000,289.00000,0.00000,89.99978,0.00000,210.00000,0.00000,89.99978,0.00000,0.00000,2.00000,0.00000,0.00000,0.00000,0.00000,3.00000,10940.00000,
1350.88623,1530.47253,1528.96997,0.00000,13.58016,14.58016,2.70071,20.56691,-2.00150,47.32165,6.11078,5965.01416,4872.60791,0.00000,5965.01709,47.50000,6.00000,11710.00000,11145.00000,3.00000,10820.00000,11300.00000,12.00000,3.00000,1.00000,17.87377,-2.34313,0.00000,-2.50000,0.00000,12.00000,0.00000,355.96609,89.99963,29.50606,-0.00000,0.00000,289.00000,0.00000,89.99978,0.00000,210.00000,0.00000,89.99978,0.00000,0.00000,2.00000,0.00000,0.00000,0.00000,0.00000,3.00000,10940.00000,
1351.87634,1531.46265,1529.96008,0.00000,13.58043,14.58043,2.70098,20.50844,-2.00158,47.32218,6.11110,5965.01270,4856.49805,0.00000,5965.01221,47.50000,6.00000,11710.00000,11145.00000,3.00000,10820.00000,11300.00000,12.00000,3.00000,1.00000,17.86847,-2.28964,0.00000,-2.50000,0.00000,12.00000,0.00000,355.95245,89.99963,29.47131,-0.00000,0.00000,289.00000,0.00000,89.99978,0.00000,210.00000,0.00000,89.99978,0.00000,0.00000,2.00000,0.00000,0.00000,0.00000,0.00000,3.00000,10940.00000,
1352.87439,1532.46973,1530.96716,0.00000,13.58071,14.58071,2.70126,20.44928,-2.00166,47.32273,6.11143,5965.01172,4840.08008,0.00000,5965.00635,47.50000,6.00000,11710.00000,11145.00000,3.00000,10820.00000,11300.00000,12.00000,3.00000,1.00000,17.86316,-2.23502,0.00000,-2.50000,0.00000,12.00000,0.00000,355.93835,89.99965,29.43597,-0.00000,0.00000,289.00000,0.00000,89.99978,0.00000,210.00000,0.00000,89.99978,0.00000,0.00000,2.00000,0.00000,0.00000,0.00000,0.00000,3.00000,10940.00000,
1353.87305,1533.46851,1531.96582,0.00000,13.58099,14.58099,2.70154,20.39057,-2.00174,47.32327,6.11175,5965.01123,4823.76563,0.00000,5965.01172,47.50000,6.00000,11710.00000,11145.00000,3.00000,10820.00000,11300.00000,12.00000,3.00000,1.00000,17.85800,-2.18058,0.00000,-2.50000,0.00000,12.00000,0.00000,355.92471,89.99965,29.40092,-0.00000,0.00000,289.00000,0.00000,89.99978,0.00000,210.00000,0.00000,89.99978,0.00000,0.00000,2.00000,0.00000,0.00000,0.00000,0.00000,3.00000,10940.00000,
1354.87158,1534.46692,1532.96436,0.00000,13.58127,14.58127,2.70182,20.33145,-2.00182,47.32381,6.11207,5965.01074,4807.27100,0.00000,5965.01025,47.50000,6.00000,11710.00000,11145.00000,3.00000,10820.00000,11300.00000,12.00000,3.00000,1.00000,17.85286,-2.12586,0.00000,-2.50000,0.00000,12.00000,0.00000,355.91113,89.99965,29.36588,-0.00000,0.00000,289.00000,0.00000,89.99978,0.00000,210.00000,0.00000,89.99978,0.00000,0.00000,2.00000,0.00000,0.00000,0.00000,0.00000,3.00000,10940.00000,
1355.88354,1535.47888,1533.97632,0.00000,13.58155,14.58155,2.70210,20.27091,-2.00190,47.32436,6.11240,5965.01025,4789.25635,0.00000,5965.00635,47.50000,6.00000,11710.00000,11145.00000,3.00000,10820.00000,11300.00000,12.00000,3.00000,1.00000,17.84769,-2.07018,0.00000,-2.50000,0.00000,12.00000,0.00000,355.89722,89.99965,29.33035,-0.00000,0.00000,289.00000,0.00000,89.99978,0.00000,210.00000,0.00000,89.99978,0.00000,0.00000,2.00000,0.00000,0.00000,0.00000,0.00000,3.00000,10940.00000,
1356.87988,1536.67261,1535.17004,0.00000,13.58188,14.58188,2.70243,20.19880,-2.00199,47.32500,6.11279,5965.00928,4767.98291,0.00000,5965.00635,47.50000,6.00000,11710.00000,11145.00000,3.00000,10820.00000,11300.00000,12.00000,3.00000,1.00000,17.84177,-2.00425,0.00000,-2.50000,0.00000,12.00000,0.00000,355.88055,89.99967,29.28846,-0.00000,0.00000,289.00000,0.00000,89.99978,0.00000,210.00000,0.00000,89.99978,0.00000,0.00000,2.00000,0.00000,0.00000,0.00000,0.00000,3.00000,10940.00000,
1357.86377,1539.34253,1537.83997,0.00000,13.58262,14.58262,2.70317,20.03506,-2.00220,47.32645,6.11364,5965.00781,4736.83301,0.00000,5965.00537,47.50000,6.00000,11710.00000,11145.00000,3.00000,10820.00000,11300.00000,12.00000,3.00000,1.00000,17.82888,-1.85638,0.00000,-2.50000,0.00000,12.00000,0.00000,355.84338,89.99978,29.19473,-0.00000,0.00000,289.00000,0.00000,89.99978,0.00000,210.00000,0.00000,89.99978,0.00000,0.00000,2.00000,0.00000,0.00000,0.00000,0.00000,3.00000,10940.00000,
1358.85608,1541.32715,1539.82446,0.00000,13.58317,14.58317,2.70372,19.91213,-2.00235,47.32753,6.11427,5965.00635,4729.97070,0.00000,5965.00391,47.50000,6.00000,11710.00000,11145.00000,3.00000,10820.00000,11300.00000,12.00000,3.00000,1.00000,17.81967,-1.74668,0.00000,-2.50000,0.00000,12.00000,0.00000,355.81561,89.99978,29.12506,-0.00000,0.00000,289.00000,0.00000,89.99978,0.00000,210.00000,0.00000,89.99978,0.00000,0.00000,2.00000,0.00000,0.00000,0.00000,0.00000,3.00000,10940.00000,
1359.83374,1544.11511,1542.61255,0.00000,13.58395,14.58395,2.70450,19.73868,-2.00257,47.32905,6.11516,5965.00439,4691.00098,0.00000,5965.00537,47.50000,6.00000,11710.00000,11145.00000,3.00000,10820.00000,11300.00000,12.00000,3.00000,1.00000,17.80725,-1.59369,0.00000,-2.50000,0.00000,12.00000,0.00000,355.77795,89.99978,29.02717,-0.00000,0.00000,289.00000,0.00000,89.99978,0.00000,210.00000,0.00000,89.99978,0.00000,0.00000,2.00000,0.00000,0.00000,0.00000,0.00000,3.00000,10940.00000,
1360.82153,1546.72852,1545.22595,0.00000,13.58467,14.58467,2.70522,19.57623,-2.00277,47.33047,6.11598,5965.00293,4645.39648,0.00000,5965.00342,47.50000,6.00000,11710.00000,11145.00000,3.00000,10820.00000,11300.00000,12.00000,3.00000,1.00000,17.79613,-1.45246,0.00000,-2.50000,0.00000,12.00000,0.00000,355.74240,89.99978,28.93541,-0.00000,0.00000,289.00000,0.00000,89.99978,0.00000,210.00000,0.00000,89.99978,0.00000,0.00000,2.00000,0.00000,0.00000,0.00000,0.00000,3.00000,10940.00000,
1361.83020,1549.08362,1547.58105,0.00000,13.58533,14.58533,2.70588,19.43076,-2.00295,47.33175,6.11671,5965.00195,4606.87012,0.00000,5965.00146,47.50000,6.00000,11710.00000,11145.00000,3.00000,10820.00000,11300.00000,12.00000,3.00000,1.00000,17.78658,-1.32780,0.00000,-2.50000,0.00000,12.00000,0.00000,355.71048,89.99978,28.85270,-0.00000,0.00000,289.00000,0.00000,89.99978,0.00000,210.00000,0.00000,89.99978,0.00000,0.00000,2.00000,0.00000,0.00000,0.00000,0.00000,3.00000,10940.00000,
1362.81689,1552.24402,1550.74146,0.00000,13.58621,14.58621,2.70676,19.23858,-2.00319,47.33348,6.11769,5965.00049,4548.96436,0.00000,5964.99951,47.50000,6.00000,11710.00000,11145.00000,3.00000,10820.00000,11300.00000,12.00000,3.00000,1.00000,17.77440,-1.16560,0.00000,-2.50000,0.00000,12.00000,0.00000,355.66772,89.99978,28.74171,-0.00000,0.00000,289.00000,0.00000,89.99978,0.00000,210.00000,0.00000,89.99978,0.00000,0.00000,2.00000,0.00000,0.00000,0.00000,0.00000,3.00000,10940.00000,
1363.80457,1555.70984,1554.20728,0.00000,13.58717,14.58717,2.70772,19.03376,-2.00345,47.33537,6.11876,5964.99902,4546.10986,0.00000,5964.99951,47.50000,6.00000,11710.00000,11145.00000,3.00000,10820.00000,11300.00000,12.00000,3.00000,1.00000,17.76187,-0.99603,0.00000,-2.50000,0.00000,12.00000,0.00000,355.62103,89.99978,28.61999,-0.00000,0.00000,289.00000,0.00000,89.99978,0.00000,210.00000,0.00000,89.99978,0.00000,0.00000,2.00000,0.00000,0.00000,0.00000,0.00000,3.00000,10940.00000,
1364.78857,1558.62439,1557.12183,0.00000,13.58798,14.58798,2.70853,18.86762,-2.00366,47.33696,6.11965,5964.99707,4523.79590,0.00000,5964.99951,47.50000,6.00000,11710.00000,11145.00000,3.00000,10820.00000,11300.00000,12.00000,3.00000,1.00000,17.75199,-0.86139,0.00000,-2.50000,0.00000,12.00000,0.00000,355.58188,89.99978,28.51762,-0.00000,0.00000,289.00000,0.00000,89.99978,0.00000,210.00000,0.00000,89.99978,0.00000,0.00000,2.00000,0.00000,0.00000,0.00000,0.00000,3.00000,10940.00000,
1365.76965,1561.53894,1560.03638,0.00000,13.58879,14.58879,2.70934,18.70832,-2.00388,47.33856,6.12053,5964.99463,4492.38867,0.00000,5964.99951,47.50000,6.00000,11710.00000,11145.00000,3.00000,10820.00000,11300.00000,12.00000,3.00000,1.00000,17.74264,-0.73522,0.00000,-2.50000,0.00000,12.00000,0.00000,355.54285,89.99978,28.41524,-0.00000,0.00000,289.00000,0.00000,89.99978,0.00000,210.00000,0.00000,89.99978,0.00000,0.00000,2.00000,0.00000,0.00000,0.00000,0.00000,3.00000,10940.00000,
1366.74365,1564.69849,1563.19592,0.00000,13.58966,14.58966,2.71022,18.54507,-2.00411,47.34029,6.12149,5964.99170,4502.86328,0.00000,5964.99072,47.50000,6.00000,11710.00000,11145.00000,3.00000,10820.00000,11300.00000,12.00000,3.00000,1.00000,17.73310,-0.60909,0.00000,-2.50000,0.00000,12.00000,0.00000,355.50058,89.99978,28.30425,-0.00000,0.00000,289.00000,0.00000,89.99978,0.00000,210.00000,0.00000,89.99978,0.00000,0.00000,2.00000,0.00000,0.00000,0.00000,0.00000,3.00000,10940.00000,
1367.73218,1567.61304,1566.11047,0.00000,13.59047,14.59047,2.71103,18.40490,-2.00432,47.34189,6.12236,5964.98926,4416.34766,0.00000,5964.99072,47.50000,6.00000,11710.00000,11145.00000,3.00000,11300.00000,10820.00000,3.00000,3.00000,1.00000,17.72479,-0.50329,0.00000,-2.50000,0.00000,3.00000,1.00000,356.07449,24.32406,0.00000,-2.43212,0.00000,289.00000,0.00000,89.99978,0.00000,210.00000,0.00000,89.99978,0.00000,0.00000,2.00000,0.00000,0.00000,0.00000,0.00000,3.00000,10940.00000,
1368.71228,1570.87598,1569.37341,0.00000,13.59138,14.59138,2.71193,18.26085,-2.00456,47.34368,6.12334,5964.98633,4381.87988,0.00000,5964.99072,47.50000,6.00000,11710.00000,11145.00000,3.00000,11300.00000,10820.00000,3.00000,3.00000,1.00000,17.71601,-0.39713,0.00000,-2.50000,0.00000,3.00000,1.00000,356.45053,-19.97556,0.00000,-2.50000,0.00000,289.00000,0.00000,89.99978,0.00000,210.00000,0.00000,89.99978,0.00000,0.00000,2.00000,0.00000,0.00000,0.00000,0.00000,3.00000,10940.00000,
1369.69690,1573.89099,1572.38843,0.00000,13.59222,14.59222,2.71277,18.13999,-2.00478,47.34533,6.12423,5964.98389,4373.67920,0.00000,5964.99072,47.50000,6.00000,11710.00000,11145.00000,3.00000,11300.00000,10820.00000,3.00000,3.00000,1.00000,17.70832,-0.31063,0.00000,-2.50000,0.00000,3.00000,1.00000,356.42572,-21.50453,0.00000,-2.50000,0.00000,289.00000,0.00000,89.99978,0.00000,210.00000,0.00000,89.99978,0.00000,0.00000,2.00000,0.00000,0.00000,0.00000,0.00000,3.00000,10940.00000,
1370.67725,1576.70447,1575.20190,0.00000,13.59300,14.59300,2.71355,18.03775,-2.00498,47.34688,6.12506,5964.98145,4448.04395,0.00000,5964.98926,47.50000,6.00000,11710.00000,11145.00000,3.00000,11300.00000,10820.00000,3.00000,3.00000,1.00000,17.70146,-0.24004,0.00000,-2.50000,0.00000,3.00000,1.00000,356.38983,-21.53673,0.00000,-2.50000,0.00000,289.00000,0.00000,89.99978,0.00000,210.00000,0.00000,89.99978,0.00000,0.00000,2.00000,0.00000,0.00000,0.00000,0.00000,3.00000,10940.00000,
1371.64722,1579.97083,1578.46826,0.00000,13.59391,14.59391,2.71446,17.93220,-2.00521,47.34867,6.12603,5964.97949,4606.28516,0.00000,5964.98926,47.50000,6.00000,11710.00000,11145.00000,3.00000,11300.00000,10820.00000,3.00000,3.00000,1.00000,17.69382,-0.17040,0.00000,-2.50000,0.00000,3.00000,1.00000,356.34662,-21.50649,0.00000,-2.50000,0.00000,289.00000,0.00000,89.99978,0.00000,210.00000,0.00000,89.99978,0.00000,0.00000,2.00000,0.00000,0.00000,0.00000,0.00000,3.00000,10940.00000,
1372.63745,1583.18689,1581.68433,0.00000,13.59480,14.59480,2.71535,17.83308,-2.00544,47.35044,6.12697,5964.97803,4762.22363,0.00000,5964.98584,47.50000,6.00000,11710.00000,11145.00000,3.00000,11300.00000,10820.00000,3.00000,3.00000,1.00000,17.68656,-0.11480,0.00000,-2.50000,0.00000,3.00000,1.00000,356.30399,-21.48634,0.00000,-2.50000,0.00000,289.00000,0.00000,89.99978,0.00000,210.00000,0.00000,89.99978,0.00000,0.00000,2.00000,0.00000,0.00000,0.00000,0.00000,3.00000,10940.00000,
1373.61670,1586.40295,1584.90039,0.00000,13.59569,14.59569,2.71625,17.71373,-2.00567,47.35221,6.12792,5964.97363,4910.81152,0.00000,5964.97656,47.50000,6.00000,11710.00000,11145.00000,3.00000,11300.00000,10820.00000,3.00000,3.00000,1.00000,17.67955,-0.08599,0.00000,-2.50000,0.00000,3.00000,1.00000,356.26123,-21.49318,0.00000,-2.50000,0.00000,289.00000,0.00000,89.99978,0.00000,210.00000,0.00000,89.99978,0.00000,0.00000,2.00000,0.00000,0.00000,0.00000,0.00000,3.00000,10940.00000,
1374.60107,1589.81970,1588.31714,0.00000,13.59664,14.59664,2.71719,17.64324,-2.00592,47.35409,6.12892,5964.96826,5043.64014,0.00000,5964.97656,47.50000,6.00000,11710.00000,11145.00000,3.00000,11300.00000,10820.00000,3.00000,3.00000,1.00000,17.67202,-0.10001,0.00000,-2.50000,0.00000,3.00000,1.00000,356.21567,-21.54522,0.00000,-2.50000,0.00000,289.00000,0.00000,89.99978,0.00000,210.00000,0.00000,89.99978,0.00000,0.00000,2.00000,0.00000,0.00000,0.00000,0.00000,3.00000,10940.00000,
1375.58752,1593.38672,1591.88403,0.00000,13.59763,14.59763,2.71818,17.65155,-2.00617,47.35605,6.12997,5964.96338,5108.01709,0.00000,5964.96680,47.50000,6.00000,11710.00000,11145.00000,3.00000,11300.00000,10820.00000,3.00000,3.00000,1.00000,17.66393,-0.14452,0.00000,-2.50000,0.00000,3.00000,1.00000,356.16785,-21.62944,0.00000,-2.50000,0.00000,289.00000,0.00000,89.99978,0.00000,210.00000,0.00000,89.99978,0.00000,0.00000,2.00000,0.00000,0.00000,0.00000,0.00000,3.00000,10940.00000,
1376.57483,1596.55176,1595.04919,0.00000,13.59851,14.59851,2.71906,17.69007,-2.00640,47.35779,6.13090,5964.96289,5132.99121,0.00000,5964.96191,47.50000,6.00000,11710.00000,11145.00000,3.00000,11300.00000,10820.00000,3.00000,3.00000,1.00000,17.65647,-0.19009,0.00000,-2.50000,0.00000,3.00000,1.00000,356.12518,-21.71026,0.00000,-2.50000,0.00000,289.00000,0.00000,89.99978,0.00000,210.00000,0.00000,89.99978,0.00000,0.00000,2.00000,0.00000,0.00000,0.00000,0.00000,3.00000,10940.00000,
1377.55481,1599.66736,1598.16479,0.00000,13.59938,14.59938,2.71993,17.73106,-2.00662,47.35950,6.13182,5964.96240,5160.55762,0.00000,5964.96191,47.50000,6.00000,11710.00000,11145.00000,3.00000,11300.00000,10820.00000,3.00000,3.00000,1.00000,17.64890,-0.23366,0.00000,-2.50000,0.00000,3.00000,1.00000,356.08298,-21.78848,0.00000,-2.50000,0.00000,289.00000,0.00000,89.99978,0.00000,210.00000,0.00000,89.99978,0.00000,0.00000,2.00000,0.00000,0.00000,0.00000,0.00000,3.00000,10940.00000,
1378.53931,1603.13257,1601.63000,0.00000,13.60034,14.60034,2.72089,17.77407,-2.00687,47.36140,6.13284,5964.96191,5169.65869,0.00000,5964.96191,47.50000,6.00000,11710.00000,11145.00000,3.00000,11300.00000,10820.00000,3.00000,3.00000,1.00000,17.64017,-0.27968,0.00000,-2.50000,0.00000,3.00000,1.00000,356.03580,-21.87296,0.00000,-2.50000,0.00000,289.00000,0.00000,89.99978,0.00000,210.00000,0.00000,89.99978,0.00000,0.00000,2.00000,0.00000,0.00000,0.00000,0.00000,3.00000,10940.00000,
1379.52246,1606.49878,1604.99622,0.00000,13.60128,14.60128,2.72183,17.81403,-2.00712,47.36325,6.13384,5964.96191,5175.53369,0.00000,5964.96191,47.50000,6.00000,11710.00000,11145.00000,3.00000,11300.00000,10820.00000,3.00000,3.00000,1.00000,17.63137,-0.32176,0.00000,-2.50000,0.00000,3.00000,1.00000,355.98972,-21.95233,0.00000,-2.50000,0.00000,289.00000,0.00000,89.99978,0.00000,210.00000,0.00000,89.99978,0.00000,0.00000,2.00000,0.00000,0.00000,0.00000,0.00000,3.00000,10940.00000,
1380.50952,1609.81519,1608.31262,0.00000,13.60220,14.60220,2.72275,17.85105,-2.00736,47.36507,6.13482,5964.96240,5181.28271,0.00000,5964.96191,47.50000,6.00000,11710.00000,11145.00000,3.00000,11300.00000,10820.00000,3.00000,3.00000,1.00000,17.62240,-0.35994,0.00000,-2.50000,0.00000,3.00000,1.00000,355.94409,-22.02721,0.00000,-2.50000,0.00000,289.00000,0.00000,89.99978,0.00000,210.00000,0.00000,89.99978,0.00000,0.00000,2.00000,0.00000,0.00000,0.00000,0.00000,3.00000,10940.00000,
1381.49695,1613.18127,1611.67871,0.00000,13.60313,14.60313,2.72368,17.88502,-2.00760,47.36692,6.13582,5964.96387,5178.56885,0.00000,5964.96191,47.50000,6.00000,11710.00000,11145.00000,3.00000,11300.00000,10820.00000,3.00000,3.00000,1.00000,17.61309,-0.39498,0.00000,-2.50000,0.00000,3.00000,1.00000,355.89755,-22.09947,0.00000,-2.50000,0.00000,289.00000,0.00000,89.99978,0.00000,210.00000,0.00000,89.99978,0.00000,0.00000,2.00000,0.00000,0.00000,0.00000,0.00000,3.00000,10940.00000,
1382.48645,1615.99536,1614.49268,0.00000,13.60391,14.60391,2.72447,17.91018,-2.00780,47.36847,6.13666,5964.96582,5128.21484,0.00000,5964.96191,47.50000,6.00000,11710.00000,11145.00000,3.00000,11300.00000,10820.00000,3.00000,3.00000,1.00000,17.60508,-0.42139,0.00000,-2.50000,0.00000,3.00000,1.00000,355.85849,-22.15694,0.00000,-2.50000,0.00000,289.00000,0.00000,89.99978,0.00000,210.00000,0.00000,89.99978,0.00000,0.00000,2.00000,0.00000,0.00000,0.00000,0.00000,3.00000,10940.00000,
1383.45923,1618.96021,1617.45752,0.00000,13.60474,14.60474,2.72529,17.93329,-2.00802,47.37009,6.13754,5964.96777,5088.45898,0.00000,5964.96191,47.50000,6.00000,11710.00000,11145.00000,3.00000,11300.00000,10820.00000,3.00000,3.00000,1.00000,17.59651,-0.44639,0.00000,-2.50000,0.00000,3.00000,1.00000,355.81717,-22.21471,0.00000,-2.50000,0.00000,289.00000,0.00000,89.99978,0.00000,210.00000,0.00000,89.99978,0.00000,0.00000,2.00000,0.00000,0.00000,0.00000,0.00000,3.00000,10940.00000,
1384.45300,1622.12378,1620.62122,0.00000,13.60562,14.60562,2.72617,17.95386,-2.00825,47.37183,6.13848,5964.97021,5082.08545,0.00000,5964.96191,47.50000,6.00000,11710.00000,11145.00000,3.00000,11300.00000,10820.00000,3.00000,3.00000,1.00000,17.58715,-0.47033,0.00000,-2.50000,0.00000,3.00000,1.00000,355.77292,-22.27355,0.00000,-2.50000,0.00000,289.00000,0.00000,89.99978,0.00000,210.00000,0.00000,89.99978,0.00000,0.00000,2.00000,0.00000,0.00000,0.00000,0.00000,3.00000,10940.00000,
1385.43665,1625.28516,1623.78259,0.00000,13.60649,14.60649,2.72705,17.97058,-2.00848,47.37356,6.13943,5964.97266,5132.27588,0.00000,5964.96191,47.50000,6.00000,11710.00000,11145.00000,3.00000,11300.00000,10820.00000,3.00000,3.00000,1.00000,17.57765,-0.49183,0.00000,-2.50000,0.00000,3.00000,1.00000,355.72845,-22.32999,0.00000,-2.50000,0.00000,289.00000,0.00000,89.99978,0.00000,210.00000,0.00000,89.99978,0.00000,0.00000,2.00000,0.00000,0.00000,0.00000,0.00000,3.00000,10940.00000,
1386.41138,1628.75061,1627.24805,0.00000,13.60746,14.60746,2.72801,17.98574,-2.00873,47.37547,6.14046,5964.97559,5166.36035,0.00000,5964.96240,47.50000,6.00000,11710.00000,11145.00000,3.00000,11300.00000,10820.00000,3.00000,3.00000,1.00000,17.56702,-0.51343,0.00000,-2.50000,0.00000,3.00000,1.00000,355.67957,-22.38985,0.00000,-2.50000,0.00000,289.00000,0.00000,89.99978,0.00000,210.00000,0.00000,89.99978,0.00000,0.00000,2.00000,0.00000,0.00000,0.00000,0.00000,3.00000,10940.00000,
1387.39050,1632.16699,1630.66443,0.00000,13.60841,14.60841,2.72896,17.99842,-2.00898,47.37734,6.14148,5964.97900,5122.13867,0.00000,5964.96289,47.50000,6.00000,11710.00000,11145.00000,3.00000,11300.00000,10820.00000,3.00000,3.00000,1.00000,17.55639,-0.53286,0.00000,-2.50000,0.00000,3.00000,1.00000,355.63113,-22.44706,0.00000,-2.50000,0.00000,289.00000,0.00000,89.99978,0.00000,210.00000,0.00000,89.99978,0.00000,0.00000,2.00000,0.00000,0.00000,0.00000,0.00000,3.00000,10940.00000,
1388.37561,1635.38171,1633.87903,0.00000,13.60930,14.60930,2.72985,18.00835,-2.00921,47.37910,6.14244,5964.97998,5083.34326,0.00000,5964.97705,47.50000,6.00000,11710.00000,11145.00000,3.00000,11300.00000,10820.00000,3.00000,3.00000,1.00000,17.54618,-0.54962,0.00000,-2.50000,0.00000,3.00000,1.00000,355.58542,-22.49933,0.00000,-2.50000,0.00000,289.00000,0.00000,89.99978,0.00000,210.00000,0.00000,89.99978,0.00000,0.00000,2.00000,0.00000,0.00000,0.00000,0.00000,3.00000,10940.00000,
1389.35095,1638.49719,1636.99463,0.00000,13.61016,14.61016,2.73072,18.01575,-2.00944,47.38081,6.14337,5964.97949,5047.44873,0.00000,5964.97705,47.50000,6.00000,11710.00000,11145.00000,3.00000,11300.00000,10820.00000,3.00000,3.00000,1.00000,17.53621,-0.56455,0.00000,-2.50000,0.00000,3.00000,1.00000,355.54089,-22.54877,0.00000,-2.50000,0.00000,289.00000,0.00000,89.99978,0.00000,210.00000,0.00000,89.99978,0.00000,0.00000,2.00000,0.00000,0.00000,0.00000,0.00000,3.00000,10940.00000,
1390.34229,1641.66309,1640.16052,0.00000,13.61104,14.61104,2.73160,18.02145,-2.00967,47.38255,6.14431,5964.97900,5063.13086,0.00000,5964.97705,47.50000,6.00000,11710.00000,11145.00000,3.00000,11300.00000,10820.00000,3.00000,3.00000,1.00000,17.52586,-0.57904,0.00000,-2.50000,0.00000,3.00000,1.00000,355.49551,-22.59831,0.00000,-2.50000,0.00000,289.00000,0.00000,89.99978,0.00000,210.00000,0.00000,89.99978,0.00000,0.00000,2.00000,0.00000,0.00000,0.00000,0.00000,3.00000,10940.00000,
1391.32068,1644.82886,1643.32629,0.00000,13.61192,14.61192,2.73247,18.02610,-2.00990,47.38428,6.14526,5964.97852,5104.66553,0.00000,5964.97656,47.50000,6.00000,11710.00000,11145.00000,3.00000,11300.00000,10820.00000,3.00000,3.00000,1.00000,17.51541,-0.59299,0.00000,-2.50000,0.00000,3.00000,1.00000,355.44998,-22.64735,0.00000,-2.50000,0.00000,289.00000,0.00000,89.99978,0.00000,210.00000,0.00000,89.99978,0.00000,0.00000,2.00000,0.00000,0.00000,0.00000,0.00000,3.00000,10940.00000,
1392.30969,1647.94446,1646.44189,0.00000,13.61279,14.61279,2.73334,18.03039,-2.01013,47.38599,6.14619,5964.97852,5152.94336,0.00000,5964.97656,47.50000,6.00000,11710.00000,11145.00000,3.00000,11300.00000,10820.00000,3.00000,3.00000,1.00000,17.50502,-0.60629,0.00000,-2.50000,0.00000,3.00000,1.00000,355.40497,-22.69526,0.00000,-2.50000,0.00000,289.00000,0.00000,89.99978,0.00000,210.00000,0.00000,89.99978,0.00000,0.00000,2.00000,0.00000,0.00000,0.00000,0.00000,3.00000,10940.00000,
1393.29321,1651.21082,1649.70825,0.00000,13.61370,14.61370,2.73425,18.03435,-2.01037,47.38779,6.14716,5964.97754,5141.46240,0.00000,5964.97656,47.50000,6.00000,11710.00000,11145.00000,3.00000,11300.00000,10820.00000,3.00000,3.00000,1.00000,17.49392,-0.61983,0.00000,-2.50000,0.00000,3.00000,1.00000,355.35760,-22.74500,0.00000,-2.50000,0.00000,289.00000,0.00000,89.99978,0.00000,210.00000,0.00000,89.99978,0.00000,0.00000,2.00000,0.00000,0.00000,0.00000,0.00000,3.00000,10940.00000,
1394.27417,1654.86877,1653.36621,0.00000,13.61471,14.61471,2.73526,18.03725,-2.01063,47.38979,6.14826,5964.97754,5135.28662,0.00000,5964.97559,47.50000,6.00000,11710.00000,11145.00000,3.00000,11300.00000,10820.00000,3.00000,3.00000,1.00000,17.48142,-0.63425,0.00000,-2.50000,0.00000,3.00000,1.00000,355.30475,-22.79983,0.00000,-2.50000,0.00000,289.00000,0.00000,89.99978,0.00000,210.00000,0.00000,89.99978,0.00000,0.00000,2.00000,0.00000,0.00000,0.00000,0.00000,3.00000,10940.00000,
1395.25818,1658.38220,1656.87964,0.00000,13.61569,14.61569,2.73624,18.03880,-2.01089,47.39172,6.14931,5964.97754,5149.98096,0.00000,5964.97510,47.50000,6.00000,11710.00000,11145.00000,3.00000,11300.00000,10820.00000,3.00000,3.00000,1.00000,17.46914,-0.64799,0.00000,-2.50000,0.00000,3.00000,1.00000,355.25348,-22.85260,0.00000,-2.50000,0.00000,289.00000,0.00000,89.99978,0.00000,210.00000,0.00000,89.99978,0.00000,0.00000,2.00000,0.00000,0.00000,0.00000,0.00000,3.00000,10940.00000,
1396.24194,1661.94360,1660.44104,0.00000,13.61668,14.61668,2.73723,18.04052,-2.01115,47.39367,6.15037,5964.97754,5164.84668,0.00000,5964.97559,47.50000,6.00000,11710.00000,11145.00000,3.00000,11300.00000,10820.00000,3.00000,3.00000,1.00000,17.45659,-0.66206,0.00000,-2.50000,0.00000,3.00000,1.00000,355.20148,-22.90610,0.00000,-2.50000,0.00000,289.00000,0.00000,89.99978,0.00000,210.00000,0.00000,89.99978,0.00000,0.00000,2.00000,0.00000,0.00000,0.00000,0.00000,3.00000,10940.00000,
1397.22778,1665.15271,1663.65015,0.00000,13.61757,14.61757,2.73812,18.04259,-2.01138,47.39544,6.15133,5964.97754,5213.93457,0.00000,5964.97656,47.50000,6.00000,11710.00000,11145.00000,3.00000,11300.00000,10820.00000,3.00000,3.00000,1.00000,17.44511,-0.67478,0.00000,-2.50000,0.00000,3.00000,1.00000,355.15460,-22.95428,0.00000,-2.50000,0.00000,289.00000,0.00000,89.99978,0.00000,210.00000,0.00000,89.99978,0.00000,0.00000,2.00000,0.00000,0.00000,0.00000,0.00000,3.00000,10940.00000,
1398.20251,1668.11755,1666.61499,0.00000,13.61839,14.61839,2.73894,18.04415,-2.01160,47.39706,6.15221,5964.97705,5219.74121,0.00000,5964.97656,47.50000,6.00000,11710.00000,11145.00000,3.00000,11300.00000,10820.00000,3.00000,3.00000,1.00000,17.43434,-0.68642,0.00000,-2.50000,0.00000,3.00000,1.00000,355.11139,-22.99843,0.00000,-2.50000,0.00000,289.00000,0.00000,89.99978,0.00000,210.00000,0.00000,89.99978,0.00000,0.00000,2.00000,0.00000,0.00000,0.00000,0.00000,3.00000,10940.00000,
1399.18567,1671.67542,1670.17273,0.00000,13.61938,14.61938,2.73993,18.04516,-2.01186,47.39901,6.15328,5964.97656,5225.41309,0.00000,5964.97656,47.50000,6.00000,11710.00000,11145.00000,3.00000,11300.00000,10820.00000,3.00000,3.00000,1.00000,17.42136,-0.70025,0.00000,-2.50000,0.00000,3.00000,1.00000,355.05859,-23.05182,0.00000,-2.50000,0.00000,289.00000,0.00000,89.99978,0.00000,210.00000,0.00000,89.99978,0.00000,0.00000,2.00000,0.00000,0.00000,0.00000,0.00000,3.00000,10940.00000,
1400.16650,1674.33875,1672.83606,0.00000,13.62012,14.62012,2.74067,18.04559,-2.01205,47.40047,6.15407,5964.97559,5218.93115,0.00000,5964.97656,47.50000,6.00000,11710.00000,11145.00000,3.00000,11300.00000,10820.00000,3.00000,3.00000,1.00000,17.41144,-0.71075,0.00000,-2.50000,0.00000,3.00000,1.00000,355.01892,-23.09211,0.00000,-2.50000,0.00000,289.00000,0.00000,89.99978,0.00000,210.00000,0.00000,89.99978,0.00000,0.00000,2.00000,0.00000,0.00000,0.00000,0.00000,3.00000,10940.00000,
1401.15247,1677.84888,1676.34631,0.00000,13.62110,14.62110,2.74165,18.04645,-2.01231,47.40240,6.15512,5964.97461,5213.54346,0.00000,5964.97559,47.50000,6.00000,11710.00000,11145.00000,3.00000,11300.00000,10820.00000,3.00000,3.00000,1.00000,17.39826,-0.72476,0.00000,-2.50000,0.00000,3.00000,1.00000,354.96646,-23.14536,0.00000,-2.50000,0.00000,289.00000,0.00000,89.99978,0.00000,210.00000,0.00000,89.99978,0.00000,0.00000,2.00000,0.00000,0.00000,0.00000,0.00000,3.00000,10940.00000,
1402.13525,1681.06189,1679.55933,0.00000,13.62199,14.62199,2.74254,18.04776,-2.01255,47.40416,6.15608,5964.97363,5205.95166,0.00000,5964.97559,47.50000,6.00000,11710.00000,11145.00000,3.00000,11300.00000,10820.00000,3.00000,3.00000,1.00000,17.38604,-0.73769,0.00000,-2.50000,0.00000,3.00000,1.00000,354.91821,-23.19434,0.00000,-2.50000,0.00000,289.00000,0.00000,89.99978,0.00000,210.00000,0.00000,89.99978,0.00000,0.00000,2.00000,0.00000,0.00000,0.00000,0.00000,3.00000,10940.00000,
1403.12012,1684.07703,1682.57434,0.00000,13.62283,14.62283,2.74338,18.04865,-2.01277,47.40582,6.15698,5964.97412,5195.35010,0.00000,5964.97559,47.50000,6.00000,11710.00000,11145.00000,3.00000,11300.00000,10820.00000,3.00000,3.00000,1.00000,17.37440,-0.74980,0.00000,-2.50000,0.00000,3.00000,1.00000,354.87277,-23.24020,0.00000,-2.50000,0.00000,289.00000,0.00000,89.99978,0.00000,210.00000,0.00000,89.99978,0.00000,0.00000,2.00000,0.00000,0.00000,0.00000,0.00000,3.00000,10940.00000,
1404.09949,1687.49060,1685.98804,0.00000,13.62377,14.62377,2.74432,18.04905,-2.01302,47.40769,6.15801,5964.97412,5183.32373,0.00000,5964.97559,47.50000,6.00000,11710.00000,11145.00000,3.00000,11300.00000,10820.00000,3.00000,3.00000,1.00000,17.36113,-0.76353,0.00000,-2.50000,0.00000,3.00000,1.00000,354.82120,-23.29226,0.00000,-2.50000,0.00000,289.00000,0.00000,89.99978,0.00000,210.00000,0.00000,89.99978,0.00000,0.00000,2.00000,0.00000,0.00000,0.00000,0.00000,3.00000,10940.00000,
1405.08276,1691.05322,1689.55066,0.00000,13.62476,14.62476,2.74531,18.04944,-2.01328,47.40965,6.15907,5964.97412,5163.17822,0.00000,5964.97461,47.50000,6.00000,11710.00000,11145.00000,3.00000,11300.00000,10820.00000,3.00000,3.00000,1.00000,17.34700,-0.77832,0.00000,-2.50000,0.00000,3.00000,1.00000,354.76706,-23.34702,0.00000,-2.50000,0.00000,289.00000,0.00000,89.99978,0.00000,210.00000,0.00000,89.99978,0.00000,0.00000,2.00000,0.00000,0.00000,0.00000,0.00000,3.00000,10940.00000,
1406.06628,1694.31384,1692.81128,0.00000,13.62567,14.62567,2.74622,18.05039,-2.01351,47.41143,6.16005,5964.97412,5118.58105,0.00000,5964.97607,47.50000,6.00000,11710.00000,11145.00000,3.00000,11300.00000,10820.00000,3.00000,3.00000,1.00000,17.33397,-0.79209,0.00000,-2.50000,0.00000,3.00000,1.00000,354.71738,-23.39746,0.00000,-2.50000,0.00000,289.00000,0.00000,89.99978,0.00000,210.00000,0.00000,89.99978,0.00000,0.00000,2.00000,0.00000,0.00000,0.00000,0.00000,3.00000,10940.00000,
1407.03992,1697.22754,1695.72498,0.00000,13.62648,14.62648,2.74703,18.05139,-2.01373,47.41303,6.16092,5964.97412,5062.45605,0.00000,5964.97607,47.50000,6.00000,11710.00000,11145.00000,3.00000,11300.00000,10820.00000,3.00000,3.00000,1.00000,17.32210,-0.80438,0.00000,-2.50000,0.00000,3.00000,1.00000,354.67279,-23.44249,0.00000,-2.50000,0.00000,289.00000,0.00000,89.99978,0.00000,210.00000,0.00000,89.99978,0.00000,0.00000,2.00000,0.00000,0.00000,0.00000,0.00000,3.00000,10940.00000,
1408.02905,1700.48621,1698.98364,0.00000,13.62738,14.62738,2.74793,18.05204,-2.01397,47.41482,6.16189,5964.97363,5062.56396,0.00000,5964.97461,47.50000,6.00000,11710.00000,11145.00000,3.00000,11300.00000,10820.00000,3.00000,3.00000,1.00000,17.30874,-0.81808,0.00000,-2.50000,0.00000,3.00000,1.00000,354.62274,-23.49281,0.00000,-2.50000,0.00000,289.00000,0.00000,89.99978,0.00000,210.00000,0.00000,89.99978,0.00000,0.00000,2.00000,0.00000,0.00000,0.00000,0.00000,3.00000,10940.00000,
1409.01611,1703.68286,1702.18030,0.00000,13.62827,14.62827,2.74882,18.05203,-2.01420,47.41657,6.16285,5964.97363,5079.00049,0.00000,5964.97559,47.50000,6.00000,11710.00000,11145.00000,3.00000,11300.00000,10820.00000,3.00000,3.00000,1.00000,17.29540,-0.83165,0.00000,-2.50000,0.00000,3.00000,1.00000,354.57349,-23.54234,0.00000,-2.50000,0.00000,289.00000,0.00000,89.99978,0.00000,210.00000,0.00000,89.99978,0.00000,0.00000,2.00000,0.00000,0.00000,0.00000,0.00000,3.00000,10940.00000,
1410.00134,1706.69727,1705.19470,0.00000,13.62911,14.62911,2.74966,18.05209,-2.01442,47.41822,6.16375,5964.97363,5073.65576,0.00000,5964.97559,47.50000,6.00000,11710.00000,11145.00000,3.00000,11300.00000,10820.00000,3.00000,3.00000,1.00000,17.28270,-0.84479,0.00000,-2.50000,0.00000,3.00000,1.00000,354.52686,-23.58938,0.00000,-2.50000,0.00000,289.00000,0.00000,89.99978,0.00000,210.00000,0.00000,89.99978,0.00000,0.00000,2.00000,0.00000,0.00000,0.00000,0.00000,3.00000,10940.00000,
1410.98474,1710.01257,1708.50989,0.00000,13.63003,14.63003,2.75058,18.05294,-2.01466,47.42004,6.16474,5964.97412,5004.27246,0.00000,5964.97559,47.50000,6.00000,11710.00000,11145.00000,3.00000,11300.00000,10820.00000,3.00000,3.00000,1.00000,17.26852,-0.85963,0.00000,-2.50000,0.00000,3.00000,1.00000,354.47540,-23.64153,0.00000,-2.50000,0.00000,289.00000,0.00000,89.99978,0.00000,210.00000,0.00000,89.99978,0.00000,0.00000,2.00000,0.00000,0.00000,0.00000,0.00000,3.00000,10940.00000,
1411.97571,1713.02759,1711.52502,0.00000,13.63087,14.63087,2.75142,18.05383,-2.01488,47.42170,6.16564,5964.97412,5019.80371,0.00000,5964.97559,47.50000,6.00000,11710.00000,11145.00000,3.00000,11300.00000,10820.00000,3.00000,3.00000,1.00000,17.25548,-0.87308,0.00000,-2.50000,0.00000,3.00000,1.00000,354.42838,-23.68891,0.00000,-2.50000,0.00000,289.00000,0.00000,89.99978,0.00000,210.00000,0.00000,89.99978,0.00000,0.00000,2.00000,0.00000,0.00000,0.00000,0.00000,3.00000,10940.00000,
1412.95923,1716.64026,1715.13770,0.00000,13.63187,14.63187,2.75242,18.05411,-2.01515,47.42368,6.16672,5964.97461,5055.53711,0.00000,5964.97559,47.50000,6.00000,11710.00000,11145.00000,3.00000,11300.00000,10820.00000,3.00000,3.00000,1.00000,17.23961,-0.88905,0.00000,-2.50000,0.00000,3.00000,1.00000,354.37189,-23.74556,0.00000,-2.50000,0.00000,289.00000,0.00000,89.99978,0.00000,210.00000,0.00000,89.99978,0.00000,0.00000,2.00000,0.00000,0.00000,0.00000,0.00000,3.00000,10940.00000,
1413.94653,1720.15784,1718.65527,0.00000,13.63285,14.63285,2.75340,18.05408,-2.01541,47.42561,6.16778,5964.97510,5077.03613,0.00000,5964.97461,47.50000,6.00000,11710.00000,11145.00000,3.00000,11300.00000,10820.00000,3.00000,3.00000,1.00000,17.22399,-0.90512,0.00000,-2.50000,0.00000,3.00000,1.00000,354.31659,-23.80124,0.00000,-2.50000,0.00000,289.00000,0.00000,89.99978,0.00000,210.00000,0.00000,89.99978,0.00000,0.00000,2.00000,0.00000,0.00000,0.00000,0.00000,3.00000,10940.00000,
1414.93420,1723.37390,1721.87134,0.00000,13.63374,14.63374,2.75429,18.05453,-2.01564,47.42737,6.16874,5964.97510,5100.67090,0.00000,5964.97461,47.50000,6.00000,11710.00000,11145.00000,3.00000,11300.00000,10820.00000,3.00000,3.00000,1.00000,17.20940,-0.92031,0.00000,-2.50000,0.00000,3.00000,1.00000,354.26584,-23.85263,0.00000,-2.50000,0.00000,289.00000,0.00000,89.99978,0.00000,210.00000,0.00000,89.99978,0.00000,0.00000,2.00000,0.00000,0.00000,0.00000,0.00000,3.00000,10940.00000,
1415.92346,1726.43701,1724.93445,0.00000,13.63459,14.63459,2.75514,18.05557,-2.01587,47.42905,6.16966,5964.97559,5128.11279,0.00000,5964.97461,47.50000,6.00000,11710.00000,11145.00000,3.00000,11300.00000,10820.00000,3.00000,3.00000,1.00000,17.19542,-0.93488,0.00000,-2.50000,0.00000,3.00000,1.00000,354.21735,-23.90169,0.00000,-2.50000,0.00000,289.00000,0.00000,89.99978,0.00000,210.00000,0.00000,89.99978,0.00000,0.00000,2.00000,0.00000,0.00000,0.00000,0.00000,3.00000,10940.00000,
1416.91260,1729.60181,1728.09924,0.00000,13.63547,14.63547,2.75602,18.05627,-2.01610,47.43079,6.17060,5964.97607,5136.97217,0.00000,5964.97461,47.50000,6.00000,11710.00000,11145.00000,3.00000,11300.00000,10820.00000,3.00000,3.00000,1.00000,17.18069,-0.94985,0.00000,-2.50000,0.00000,3.00000,1.00000,354.16708,-23.95222,0.00000,-2.50000,0.00000,289.00000,0.00000,89.99978,0.00000,210.00000,0.00000,89.99978,0.00000,0.00000,2.00000,0.00000,0.00000,0.00000,0.00000,3.00000,10940.00000,
1417.90137,1733.11462,1731.61206,0.00000,13.63645,14.63645,2.75700,18.05641,-2.01636,47.43272,6.17165,5964.97705,5133.47900,0.00000,5964.97461,47.50000,6.00000,11710.00000,11145.00000,3.00000,11300.00000,10820.00000,3.00000,3.00000,1.00000,17.16418,-0.96661,0.00000,-2.50000,0.00000,3.00000,1.00000,354.11099,-24.00857,0.00000,-2.50000,0.00000,289.00000,0.00000,89.99978,0.00000,210.00000,0.00000,89.99978,0.00000,0.00000,2.00000,0.00000,0.00000,0.00000,0.00000,3.00000,10940.00000,
1418.88293,1735.97900,1734.47644,0.00000,13.63724,14.63724,2.75779,18.05642,-2.01657,47.43429,6.17251,5964.97705,5109.87354,0.00000,5964.97461,47.50000,6.00000,11710.00000,11145.00000,3.00000,11300.00000,10820.00000,3.00000,3.00000,1.00000,17.15049,-0.98066,0.00000,-2.50000,0.00000,3.00000,1.00000,354.06509,-24.05484,0.00000,-2.50000,0.00000,289.00000,0.00000,89.99978,0.00000,210.00000,0.00000,89.99978,0.00000,0.00000,2.00000,0.00000,0.00000,0.00000,0.00000,3.00000,10940.00000,
1419.86414,1739.66248,1738.15979,0.00000,13.63827,14.63827,2.75882,18.05711,-2.01684,47.43631,6.17361,5964.97754,5055.05420,0.00000,5964.97656,47.50000,6.00000,11710.00000,11145.00000,3.00000,11300.00000,10820.00000,3.00000,3.00000,1.00000,17.13266,-0.99920,0.00000,-2.50000,0.00000,3.00000,1.00000,354.00607,-24.11466,0.00000,-2.50000,0.00000,289.00000,0.00000,89.99978,0.00000,210.00000,0.00000,89.99978,0.00000,0.00000,2.00000,0.00000,0.00000,0.00000,0.00000,3.00000,10940.00000,
1420.84631,1742.72778,1741.22522,0.00000,13.63912,14.63912,2.75967,18.05802,-2.01706,47.43799,6.17453,5964.97705,5068.22510,0.00000,5964.97656,47.50000,6.00000,11710.00000,11145.00000,3.00000,11300.00000,10820.00000,3.00000,3.00000,1.00000,17.11763,-1.01466,0.00000,-2.50000,0.00000,3.00000,1.00000,353.95639,-24.16468,0.00000,-2.50000,0.00000,289.00000,0.00000,89.99978,0.00000,210.00000,0.00000,89.99978,0.00000,0.00000,2.00000,0.00000,0.00000,0.00000,0.00000,3.00000,10940.00000,
1421.82690,1746.09436,1744.59180,0.00000,13.64005,14.64005,2.76060,18.05864,-2.01731,47.43984,6.17554,5964.97803,5078.69775,0.00000,5964.97510,47.50000,6.00000,11710.00000,11145.00000,3.00000,11300.00000,10820.00000,3.00000,3.00000,1.00000,17.10080,-1.03172,0.00000,-2.50000,0.00000,3.00000,1.00000,353.90182,-24.21949,0.00000,-2.50000,0.00000,289.00000,0.00000,89.99978,0.00000,210.00000,0.00000,89.99978,0.00000,0.00000,2.00000,0.00000,0.00000,0.00000,0.00000,3.00000,10940.00000,
1422.80603,1749.50427,1748.00171,0.00000,13.64100,14.64100,2.76155,18.05880,-2.01756,47.44171,6.17656,5964.97852,5046.89453,0.00000,5964.97559,47.50000,6.00000,11710.00000,11145.00000,3.00000,11300.00000,10820.00000,3.00000,3.00000,1.00000,17.08355,-1.04930,0.00000,-2.50000,0.00000,3.00000,1.00000,353.84631,-24.27529,0.00000,-2.50000,0.00000,289.00000,0.00000,89.99978,0.00000,210.00000,0.00000,89.99978,0.00000,0.00000,2.00000,0.00000,0.00000,0.00000,0.00000,3.00000,10940.00000,
1423.79504,1752.61987,1751.11731,0.00000,13.64186,14.64186,2.76242,18.05889,-2.01779,47.44342,6.17749,5964.97852,5017.55566,0.00000,5964.97559,47.50000,6.00000,11710.00000,11145.00000,3.00000,11300.00000,10820.00000,3.00000,3.00000,1.00000,17.06759,-1.06568,0.00000,-2.50000,0.00000,3.00000,1.00000,353.79541,-24.32663,0.00000,-2.50000,0.00000,289.00000,0.00000,89.99978,0.00000,210.00000,0.00000,89.99978,0.00000,0.00000,2.00000,0.00000,0.00000,0.00000,0.00000,3.00000,10940.00000,
1424.78296,1755.63489,1754.13232,0.00000,13.64270,14.64270,2.76325,18.05947,-2.01801,47.44507,6.17840,5964.97852,5008.57666,0.00000,5964.97559,47.50000,6.00000,11710.00000,11145.00000,3.00000,11300.00000,10820.00000,3.00000,3.00000,1.00000,17.05184,-1.08199,0.00000,-2.50000,0.00000,3.00000,1.00000,353.74600,-24.37669,0.00000,-2.50000,0.00000,289.00000,0.00000,89.99978,0.00000,210.00000,0.00000,89.99978,0.00000,0.00000,2.00000,0.00000,0.00000,0.00000,0.00000,3.00000,10940.00000,
1425.76099,1758.85095,1757.34839,0.00000,13.64360,14.64360,2.76415,18.06043,-2.01825,47.44683,6.17936,5964.97900,5010.71094,0.00000,5964.97559,47.50000,6.00000,11710.00000,11145.00000,3.00000,11300.00000,10820.00000,3.00000,3.00000,1.00000,17.03487,-1.09941,0.00000,-2.50000,0.00000,3.00000,1.00000,353.69327,-24.42993,0.00000,-2.50000,0.00000,289.00000,0.00000,89.99978,0.00000,210.00000,0.00000,89.99978,0.00000,0.00000,2.00000,0.00000,0.00000,0.00000,0.00000,3.00000,10940.00000,
1426.75171,1761.81580,1760.31323,0.00000,13.64442,14.64442,2.76497,18.06098,-2.01847,47.44846,6.18025,5964.97949,5014.84668,0.00000,5964.97656,47.50000,6.00000,11710.00000,11145.00000,3.00000,11300.00000,10820.00000,3.00000,3.00000,1.00000,17.01900,-1.11551,0.00000,-2.50000,0.00000,3.00000,1.00000,353.64465,-24.47881,0.00000,-2.50000,0.00000,289.00000,0.00000,89.99978,0.00000,210.00000,0.00000,89.99978,0.00000,0.00000,2.00000,0.00000,0.00000,0.00000,0.00000,3.00000,10940.00000,
1427.73254,1765.47815,1763.97559,0.00000,13.64544,14.64544,2.76599,18.06118,-2.01873,47.45047,6.18134,5964.97949,5064.13135,0.00000,5964.97705,47.50000,6.00000,11710.00000,11145.00000,3.00000,11300.00000,10820.00000,3.00000,3.00000,1.00000,16.99906,-1.13579,0.00000,-2.50000,0.00000,3.00000,1.00000,353.58450,-24.53939,0.00000,-2.50000,0.00000,289.00000,0.00000,89.99978,0.00000,210.00000,0.00000,89.99978,0.00000,0.00000,2.00000,0.00000,0.00000,0.00000,0.00000,3.00000,10940.00000,
1428.71362,1768.29224,1766.78955,0.00000,13.64622,14.64622,2.76677,18.06124,-2.01894,47.45201,6.18219,5964.97949,5126.65869,0.00000,5964.97656,47.50000,6.00000,11710.00000,11145.00000,3.00000,11300.00000,10820.00000,3.00000,3.00000,1.00000,16.98351,-1.15165,0.00000,-2.50000,0.00000,3.00000,1.00000,353.53824,-24.58598,0.00000,-2.50000,0.00000,289.00000,0.00000,89.99978,0.00000,210.00000,0.00000,89.99978,0.00000,0.00000,2.00000,0.00000,0.00000,0.00000,0.00000,3.00000,10940.00000,
1429.69653,1771.25354,1769.75098,0.00000,13.64704,14.64704,2.76759,18.06180,-2.01916,47.45364,6.18307,5964.97900,5140.54004,0.00000,5964.97656,47.50000,6.00000,11710.00000,11145.00000,3.00000,11300.00000,10820.00000,3.00000,3.00000,1.00000,16.96697,-1.16880,0.00000,-2.50000,0.00000,3.00000,1.00000,353.48874,-24.63590,0.00000,-2.50000,0.00000,289.00000,0.00000,89.99978,0.00000,210.00000,0.00000,89.99978,0.00000,0.00000,2.00000,0.00000,0.00000,0.00000,0.00000,3.00000,10940.00000,
1430.68433,1774.96191,1773.45923,0.00000,13.64807,14.64807,2.76862,18.06281,-2.01943,47.45567,6.18418,5964.97900,5116.76123,0.00000,5964.97656,47.50000,6.00000,11710.00000,11145.00000,3.00000,11300.00000,10820.00000,3.00000,3.00000,1.00000,16.94588,-1.19032,0.00000,-2.50000,0.00000,3.00000,1.00000,353.42651,-24.69854,0.00000,-2.50000,0.00000,289.00000,0.00000,89.99978,0.00000,210.00000,0.00000,89.99978,0.00000,0.00000,2.00000,0.00000,0.00000,0.00000,0.00000,3.00000,10940.00000,
1431.66174,1778.57019,1777.06763,0.00000,13.64907,14.64907,2.76962,18.06339,-2.01970,47.45765,6.18527,5964.97900,5051.15527,0.00000,5964.97705,47.50000,6.00000,11710.00000,11145.00000,3.00000,11300.00000,10820.00000,3.00000,3.00000,1.00000,16.92497,-1.21153,0.00000,-2.50000,0.00000,3.00000,1.00000,353.36569,-24.75972,0.00000,-2.50000,0.00000,289.00000,0.00000,89.99978,0.00000,210.00000,0.00000,89.99978,0.00000,0.00000,2.00000,0.00000,0.00000,0.00000,0.00000,3.00000,10940.00000,
1432.64844,1781.88452,1780.38196,0.00000,13.64999,14.64999,2.77055,18.06354,-2.01994,47.45947,6.18626,5964.97900,5017.56006,0.00000,5964.97705,47.50000,6.00000,11710.00000,11145.00000,3.00000,11300.00000,10820.00000,3.00000,3.00000,1.00000,16.90545,-1.23138,0.00000,-2.50000,0.00000,3.00000,1.00000,353.30960,-24.81623,0.00000,-2.50000,0.00000,289.00000,0.00000,89.99978,0.00000,210.00000,0.00000,89.99978,0.00000,0.00000,2.00000,0.00000,0.00000,0.00000,0.00000,3.00000,10940.00000,
1433.63367,1785.14819,1783.64563,0.00000,13.65090,14.65090,2.77145,18.06373,-2.02018,47.46126,6.18724,5964.97803,5119.50098,0.00000,5964.97559,47.50000,6.00000,11710.00000,11145.00000,3.00000,11300.00000,10820.00000,3.00000,3.00000,1.00000,16.88594,-1.25131,0.00000,-2.50000,0.00000,3.00000,1.00000,353.25415,-24.87210,0.00000,-2.50000,0.00000,289.00000,0.00000,89.99978,0.00000,210.00000,0.00000,89.99978,0.00000,0.00000,2.00000,0.00000,0.00000,0.00000,0.00000,3.00000,10940.00000,
1434.61987,1788.36255,1786.85999,0.00000,13.65179,14.65179,2.77235,18.06461,-2.02042,47.46302,6.18820,5964.97754,5053.65430,0.00000,5964.97559,47.50000,6.00000,11710.00000,11145.00000,3.00000,11300.00000,10820.00000,3.00000,3.00000,1.00000,16.86642,-1.27142,0.00000,-2.50000,0.00000,3.00000,1.00000,353.19931,-24.92756,0.00000,-2.50000,0.00000,289.00000,0.00000,89.99978,0.00000,210.00000,0.00000,89.99978,0.00000,0.00000,2.00000,0.00000,0.00000,0.00000,0.00000,3.00000,10940.00000,
1435.60437,1791.32739,1789.82483,0.00000,13.65262,14.65262,2.77317,18.06540,-2.02064,47.46465,6.18909,5964.97803,5005.47021,0.00000,5964.97559,47.50000,6.00000,11710.00000,11145.00000,3.00000,11300.00000,10820.00000,3.00000,3.00000,1.00000,16.84815,-1.28998,0.00000,-2.50000,0.00000,3.00000,1.00000,353.14853,-24.97863,0.00000,-2.50000,0.00000,289.00000,0.00000,89.99978,0.00000,210.00000,0.00000,89.99978,0.00000,0.00000,2.00000,0.00000,0.00000,0.00000,0.00000,3.00000,10940.00000,
1436.57886,1794.64392,1793.14136,0.00000,13.65354,14.65354,2.77409,18.06563,-2.02088,47.46647,6.19008,5964.97852,4978.12646,0.00000,5964.97559,47.50000,6.00000,11710.00000,11145.00000,3.00000,11300.00000,10820.00000,3.00000,3.00000,1.00000,16.82738,-1.31089,0.00000,-2.50000,0.00000,3.00000,1.00000,353.09149,-25.03582,0.00000,-2.50000,0.00000,289.00000,0.00000,89.99978,0.00000,210.00000,0.00000,89.99978,0.00000,0.00000,2.00000,0.00000,0.00000,0.00000,0.00000,3.00000,10940.00000,
1437.55286,1797.90820,1796.40564,0.00000,13.65445,14.65445,2.77500,18.06563,-2.02112,47.46826,6.19106,5964.97852,5011.26367,0.00000,5964.97559,47.50000,6.00000,11710.00000,11145.00000,3.00000,11300.00000,10820.00000,3.00000,3.00000,1.00000,16.80658,-1.33203,0.00000,-2.50000,0.00000,3.00000,1.00000,353.03516,-25.09256,0.00000,-2.50000,0.00000,289.00000,0.00000,89.99978,0.00000,210.00000,0.00000,89.99978,0.00000,0.00000,2.00000,0.00000,0.00000,0.00000,0.00000,3.00000,10940.00000,
1438.53174,1801.17261,1799.66992,0.00000,13.65535,14.65535,2.77590,18.06608,-2.02136,47.47005,6.19204,5964.97852,5018.25488,0.00000,5964.97559,47.50000,6.00000,11710.00000,11145.00000,3.00000,11300.00000,10820.00000,3.00000,3.00000,1.00000,16.78544,-1.35374,0.00000,-2.50000,0.00000,3.00000,1.00000,352.97858,-25.14973,0.00000,-2.50000,0.00000,289.00000,0.00000,89.99978,0.00000,210.00000,0.00000,89.99978,0.00000,0.00000,2.00000,0.00000,0.00000,0.00000,0.00000,3.00000,10940.00000,
1439.51343,1804.58801,1803.08545,0.00000,13.65630,14.65630,2.77685,18.06710,-2.02161,47.47192,6.19306,5964.97900,4987.90674,0.00000,5964.97656,47.50000,6.00000,11710.00000,11145.00000,3.00000,11300.00000,10820.00000,3.00000,3.00000,1.00000,16.76295,-1.37679,0.00000,-2.50000,0.00000,3.00000,1.00000,352.91916,-25.20975,0.00000,-2.50000,0.00000,289.00000,0.00000,89.99978,0.00000,210.00000,0.00000,89.99978,0.00000,0.00000,2.00000,0.00000,0.00000,0.00000,0.00000,3.00000,10940.00000,
1440.50000,1807.75342,1806.25085,0.00000,13.65718,14.65718,2.77773,18.06778,-2.02185,47.47366,6.19401,5964.97900,4987.80078,0.00000,5964.97656,47.50000,6.00000,11710.00000,11145.00000,3.00000,11300.00000,10820.00000,3.00000,3.00000,1.00000,16.74174,-1.39820,0.00000,-2.50000,0.00000,3.00000,1.00000,352.86383,-25.26532,0.00000,-2.50000,0.00000,289.00000,0.00000,89.99978,0.00000,210.00000,0.00000,89.99978,0.00000,0.00000,2.00000,0.00000,0.00000,0.00000,0.00000,3.00000,10940.00000,
1441.48608,1811.11133,1809.60876,0.00000,13.65811,14.65811,2.77866,18.06816,-2.02210,47.47550,6.19502,5964.97900,5013.06689,0.00000,5964.97803,47.50000,6.00000,11710.00000,11145.00000,3.00000,11300.00000,10820.00000,3.00000,3.00000,1.00000,16.71888,-1.42137,0.00000,-2.50000,0.00000,3.00000,1.00000,352.80505,-25.32455,0.00000,-2.50000,0.00000,289.00000,0.00000,89.99978,0.00000,210.00000,0.00000,89.99978,0.00000,0.00000,2.00000,0.00000,0.00000,0.00000,0.00000,3.00000,10940.00000,
1442.47498,1814.27625,1812.77368,0.00000,13.65899,14.65899,2.77954,18.06819,-2.02233,47.47724,6.19597,5964.97803,5122.68652,0.00000,5964.97656,47.50000,6.00000,11710.00000,11145.00000,3.00000,11300.00000,10820.00000,3.00000,3.00000,1.00000,16.69695,-1.44362,0.00000,-2.50000,0.00000,3.00000,1.00000,352.74918,-25.38071,0.00000,-2.50000,0.00000,289.00000,0.00000,89.99978,0.00000,210.00000,0.00000,89.99978,0.00000,0.00000,2.00000,0.00000,0.00000,0.00000,0.00000,3.00000,10940.00000,
1443.45422,1817.69263,1816.19006,0.00000,13.65994,14.65994,2.78049,18.06865,-2.02258,47.47911,6.19699,5964.97705,5123.27588,0.00000,5964.97559,47.50000,6.00000,11710.00000,11145.00000,3.00000,11300.00000,10820.00000,3.00000,3.00000,1.00000,16.67288,-1.46822,0.00000,-2.50000,0.00000,3.00000,1.00000,352.68875,-25.44171,0.00000,-2.50000,0.00000,289.00000,0.00000,89.99978,0.00000,210.00000,0.00000,89.99978,0.00000,0.00000,2.00000,0.00000,0.00000,0.00000,0.00000,3.00000,10940.00000,
1444.43176,1820.80322,1819.30066,0.00000,13.66080,14.66080,2.78136,18.06957,-2.02281,47.48082,6.19792,5964.97754,5071.55908,0.00000,5964.97559,47.50000,6.00000,11710.00000,11145.00000,3.00000,11300.00000,10820.00000,3.00000,3.00000,1.00000,16.65056,-1.49099,0.00000,-2.50000,0.00000,3.00000,1.00000,352.63351,-25.49745,0.00000,-2.50000,0.00000,289.00000,0.00000,89.99978,0.00000,210.00000,0.00000,89.99978,0.00000,0.00000,2.00000,0.00000,0.00000,0.00000,0.00000,3.00000,10940.00000,
1445.41077,1823.51685,1822.01428,0.00000,13.66156,14.66156,2.78211,18.07018,-2.02301,47.48231,6.19874,5964.97754,5072.00732,0.00000,5964.97559,47.50000,6.00000,11710.00000,11145.00000,3.00000,11300.00000,10820.00000,3.00000,3.00000,1.00000,16.63079,-1.51095,0.00000,-2.50000,0.00000,3.00000,1.00000,352.58514,-25.54603,0.00000,-2.50000,0.00000,289.00000,0.00000,89.99978,0.00000,210.00000,0.00000,89.99978,0.00000,0.00000,2.00000,0.00000,0.00000,0.00000,0.00000,3.00000,10940.00000,
1446.39136,1827.23560,1825.73303,0.00000,13.66259,14.66259,2.78314,18.07038,-2.02329,47.48434,6.19985,5964.97803,5102.60156,0.00000,5964.97803,47.50000,6.00000,11710.00000,11145.00000,3.00000,11300.00000,10820.00000,3.00000,3.00000,1.00000,16.60322,-1.53870,0.00000,-2.50000,0.00000,3.00000,1.00000,352.51904,-25.61267,0.00000,-2.50000,0.00000,289.00000,0.00000,89.99978,0.00000,210.00000,0.00000,89.99978,0.00000,0.00000,2.00000,0.00000,0.00000,0.00000,0.00000,3.00000,10940.00000,
1447.37097,1830.89587,1829.39331,0.00000,13.66361,14.66361,2.78416,18.07046,-2.02356,47.48635,6.20095,5964.97705,5068.89551,0.00000,5964.97656,47.50000,6.00000,11710.00000,11145.00000,3.00000,11300.00000,10820.00000,3.00000,3.00000,1.00000,16.57550,-1.56679,0.00000,-2.50000,0.00000,3.00000,1.00000,352.45279,-25.67905,0.00000,-2.50000,0.00000,289.00000,0.00000,89.99978,0.00000,210.00000,0.00000,89.99978,0.00000,0.00000,2.00000,0.00000,0.00000,0.00000,0.00000,3.00000,10940.00000,
1448.34912,1834.31104,1832.80847,0.00000,13.66456,14.66456,2.78511,18.07124,-2.02381,47.48823,6.20198,5964.97754,5064.24414,0.00000,5964.97656,47.50000,6.00000,11710.00000,11145.00000,3.00000,11300.00000,10820.00000,3.00000,3.00000,1.00000,16.54919,-1.59377,0.00000,-2.50000,0.00000,3.00000,1.00000,352.39111,-25.74150,0.00000,-2.50000,0.00000,289.00000,0.00000,89.99978,0.00000,210.00000,0.00000,89.99978,0.00000,0.00000,2.00000,0.00000,0.00000,0.00000,0.00000,3.00000,10940.00000,
1449.33606,1837.91870,1836.41602,0.00000,13.66556,14.66556,2.78611,18.07226,-2.02407,47.49021,6.20306,5964.97803,5105.68994,0.00000,5964.97656,47.50000,6.00000,11710.00000,11145.00000,3.00000,11300.00000,10820.00000,3.00000,3.00000,1.00000,16.52080,-1.62247,0.00000,-2.50000,0.00000,3.00000,1.00000,352.32581,-25.80721,0.00000,-2.50000,0.00000,289.00000,0.00000,89.99978,0.00000,210.00000,0.00000,89.99978,0.00000,0.00000,2.00000,0.00000,0.00000,0.00000,0.00000,3.00000,10940.00000,
1450.31860,1841.03418,1839.53162,0.00000,13.66642,14.66642,2.78698,18.07271,-2.02431,47.49192,6.20399,5964.97852,5128.14111,0.00000,5964.97656,47.50000,6.00000,11710.00000,11145.00000,3.00000,11300.00000,10820.00000,3.00000,3.00000,1.00000,16.49582,-1.64761,0.00000,-2.50000,0.00000,3.00000,1.00000,352.26904,-25.86425,0.00000,-2.50000,0.00000,289.00000,0.00000,89.99978,0.00000,210.00000,0.00000,89.99978,0.00000,0.00000,2.00000,0.00000,0.00000,0.00000,0.00000,3.00000,10940.00000,
1451.30212,1844.14758,1842.64502,0.00000,13.66729,14.66729,2.78784,18.07277,-2.02454,47.49362,6.20493,5964.97852,5133.41943,0.00000,5964.97656,47.50000,6.00000,11710.00000,11145.00000,3.00000,11300.00000,10820.00000,3.00000,3.00000,1.00000,16.47044,-1.67328,0.00000,-2.50000,0.00000,3.00000,1.00000,352.21246,-25.92129,0.00000,-2.50000,0.00000,289.00000,0.00000,89.99978,0.00000,210.00000,0.00000,89.99978,0.00000,0.00000,2.00000,0.00000,0.00000,0.00000,0.00000,3.00000,10940.00000,
1452.27673,1846.81091,1845.30835,0.00000,13.66803,14.66803,2.78858,18.07289,-2.02473,47.49508,6.20573,5964.97852,5126.39111,0.00000,5964.97705,47.50000,6.00000,11710.00000,11145.00000,3.00000,11300.00000,10820.00000,3.00000,3.00000,1.00000,16.44837,-1.69564,0.00000,-2.50000,0.00000,3.00000,1.00000,352.16394,-25.97016,0.00000,-2.50000,0.00000,289.00000,0.00000,89.99978,0.00000,210.00000,0.00000,89.99978,0.00000,0.00000,2.00000,0.00000,0.00000,0.00000,0.00000,3.00000,10940.00000,
1453.26233,1850.07703,1848.57446,0.00000,13.66894,14.66894,2.78949,18.07366,-2.02497,47.49688,6.20671,5964.97900,5112.17480,0.00000,5964.97656,47.50000,6.00000,11710.00000,11145.00000,3.00000,11300.00000,10820.00000,3.00000,3.00000,1.00000,16.42081,-1.72375,0.00000,-2.50000,0.00000,3.00000,1.00000,352.10443,-26.03039,0.00000,-2.50000,0.00000,289.00000,0.00000,89.99978,0.00000,210.00000,0.00000,89.99978,0.00000,0.00000,2.00000,0.00000,0.00000,0.00000,0.00000,3.00000,10940.00000,
1454.23608,1853.09204,1851.58948,0.00000,13.66977,14.66977,2.79033,18.07446,-2.02520,47.49853,6.20761,5964.97949,5093.20459,0.00000,5964.97705,47.50000,6.00000,11710.00000,11145.00000,3.00000,11300.00000,10820.00000,3.00000,3.00000,1.00000,16.39490,-1.74990,0.00000,-2.50000,0.00000,3.00000,1.00000,352.04901,-26.08596,0.00000,-2.50000,0.00000,289.00000,0.00000,89.99978,0.00000,210.00000,0.00000,89.99978,0.00000,0.00000,2.00000,0.00000,0.00000,0.00000,0.00000,3.00000,10940.00000,
1455.21582,1856.35681,1854.85425,0.00000,13.67068,14.67068,2.79123,18.07499,-2.02544,47.50032,6.20859,5964.97998,5074.58838,0.00000,5964.97705,47.50000,6.00000,11710.00000,11145.00000,3.00000,11300.00000,10820.00000,3.00000,3.00000,1.00000,16.36635,-1.77865,0.00000,-2.50000,0.00000,3.00000,1.00000,351.98840,-26.14681,0.00000,-2.50000,0.00000,289.00000,0.00000,89.99978,0.00000,210.00000,0.00000,89.99978,0.00000,0.00000,2.00000,0.00000,0.00000,0.00000,0.00000,3.00000,10940.00000,
1456.19177,1860.05786,1858.55518,0.00000,13.67171,14.67171,2.79226,18.07518,-2.02571,47.50235,6.20970,5964.97998,5053.86816,0.00000,5964.97656,47.50000,6.00000,11710.00000,11145.00000,3.00000,11300.00000,10820.00000,3.00000,3.00000,1.00000,16.33330,-1.81202,0.00000,-2.50000,0.00000,3.00000,1.00000,351.91934,-26.21626,0.00000,-2.50000,0.00000,289.00000,0.00000,89.99978,0.00000,210.00000,0.00000,89.99978,0.00000,0.00000,2.00000,0.00000,0.00000,0.00000,0.00000,3.00000,10940.00000,
1457.16614,1863.57043,1862.06787,0.00000,13.67268,14.67268,2.79324,18.07543,-2.02597,47.50428,6.21075,5964.98047,4979.90186,0.00000,5964.97705,47.50000,6.00000,11710.00000,11145.00000,3.00000,11300.00000,10820.00000,3.00000,3.00000,1.00000,16.30122,-1.84443,0.00000,-2.50000,0.00000,3.00000,1.00000,351.85358,-26.28251,0.00000,-2.50000,0.00000,289.00000,0.00000,89.99978,0.00000,210.00000,0.00000,89.99978,0.00000,0.00000,2.00000,0.00000,0.00000,0.00000,0.00000,3.00000,10940.00000,
1458.14807,1866.48499,1864.98242,0.00000,13.67349,14.67349,2.79405,18.07611,-2.02619,47.50587,6.21163,5964.98047,4942.63281,0.00000,5964.97656,47.50000,6.00000,11710.00000,11145.00000,3.00000,11300.00000,10820.00000,3.00000,3.00000,1.00000,16.27412,-1.87198,0.00000,-2.50000,0.00000,3.00000,1.00000,351.79874,-26.33786,0.00000,-2.50000,0.00000,289.00000,0.00000,89.99978,0.00000,210.00000,0.00000,89.99978,0.00000,0.00000,2.00000,0.00000,0.00000,0.00000,0.00000,3.00000,10940.00000,
1459.13147,1870.09814,1868.59558,0.00000,13.67450,14.67450,2.79505,18.07694,-2.02646,47.50786,6.21271,5964.98096,4946.30469,0.00000,5964.97656,47.50000,6.00000,11710.00000,11145.00000,3.00000,11300.00000,10820.00000,3.00000,3.00000,1.00000,16.23980,-1.90647,0.00000,-2.50000,0.00000,3.00000,1.00000,351.73050,-26.40641,0.00000,-2.50000,0.00000,289.00000,0.00000,89.99978,0.00000,210.00000,0.00000,89.99978,0.00000,0.00000,2.00000,0.00000,0.00000,0.00000,0.00000,3.00000,10940.00000,
1460.10425,1872.96252,1871.45984,0.00000,13.67529,14.67529,2.79585,18.07727,-2.02667,47.50943,6.21357,5964.98096,4949.91895,0.00000,5964.97656,47.50000,6.00000,11710.00000,11145.00000,3.00000,11300.00000,10820.00000,3.00000,3.00000,1.00000,16.21206,-1.93436,0.00000,-2.50000,0.00000,3.00000,1.00000,351.67618,-26.46101,0.00000,-2.50000,0.00000,289.00000,0.00000,89.99978,0.00000,210.00000,0.00000,89.99978,0.00000,0.00000,2.00000,0.00000,0.00000,0.00000,0.00000,3.00000,10940.00000,
1461.09143,1876.02722,1874.52466,0.00000,13.67615,14.67615,2.79670,18.07736,-2.02689,47.51111,6.21449,5964.98096,4950.76855,0.00000,5964.97656,47.50000,6.00000,11710.00000,11145.00000,3.00000,11300.00000,10820.00000,3.00000,3.00000,1.00000,16.18185,-1.96484,0.00000,-2.50000,0.00000,3.00000,1.00000,351.61783,-26.51969,0.00000,-2.50000,0.00000,289.00000,0.00000,89.99978,0.00000,210.00000,0.00000,89.99978,0.00000,0.00000,2.00000,0.00000,0.00000,0.00000,0.00000,3.00000,10940.00000,
1462.06897,1879.63232,1878.12964,0.00000,13.67715,14.67715,2.79770,18.07778,-2.02716,47.51309,6.21558,5964.97998,4952.99854,0.00000,5964.97705,47.50000,6.00000,11710.00000,11145.00000,3.00000,11300.00000,10820.00000,3.00000,3.00000,1.00000,16.14554,-2.00159,0.00000,-2.50000,0.00000,3.00000,1.00000,351.54892,-26.58921,0.00000,-2.50000,0.00000,289.00000,0.00000,89.99978,0.00000,210.00000,0.00000,89.99978,0.00000,0.00000,2.00000,0.00000,0.00000,0.00000,0.00000,3.00000,10940.00000,
1463.05359,1882.84717,1881.34460,0.00000,13.67804,14.67804,2.79859,18.07866,-2.02740,47.51485,6.21654,5964.97852,4949.50684,0.00000,5964.97705,47.50000,6.00000,11710.00000,11145.00000,3.00000,11300.00000,10820.00000,3.00000,3.00000,1.00000,16.11242,-2.03509,0.00000,-2.50000,0.00000,3.00000,1.00000,351.48718,-26.65146,0.00000,-2.50000,0.00000,289.00000,0.00000,89.99978,0.00000,210.00000,0.00000,89.99978,0.00000,0.00000,2.00000,0.00000,0.00000,0.00000,0.00000,3.00000,10940.00000,
1464.04382,1885.91248,1884.40991,0.00000,13.67889,14.67889,2.79944,18.07936,-2.02763,47.51653,6.21746,5964.97803,4946.09912,0.00000,5964.97656,47.50000,6.00000,11710.00000,11145.00000,3.00000,11300.00000,10820.00000,3.00000,3.00000,1.00000,16.08022,-2.06742,0.00000,-2.50000,0.00000,3.00000,1.00000,351.42807,-26.71080,0.00000,-2.50000,0.00000,289.00000,0.00000,89.99978,0.00000,210.00000,0.00000,89.99978,0.00000,0.00000,2.00000,0.00000,0.00000,0.00000,0.00000,3.00000,10940.00000,
1465.02612,1889.42371,1887.92114,0.00000,13.67987,14.67987,2.80042,18.07987,-2.02789,47.51846,6.21852,5964.97803,4923.99463,0.00000,5964.97656,47.50000,6.00000,11710.00000,11145.00000,3.00000,11300.00000,10820.00000,3.00000,3.00000,1.00000,16.04255,-2.10535,0.00000,-2.50000,0.00000,3.00000,1.00000,351.36011,-26.77921,0.00000,-2.50000,0.00000,289.00000,0.00000,89.99978,0.00000,210.00000,0.00000,89.99978,0.00000,0.00000,2.00000,0.00000,0.00000,0.00000,0.00000,3.00000,10940.00000,
1466.00244,1892.83813,1891.33545,0.00000,13.68081,14.68081,2.80137,18.08003,-2.02814,47.52033,6.21954,5964.97803,4881.98535,0.00000,5964.97656,47.50000,6.00000,11710.00000,11145.00000,3.00000,11300.00000,10820.00000,3.00000,3.00000,1.00000,16.00508,-2.14308,0.00000,-2.50000,0.00000,3.00000,1.00000,351.29370,-26.84604,0.00000,-2.50000,0.00000,289.00000,0.00000,89.99978,0.00000,210.00000,0.00000,89.99978,0.00000,0.00000,2.00000,0.00000,0.00000,0.00000,0.00000,3.00000,10940.00000,
1466.98120,1895.50134,1893.99878,0.00000,13.68155,14.68155,2.80211,18.08028,-2.02834,47.52179,6.22034,5964.97852,4863.60498,0.00000,5964.97656,47.50000,6.00000,11710.00000,11145.00000,3.00000,11300.00000,10820.00000,3.00000,3.00000,1.00000,15.97525,-2.17311,0.00000,-2.50000,0.00000,3.00000,1.00000,351.24170,-26.89837,0.00000,-2.50000,0.00000,289.00000,0.00000,89.99978,0.00000,210.00000,0.00000,89.99978,0.00000,0.00000,2.00000,0.00000,0.00000,0.00000,0.00000,3.00000,10940.00000,
1467.96338,1898.61621,1897.11353,0.00000,13.68242,14.68242,2.80297,18.08082,-2.02857,47.52350,6.22128,5964.97852,4844.45996,0.00000,5964.97656,47.50000,6.00000,11710.00000,11145.00000,3.00000,11300.00000,10820.00000,3.00000,3.00000,1.00000,15.93969,-2.20890,0.00000,-2.50000,0.00000,3.00000,1.00000,351.18066,-26.95976,0.00000,-2.50000,0.00000,289.00000,0.00000,89.99978,0.00000,210.00000,0.00000,89.99978,0.00000,0.00000,2.00000,0.00000,0.00000,0.00000,0.00000,3.00000,10940.00000,
1468.94141,1901.82813,1900.32544,0.00000,13.68331,14.68331,2.80386,18.08140,-2.02881,47.52526,6.22224,5964.97852,4840.93164,0.00000,5964.97656,47.50000,6.00000,11710.00000,11145.00000,3.00000,11300.00000,10820.00000,3.00000,3.00000,1.00000,15.90222,-2.24645,0.00000,-2.50000,0.00000,3.00000,1.00000,351.11746,-27.02322,0.00000,-2.50000,0.00000,289.00000,0.00000,89.99978,0.00000,210.00000,0.00000,89.99978,0.00000,0.00000,2.00000,0.00000,0.00000,0.00000,0.00000,3.00000,10940.00000,
1469.91956,1905.14124,1903.63867,0.00000,13.68423,14.68423,2.80478,18.08170,-2.02905,47.52708,6.22324,5964.97803,4841.48242,0.00000,5964.97656,47.50000,6.00000,11710.00000,11145.00000,3.00000,11300.00000,10820.00000,3.00000,3.00000,1.00000,15.86270,-2.28609,0.00000,-2.50000,0.00000,3.00000,1.00000,351.05200,-27.08899,0.00000,-2.50000,0.00000,289.00000,0.00000,89.99978,0.00000,210.00000,0.00000,89.99978,0.00000,0.00000,2.00000,0.00000,0.00000,0.00000,0.00000,3.00000,10940.00000,
1470.89612,1908.55591,1907.05334,0.00000,13.68518,14.68518,2.80573,18.08188,-2.02931,47.52895,6.22426,5964.97754,4846.33691,0.00000,5964.97656,47.50000,6.00000,11710.00000,11145.00000,3.00000,11300.00000,10820.00000,3.00000,3.00000,1.00000,15.82101,-2.32807,0.00000,-2.50000,0.00000,3.00000,1.00000,350.98422,-27.15725,0.00000,-2.50000,0.00000,289.00000,0.00000,89.99978,0.00000,210.00000,0.00000,89.99978,0.00000,0.00000,2.00000,0.00000,0.00000,0.00000,0.00000,3.00000,10940.00000,
1471.88037,1912.20386,1910.70129,0.00000,13.68619,14.68619,2.80675,18.08286,-2.02958,47.53095,6.22536,5964.97656,4828.74072,0.00000,5964.97656,47.50000,6.00000,11710.00000,11145.00000,3.00000,11300.00000,10820.00000,3.00000,3.00000,1.00000,15.77536,-2.37429,0.00000,-2.50000,0.00000,3.00000,1.00000,350.91171,-27.23056,0.00000,-2.50000,0.00000,289.00000,0.00000,89.99978,0.00000,210.00000,0.00000,89.99978,0.00000,0.00000,2.00000,0.00000,0.00000,0.00000,0.00000,3.00000,10940.00000,
1472.85315,1915.25940,1913.75684,0.00000,13.68704,14.68704,2.80759,18.08381,-2.02980,47.53263,6.22628,5964.97656,4856.82031,0.00000,5964.97510,47.50000,6.00000,11710.00000,11145.00000,3.00000,11300.00000,10820.00000,3.00000,3.00000,1.00000,15.73621,-2.41362,0.00000,-2.50000,0.00000,3.00000,1.00000,350.85074,-27.29195,0.00000,-2.50000,0.00000,289.00000,0.00000,89.99978,0.00000,210.00000,0.00000,89.99978,0.00000,0.00000,2.00000,0.00000,0.00000,0.00000,0.00000,3.00000,10940.00000,
1473.83105,1918.52441,1917.02185,0.00000,13.68795,14.68795,2.80850,18.08425,-2.03005,47.53442,6.22726,5964.97754,4858.34863,0.00000,5964.97510,47.50000,6.00000,11710.00000,11145.00000,3.00000,11300.00000,10820.00000,3.00000,3.00000,1.00000,15.69341,-2.45636,0.00000,-2.50000,0.00000,3.00000,1.00000,350.78534,-27.35753,0.00000,-2.50000,0.00000,289.00000,0.00000,89.99978,0.00000,210.00000,0.00000,89.99978,0.00000,0.00000,2.00000,0.00000,0.00000,0.00000,0.00000,3.00000,10940.00000,
1474.82471,1921.63843,1920.13586,0.00000,13.68882,14.68882,2.80937,18.08425,-2.03028,47.53613,6.22819,5964.97803,4845.94336,0.00000,5964.97510,47.50000,6.00000,11710.00000,11145.00000,3.00000,11300.00000,10820.00000,3.00000,3.00000,1.00000,15.65163,-2.49818,0.00000,-2.50000,0.00000,3.00000,1.00000,350.72290,-27.42031,0.00000,-2.50000,0.00000,289.00000,0.00000,89.99978,0.00000,210.00000,0.00000,89.99978,0.00000,0.00000,2.00000,0.00000,0.00000,0.00000,0.00000,3.00000,10940.00000,
1475.80554,1924.30139,1922.79871,0.00000,13.68955,14.68955,2.81011,18.08434,-2.03048,47.53759,6.22900,5964.97803,4831.28271,0.00000,5964.97363,47.50000,6.00000,11710.00000,11145.00000,3.00000,11300.00000,10820.00000,3.00000,3.00000,1.00000,15.61515,-2.53483,0.00000,-2.50000,0.00000,3.00000,1.00000,350.66953,-27.47415,0.00000,-2.50000,0.00000,289.00000,0.00000,89.99978,0.00000,210.00000,0.00000,89.99978,0.00000,0.00000,2.00000,0.00000,0.00000,0.00000,0.00000,3.00000,10940.00000,
1476.78967,1927.61743,1926.11475,0.00000,13.69048,14.69048,2.81103,18.08515,-2.03072,47.53941,6.22999,5964.97852,4807.26172,0.00000,5964.97363,47.50000,6.00000,11710.00000,11145.00000,3.00000,11300.00000,10820.00000,3.00000,3.00000,1.00000,15.56870,-2.58172,0.00000,-2.50000,0.00000,3.00000,1.00000,350.60217,-27.54198,0.00000,-2.50000,0.00000,289.00000,0.00000,89.99978,0.00000,210.00000,0.00000,89.99978,0.00000,0.00000,2.00000,0.00000,0.00000,0.00000,0.00000,3.00000,10940.00000,
1477.76624,1930.98193,1929.47937,0.00000,13.69141,14.69141,2.81196,18.08612,-2.03097,47.54125,6.23100,5964.97900,4834.34570,0.00000,5964.97363,47.50000,6.00000,11710.00000,11145.00000,3.00000,11300.00000,10820.00000,3.00000,3.00000,1.00000,15.52037,-2.63018,0.00000,-2.50000,0.00000,3.00000,1.00000,350.53345,-27.61109,0.00000,-2.50000,0.00000,289.00000,0.00000,89.99978,0.00000,210.00000,0.00000,89.99978,0.00000,0.00000,2.00000,0.00000,0.00000,0.00000,0.00000,3.00000,10940.00000,
1478.74634,1934.73987,1933.23730,0.00000,13.69245,14.69245,2.81301,18.08660,-2.03125,47.54331,6.23213,5964.97949,4885.79004,0.00000,5964.97705,47.50000,6.00000,11710.00000,11145.00000,3.00000,11300.00000,10820.00000,3.00000,3.00000,1.00000,15.46492,-2.68552,0.00000,-2.50000,0.00000,3.00000,1.00000,350.45630,-27.68847,0.00000,-2.50000,0.00000,289.00000,0.00000,89.99978,0.00000,210.00000,0.00000,89.99978,0.00000,0.00000,2.00000,0.00000,0.00000,0.00000,0.00000,3.00000,10940.00000,
1479.72668,1938.08228,1936.57971,0.00000,13.69338,14.69338,2.81393,18.08661,-2.03150,47.54515,6.23314,5964.97852,4881.22510,0.00000,5964.97705,47.50000,6.00000,11710.00000,11145.00000,3.00000,11300.00000,10820.00000,3.00000,3.00000,1.00000,15.41424,-2.73625,0.00000,-2.50000,0.00000,3.00000,1.00000,350.38739,-27.75776,0.00000,-2.50000,0.00000,289.00000,0.00000,89.99978,0.00000,210.00000,0.00000,89.99978,0.00000,0.00000,2.00000,0.00000,0.00000,0.00000,0.00000,3.00000,10940.00000,
1480.70801,1941.29749,1939.79480,0.00000,13.69428,14.69428,2.81483,18.08691,-2.03174,47.54691,6.23410,5964.97803,4900.06543,0.00000,5964.97656,47.50000,6.00000,11710.00000,11145.00000,3.00000,11300.00000,10820.00000,3.00000,3.00000,1.00000,15.36422,-2.78646,0.00000,-2.50000,0.00000,3.00000,1.00000,350.32074,-27.82484,0.00000,-2.50000,0.00000,289.00000,0.00000,89.99978,0.00000,210.00000,0.00000,89.99978,0.00000,0.00000,2.00000,0.00000,0.00000,0.00000,0.00000,3.00000,10940.00000,
1481.68604,1944.93884,1943.43616,0.00000,13.69529,14.69529,2.81584,18.08798,-2.03201,47.54891,6.23520,5964.97803,4950.13965,0.00000,5964.97656,47.50000,6.00000,11710.00000,11145.00000,3.00000,11300.00000,10820.00000,3.00000,3.00000,1.00000,15.30601,-2.84501,0.00000,-2.50000,0.00000,3.00000,1.00000,350.24500,-27.90128,0.00000,-2.50000,0.00000,289.00000,0.00000,89.99978,0.00000,210.00000,0.00000,89.99978,0.00000,0.00000,2.00000,0.00000,0.00000,0.00000,0.00000,3.00000,10940.00000,
1482.66821,1948.33496,1946.83240,0.00000,13.69623,14.69623,2.81678,18.08880,-2.03226,47.55077,6.23622,5964.97803,4988.00293,0.00000,5964.97656,47.50000,6.00000,11710.00000,11145.00000,3.00000,11300.00000,10820.00000,3.00000,3.00000,1.00000,15.25017,-2.90078,0.00000,-2.50000,0.00000,3.00000,1.00000,350.17398,-27.97254,0.00000,-2.50000,0.00000,289.00000,0.00000,89.99978,0.00000,210.00000,0.00000,89.99978,0.00000,0.00000,2.00000,0.00000,0.00000,0.00000,0.00000,3.00000,10940.00000,
1483.65503,1951.78870,1950.28613,0.00000,13.69719,14.69719,2.81774,18.08891,-2.03252,47.55267,6.23726,5964.97852,4967.12891,0.00000,5964.97754,47.50000,6.00000,11710.00000,11145.00000,3.00000,11300.00000,10820.00000,3.00000,3.00000,1.00000,15.19179,-2.95892,0.00000,-2.50000,0.00000,3.00000,1.00000,350.10147,-28.04522,0.00000,-2.50000,0.00000,289.00000,0.00000,89.99978,0.00000,210.00000,0.00000,89.99978,0.00000,0.00000,2.00000,0.00000,0.00000,0.00000,0.00000,3.00000,10940.00000,
1484.64026,1955.05261,1953.55005,0.00000,13.69810,14.69810,2.81865,18.08890,-2.03276,47.55445,6.23824,5964.97803,4916.56592,0.00000,5964.97656,47.50000,6.00000,11710.00000,11145.00000,3.00000,11300.00000,10820.00000,3.00000,3.00000,1.00000,15.13507,-3.01566,0.00000,-2.50000,0.00000,3.00000,1.00000,350.03262,-28.11447,0.00000,-2.50000,0.00000,289.00000,0.00000,89.99978,0.00000,210.00000,0.00000,89.99978,0.00000,0.00000,2.00000,0.00000,0.00000,0.00000,0.00000,3.00000,10940.00000,
1485.62183,1958.75110,1957.24841,0.00000,13.69912,14.69912,2.81968,18.08973,-2.03304,47.55648,6.23935,5964.97754,4855.14844,0.00000,5964.97510,47.50000,6.00000,11710.00000,11145.00000,3.00000,11300.00000,10820.00000,3.00000,3.00000,1.00000,15.06889,-3.08215,0.00000,-2.50000,0.00000,3.00000,1.00000,349.95425,-28.19357,0.00000,-2.50000,0.00000,289.00000,0.00000,89.99978,0.00000,210.00000,0.00000,89.99978,0.00000,0.00000,2.00000,0.00000,0.00000,0.00000,0.00000,3.00000,10940.00000,
1486.60266,1961.71582,1960.21326,0.00000,13.69995,14.69995,2.82050,18.09067,-2.03326,47.55811,6.24024,5964.97754,4789.72852,0.00000,5964.97510,47.50000,6.00000,11710.00000,11145.00000,3.00000,11300.00000,10820.00000,3.00000,3.00000,1.00000,15.01433,-3.13675,0.00000,-2.50000,0.00000,3.00000,1.00000,349.89117,-28.25708,0.00000,-2.50000,0.00000,289.00000,0.00000,89.99978,0.00000,210.00000,0.00000,89.99978,0.00000,0.00000,2.00000,0.00000,0.00000,0.00000,0.00000,3.00000,10940.00000,
1487.56628,1965.23022,1963.72754,0.00000,13.70092,14.70092,2.82147,18.09124,-2.03352,47.56004,6.24130,5964.97852,4720.80566,0.00000,5964.97510,47.50000,6.00000,11710.00000,11145.00000,3.00000,11300.00000,10820.00000,3.00000,3.00000,1.00000,14.94784,-3.20297,0.00000,-2.50000,0.00000,3.00000,1.00000,349.81604,-28.33239,0.00000,-2.50000,0.00000,289.00000,0.00000,89.99978,0.00000,210.00000,0.00000,89.99978,0.00000,0.00000,2.00000,0.00000,0.00000,0.00000,0.00000,3.00000,10940.00000,
1488.56104,1968.14478,1966.64221,0.00000,13.70173,14.70173,2.82228,18.09126,-2.03374,47.56163,6.24218,5964.97900,4768.14502,0.00000,5964.97510,47.50000,6.00000,11710.00000,11145.00000,3.00000,11300.00000,10820.00000,3.00000,3.00000,1.00000,14.89112,-3.25948,0.00000,-2.50000,0.00000,3.00000,1.00000,349.75348,-28.39518,0.00000,-2.50000,0.00000,289.00000,0.00000,89.99978,0.00000,210.00000,0.00000,89.99978,0.00000,0.00000,2.00000,0.00000,0.00000,0.00000,0.00000,3.00000,10940.00000,
1489.54102,1971.05933,1969.55676,0.00000,13.70254,14.70254,2.82309,18.09130,-2.03396,47.56323,6.24306,5964.97900,4825.19092,0.00000,5964.97510,47.50000,6.00000,11710.00000,11145.00000,3.00000,11300.00000,10820.00000,3.00000,3.00000,1.00000,14.83293,-3.31762,0.00000,-2.50000,0.00000,3.00000,1.00000,349.69067,-28.45837,0.00000,-2.50000,0.00000,289.00000,0.00000,89.99978,0.00000,210.00000,0.00000,89.99978,0.00000,0.00000,2.00000,0.00000,0.00000,0.00000,0.00000,3.00000,10940.00000,
1490.51965,1974.37524,1972.87256,0.00000,13.70346,14.70346,2.82402,18.09206,-2.03420,47.56505,6.24405,5964.97900,4889.11963,0.00000,5964.97559,47.50000,6.00000,11710.00000,11145.00000,3.00000,11300.00000,10820.00000,3.00000,3.00000,1.00000,14.76486,-3.38587,0.00000,-2.50000,0.00000,3.00000,1.00000,349.61896,-28.53081,0.00000,-2.50000,0.00000,289.00000,0.00000,89.99978,0.00000,210.00000,0.00000,89.99978,0.00000,0.00000,2.00000,0.00000,0.00000,0.00000,0.00000,3.00000,10940.00000,
1491.49768,1977.28955,1975.78699,0.00000,13.70427,14.70427,2.82482,18.09292,-2.03442,47.56665,6.24493,5964.97900,4924.78857,0.00000,5964.97559,47.50000,6.00000,11710.00000,11145.00000,3.00000,11300.00000,10820.00000,3.00000,3.00000,1.00000,14.70331,-3.44730,0.00000,-2.50000,0.00000,3.00000,1.00000,349.55560,-28.59451,0.00000,-2.50000,0.00000,289.00000,0.00000,89.99978,0.00000,210.00000,0.00000,89.99978,0.00000,0.00000,2.00000,0.00000,0.00000,0.00000,0.00000,3.00000,10940.00000,
1492.48303,1980.40515,1978.90247,0.00000,13.70514,14.70514,2.82569,18.09347,-2.03465,47.56836,6.24587,5964.97900,4917.26660,0.00000,5964.97559,47.50000,6.00000,11710.00000,11145.00000,3.00000,11300.00000,10820.00000,3.00000,3.00000,1.00000,14.63566,-3.51465,0.00000,-2.50000,0.00000,3.00000,1.00000,349.48761,-28.66269,0.00000,-2.50000,0.00000,289.00000,0.00000,89.99978,0.00000,210.00000,0.00000,89.99978,0.00000,0.00000,2.00000,0.00000,0.00000,0.00000,0.00000,3.00000,10940.00000,
1493.46875,1983.42017,1981.91760,0.00000,13.70598,14.70598,2.82653,18.09378,-2.03488,47.57001,6.24677,5964.97852,4976.41895,0.00000,5964.97559,47.50000,6.00000,11710.00000,11145.00000,3.00000,11300.00000,10820.00000,3.00000,3.00000,1.00000,14.56830,-3.58178,0.00000,-2.50000,0.00000,3.00000,1.00000,349.42169,-28.72897,0.00000,-2.50000,0.00000,289.00000,0.00000,89.99978,0.00000,210.00000,0.00000,89.99978,0.00000,0.00000,2.00000,0.00000,0.00000,0.00000,0.00000,3.00000,10940.00000,
1494.44580,1986.88245,1985.37988,0.00000,13.70694,14.70694,2.82749,18.09388,-2.03514,47.57191,6.24782,5964.97803,5009.52197,0.00000,5964.97559,47.50000,6.00000,11710.00000,11145.00000,3.00000,11300.00000,10820.00000,3.00000,3.00000,1.00000,14.48855,-3.66129,0.00000,-2.50000,0.00000,3.00000,1.00000,349.34607,-28.80515,0.00000,-2.50000,0.00000,289.00000,0.00000,89.99978,0.00000,210.00000,0.00000,89.99978,0.00000,0.00000,2.00000,0.00000,0.00000,0.00000,0.00000,3.00000,10940.00000,
1495.41919,1990.03406,1988.53149,0.00000,13.70781,14.70781,2.82836,18.09433,-2.03537,47.57364,6.24876,5964.97754,5030.89551,0.00000,5964.97656,47.50000,6.00000,11710.00000,11145.00000,3.00000,11300.00000,10820.00000,3.00000,3.00000,1.00000,14.41360,-3.73610,0.00000,-2.50000,0.00000,3.00000,1.00000,349.27704,-28.87470,0.00000,-2.50000,0.00000,289.00000,0.00000,89.99978,0.00000,210.00000,0.00000,89.99978,0.00000,0.00000,2.00000,0.00000,0.00000,0.00000,0.00000,3.00000,10940.00000,
1496.40735,1993.54736,1992.04480,0.00000,13.70879,14.70879,2.82934,18.09526,-2.03564,47.57557,6.24982,5964.97705,5043.00000,0.00000,5964.97510,47.50000,6.00000,11710.00000,11145.00000,3.00000,11300.00000,10820.00000,3.00000,3.00000,1.00000,14.32729,-3.82214,0.00000,-2.50000,0.00000,3.00000,1.00000,349.19955,-28.95245,0.00000,-2.50000,0.00000,289.00000,0.00000,89.99978,0.00000,210.00000,0.00000,89.99978,0.00000,0.00000,2.00000,0.00000,0.00000,0.00000,0.00000,3.00000,10940.00000,
1497.38562,1996.71265,1995.21008,0.00000,13.70967,14.70967,2.83022,18.09583,-2.03587,47.57730,6.25078,5964.97656,5034.42480,0.00000,5964.97607,47.50000,6.00000,11710.00000,11145.00000,3.00000,11300.00000,10820.00000,3.00000,3.00000,1.00000,14.24691,-3.90206,0.00000,-2.50000,0.00000,3.00000,1.00000,349.12897,-29.02324,0.00000,-2.50000,0.00000,289.00000,0.00000,89.99978,0.00000,210.00000,0.00000,89.99978,0.00000,0.00000,2.00000,0.00000,0.00000,0.00000,0.00000,3.00000,10940.00000,
1498.36926,2000.02905,1998.52649,0.00000,13.71059,14.71059,2.83114,18.09608,-2.03612,47.57912,6.25177,5964.97656,5009.47803,0.00000,5964.97607,47.50000,6.00000,11710.00000,11145.00000,3.00000,11300.00000,10820.00000,3.00000,3.00000,1.00000,14.15989,-3.98864,0.00000,-2.50000,0.00000,3.00000,1.00000,349.05469,-29.09787,0.00000,-2.50000,0.00000,289.00000,0.00000,89.99978,0.00000,210.00000,0.00000,89.99978,0.00000,0.00000,2.00000,0.00000,0.00000,0.00000,0.00000,3.00000,10940.00000,
1499.35315,2003.44446,2001.94189,0.00000,13.71154,14.71154,2.83209,18.09623,-2.03637,47.58100,6.25280,5964.97559,4990.41309,0.00000,5964.97656,47.50000,6.00000,11710.00000,11145.00000,3.00000,11300.00000,10820.00000,3.00000,3.00000,1.00000,14.06712,-4.08096,0.00000,-2.50000,0.00000,3.00000,1.00000,348.97784,-29.17510,0.00000,-2.50000,0.00000,289.00000,0.00000,89.99978,0.00000,210.00000,0.00000,89.99978,0.00000,0.00000,2.00000,0.00000,0.00000,0.00000,0.00000,3.00000,10940.00000,
1500.32629,2006.90662,2005.40393,0.00000,13.71250,14.71250,2.83305,18.09703,-2.03663,47.58290,6.25384,5964.97510,5016.85449,0.00000,5964.97656,47.50000,6.00000,11710.00000,11145.00000,3.00000,11300.00000,10820.00000,3.00000,3.00000,1.00000,13.96965,-4.17817,0.00000,-2.50000,0.00000,3.00000,1.00000,348.89960,-29.25396,0.00000,-2.50000,0.00000,289.00000,0.00000,89.99978,0.00000,210.00000,0.00000,89.99978,0.00000,0.00000,2.00000,0.00000,0.00000,0.00000,0.00000,3.00000,10940.00000,
1501.31616,2010.07202,2008.56946,0.00000,13.71338,14.71338,2.83393,18.09789,-2.03687,47.58463,6.25480,5964.97461,5034.72607,0.00000,5964.97656,47.50000,6.00000,11710.00000,11145.00000,3.00000,11300.00000,10820.00000,3.00000,3.00000,1.00000,13.87734,-4.26991,0.00000,-2.50000,0.00000,3.00000,1.00000,348.82770,-29.32615,0.00000,-2.50000,0.00000,289.00000,0.00000,89.99978,0.00000,210.00000,0.00000,89.99978,0.00000,0.00000,2.00000,0.00000,0.00000,0.00000,0.00000,3.00000,10940.00000,
1502.29382,2013.53650,2012.03394,0.00000,13.71434,14.71434,2.83489,18.09838,-2.03713,47.58653,6.25584,5964.97461,4968.60986,0.00000,5964.97656,47.50000,6.00000,11710.00000,11145.00000,3.00000,11300.00000,10820.00000,3.00000,3.00000,1.00000,13.77262,-4.37389,0.00000,-2.50000,0.00000,3.00000,1.00000,348.74869,-29.40547,0.00000,-2.50000,0.00000,289.00000,0.00000,89.99978,0.00000,210.00000,0.00000,89.99978,0.00000,0.00000,2.00000,0.00000,0.00000,0.00000,0.00000,3.00000,10940.00000,
1503.27551,2017.04138,2015.53870,0.00000,13.71532,14.71532,2.83587,18.09845,-2.03739,47.58846,6.25690,5964.97363,4883.06543,0.00000,5964.97656,47.50000,6.00000,11710.00000,11145.00000,3.00000,11300.00000,10820.00000,3.00000,3.00000,1.00000,13.66254,-4.48325,0.00000,-2.50000,0.00000,3.00000,1.00000,348.66837,-29.48617,0.00000,-2.50000,0.00000,289.00000,0.00000,89.99978,0.00000,210.00000,0.00000,89.99978,0.00000,0.00000,2.00000,0.00000,0.00000,0.00000,0.00000,3.00000,10940.00000,
1504.25525,2020.40820,2018.90552,0.00000,13.71625,14.71625,2.83680,18.09882,-2.03764,47.59030,6.25791,5964.97217,4867.79980,0.00000,5964.97656,47.50000,6.00000,11710.00000,11145.00000,3.00000,11300.00000,10820.00000,3.00000,3.00000,1.00000,13.55263,-4.59254,0.00000,-2.50000,0.00000,3.00000,1.00000,348.59085,-29.56416,0.00000,-2.50000,0.00000,289.00000,0.00000,89.99978,0.00000,210.00000,0.00000,89.99978,0.00000,0.00000,2.00000,0.00000,0.00000,0.00000,0.00000,3.00000,10940.00000,
1505.23523,2023.37292,2021.87036,0.00000,13.71707,14.71707,2.83763,18.09962,-2.03786,47.59193,6.25880,5964.97119,4943.86670,0.00000,5964.97656,47.50000,6.00000,11710.00000,11145.00000,3.00000,11300.00000,10820.00000,3.00000,3.00000,1.00000,13.45228,-4.69231,0.00000,-2.50000,0.00000,3.00000,1.00000,348.52231,-29.63316,0.00000,-2.50000,0.00000,289.00000,0.00000,89.99978,0.00000,210.00000,0.00000,89.99978,0.00000,0.00000,2.00000,0.00000,0.00000,0.00000,0.00000,3.00000,10940.00000,
1506.21960,2026.68811,2025.18555,0.00000,13.71800,14.71800,2.83855,18.10036,-2.03811,47.59375,6.25980,5964.97021,4936.52051,0.00000,5964.97656,47.50000,6.00000,11710.00000,11145.00000,3.00000,11300.00000,10820.00000,3.00000,3.00000,1.00000,13.33589,-4.80770,0.00000,-2.50000,0.00000,3.00000,1.00000,348.44531,-29.71041,0.00000,-2.50000,0.00000,289.00000,0.00000,89.99978,0.00000,210.00000,0.00000,89.99978,0.00000,0.00000,2.00000,0.00000,0.00000,0.00000,0.00000,3.00000,10940.00000,
1507.19836,2029.70288,2028.20032,0.00000,13.71883,14.71883,2.83938,18.10071,-2.03834,47.59540,6.26071,5964.96973,4880.65283,0.00000,5964.97656,47.50000,6.00000,11710.00000,11145.00000,3.00000,11300.00000,10820.00000,3.00000,3.00000,1.00000,13.22601,-4.91667,0.00000,-2.50000,0.00000,3.00000,1.00000,348.37500,-29.78102,0.00000,-2.50000,0.00000,289.00000,0.00000,89.99978,0.00000,210.00000,0.00000,89.99978,0.00000,0.00000,2.00000,0.00000,0.00000,0.00000,0.00000,3.00000,10940.00000,
1508.18372,2032.76636,2031.26379,0.00000,13.71968,14.71968,2.84023,18.10073,-2.03857,47.59708,6.26163,5964.96826,4844.70020,0.00000,5964.97656,47.50000,6.00000,11710.00000,11145.00000,3.00000,11300.00000,10820.00000,3.00000,3.00000,1.00000,13.11017,-5.03155,0.00000,-2.50000,0.00000,3.00000,1.00000,348.30325,-29.85310,0.00000,-2.50000,0.00000,289.00000,0.00000,89.99978,0.00000,210.00000,0.00000,89.99978,0.00000,0.00000,2.00000,0.00000,0.00000,0.00000,0.00000,3.00000,10940.00000,
1509.15955,2036.12805,2034.62549,0.00000,13.72062,14.72062,2.84117,18.10113,-2.03882,47.59892,6.26265,5964.96729,4805.22412,0.00000,5964.97656,47.50000,6.00000,11710.00000,11145.00000,3.00000,11300.00000,10820.00000,3.00000,3.00000,1.00000,12.97793,-5.16277,0.00000,-2.50000,0.00000,3.00000,1.00000,348.22418,-29.93266,0.00000,-2.50000,0.00000,289.00000,0.00000,89.99978,0.00000,210.00000,0.00000,89.99978,0.00000,0.00000,2.00000,0.00000,0.00000,0.00000,0.00000,3.00000,10940.00000,
1510.14355,2039.86218,2038.35962,0.00000,13.72165,14.72165,2.84221,18.10229,-2.03910,47.60097,6.26377,5964.96729,4776.67529,0.00000,5964.97168,47.50000,6.00000,11710.00000,11145.00000,3.00000,11300.00000,10820.00000,3.00000,3.00000,1.00000,12.82433,-5.31516,0.00000,-2.50000,0.00000,3.00000,1.00000,348.13644,-30.02115,0.00000,-2.50000,0.00000,289.00000,0.00000,89.99978,0.00000,210.00000,0.00000,89.99978,0.00000,0.00000,2.00000,0.00000,0.00000,0.00000,0.00000,3.00000,10940.00000,
1511.12097,2043.22375,2041.72119,0.00000,13.72259,14.72259,2.84314,18.10300,-2.03935,47.60281,6.26478,5964.96924,4792.33740,0.00000,5964.97021,47.50000,6.00000,11710.00000,11145.00000,3.00000,11300.00000,10820.00000,3.00000,3.00000,1.00000,12.67961,-5.45842,0.00000,-2.50000,0.00000,3.00000,1.00000,348.05688,-30.10091,0.00000,-2.50000,0.00000,289.00000,0.00000,89.99978,0.00000,210.00000,0.00000,89.99978,0.00000,0.00000,2.00000,0.00000,0.00000,0.00000,0.00000,3.00000,10940.00000,
1512.09827,2046.63391,2045.13135,0.00000,13.72354,14.72354,2.84409,18.10301,-2.03961,47.60468,6.26581,5964.97119,4805.99219,0.00000,5964.97021,47.50000,6.00000,11710.00000,11145.00000,3.00000,11300.00000,10820.00000,3.00000,3.00000,1.00000,12.52613,-5.61018,0.00000,-2.50000,0.00000,3.00000,1.00000,347.97604,-30.18200,0.00000,-2.50000,0.00000,289.00000,0.00000,89.99978,0.00000,210.00000,0.00000,89.99978,0.00000,0.00000,2.00000,0.00000,0.00000,0.00000,0.00000,3.00000,10940.00000,
1513.08533,2049.74951,2048.24683,0.00000,13.72440,14.72440,2.84495,18.10302,-2.03984,47.60639,6.26675,5964.97314,4814.81104,0.00000,5964.97021,47.50000,6.00000,11710.00000,11145.00000,3.00000,11300.00000,10820.00000,3.00000,3.00000,1.00000,12.37963,-5.75520,0.00000,-2.50000,0.00000,3.00000,1.00000,347.90176,-30.25650,0.00000,-2.50000,0.00000,289.00000,0.00000,89.99978,0.00000,210.00000,0.00000,89.99978,0.00000,0.00000,2.00000,0.00000,0.00000,0.00000,0.00000,3.00000,10940.00000,
1514.06958,2053.30396,2051.80127,0.00000,13.72539,14.72539,2.84594,18.10380,-2.04011,47.60834,6.26782,5964.97607,4840.35303,0.00000,5964.97021,47.50000,6.00000,11710.00000,11145.00000,3.00000,11300.00000,10820.00000,3.00000,3.00000,1.00000,12.20465,-5.92860,0.00000,-2.50000,0.00000,3.00000,1.00000,347.81616,-30.34275,0.00000,-2.50000,0.00000,289.00000,0.00000,89.99978,0.00000,210.00000,0.00000,89.99978,0.00000,0.00000,2.00000,0.00000,0.00000,0.00000,0.00000,3.00000,10940.00000,
1515.05945,2056.91235,2055.40967,0.00000,13.72639,14.72639,2.84694,18.10488,-2.04038,47.61032,6.26891,5964.97803,4866.25293,0.00000,5964.96875,47.50000,6.00000,11710.00000,11145.00000,3.00000,11300.00000,10820.00000,3.00000,3.00000,1.00000,12.01785,-6.11334,0.00000,-2.50000,0.00000,3.00000,1.00000,347.72885,-30.43050,0.00000,-2.50000,0.00000,289.00000,0.00000,89.99978,0.00000,210.00000,0.00000,89.99978,0.00000,0.00000,2.00000,0.00000,0.00000,0.00000,0.00000,3.00000,10940.00000,
1516.03821,2060.41992,2058.91724,0.00000,13.72737,14.72737,2.84792,18.10521,-2.04064,47.61224,6.26997,5964.97998,4886.74170,0.00000,5964.97217,47.50000,6.00000,11710.00000,11145.00000,3.00000,11300.00000,10820.00000,3.00000,3.00000,1.00000,11.82671,-6.30199,0.00000,-2.50000,0.00000,3.00000,1.00000,347.64352,-30.51593,0.00000,-2.50000,0.00000,289.00000,0.00000,89.99978,0.00000,210.00000,0.00000,89.99978,0.00000,0.00000,2.00000,0.00000,0.00000,0.00000,0.00000,3.00000,10940.00000,
1517.01147,2063.43433,2061.93164,0.00000,13.72820,14.72820,2.84875,18.10521,-2.04087,47.61390,6.27087,5964.97949,4855.95557,0.00000,5964.97266,47.50000,6.00000,11710.00000,11145.00000,3.00000,11300.00000,10820.00000,3.00000,3.00000,1.00000,11.65436,-6.47220,0.00000,-2.50000,0.00000,3.00000,1.00000,347.56989,-30.58986,0.00000,-2.50000,0.00000,289.00000,0.00000,89.99978,0.00000,210.00000,0.00000,89.99978,0.00000,0.00000,2.00000,0.00000,0.00000,0.00000,0.00000,3.00000,10940.00000,
1517.99182,2066.89575,2065.39307,0.00000,13.72916,14.72916,2.84972,18.10556,-2.04113,47.61580,6.27192,5964.97900,4821.87793,0.00000,5964.97314,47.50000,6.00000,11710.00000,11145.00000,3.00000,11300.00000,10820.00000,3.00000,3.00000,1.00000,11.44651,-6.67764,0.00000,-2.50000,0.00000,3.00000,1.00000,347.48492,-30.67540,0.00000,-2.50000,0.00000,289.00000,0.00000,89.99978,0.00000,210.00000,0.00000,89.99978,0.00000,0.00000,2.00000,0.00000,0.00000,0.00000,0.00000,3.00000,10940.00000,
1518.97559,2070.35669,2068.85400,0.00000,13.73013,14.73013,2.85068,18.10665,-2.04139,47.61769,6.27296,5964.97803,4814.68555,0.00000,5964.97656,47.50000,6.00000,11710.00000,11145.00000,3.00000,11300.00000,10820.00000,3.00000,3.00000,1.00000,11.22722,-6.89431,0.00000,-2.50000,0.00000,3.00000,1.00000,347.39960,-30.76136,0.00000,-2.50000,0.00000,289.00000,0.00000,89.99978,0.00000,210.00000,0.00000,89.99978,0.00000,0.00000,2.00000,0.00000,0.00000,0.00000,0.00000,3.00000,10940.00000,
1519.96436,2073.57275,2072.07007,0.00000,13.73102,14.73102,2.85157,18.10740,-2.04163,47.61946,6.27393,5964.97803,4786.00537,0.00000,5964.97656,47.50000,6.00000,11710.00000,11145.00000,3.00000,11300.00000,10820.00000,3.00000,3.00000,1.00000,11.01232,-7.10616,0.00000,-2.50000,0.00000,3.00000,1.00000,347.31992,-30.84127,0.00000,-2.50000,0.00000,289.00000,0.00000,89.99978,0.00000,210.00000,0.00000,89.99978,0.00000,0.00000,2.00000,0.00000,0.00000,0.00000,0.00000,3.00000,10940.00000,
1520.94824,2076.88525,2075.38257,0.00000,13.73194,14.73194,2.85249,18.10780,-2.04188,47.62128,6.27493,5964.97852,4759.60156,0.00000,5964.98047,47.50000,6.00000,11710.00000,11145.00000,3.00000,11300.00000,10820.00000,3.00000,3.00000,1.00000,10.77885,-7.33625,0.00000,-2.50000,0.00000,3.00000,1.00000,347.23746,-30.92396,0.00000,-2.50000,0.00000,289.00000,0.00000,89.99978,0.00000,210.00000,0.00000,89.99978,0.00000,0.00000,2.00000,0.00000,0.00000,0.00000,0.00000,3.00000,10940.00000,
1521.93359,2080.48755,2078.98511,0.00000,13.73294,14.73294,2.85349,18.10784,-2.04215,47.62325,6.27602,5964.97754,4735.00342,0.00000,5964.97656,47.50000,6.00000,11710.00000,11145.00000,3.00000,11300.00000,10820.00000,3.00000,3.00000,1.00000,10.50976,-7.60137,0.00000,-2.50000,0.00000,3.00000,1.00000,347.14737,-31.01446,0.00000,-2.50000,0.00000,289.00000,0.00000,89.99978,0.00000,210.00000,0.00000,89.99978,0.00000,0.00000,2.00000,0.00000,0.00000,0.00000,0.00000,3.00000,10940.00000,
1522.92078,2083.88965,2082.38721,0.00000,13.73388,14.73388,2.85444,18.10831,-2.04240,47.62512,6.27704,5964.97705,4714.80859,0.00000,5964.97656,47.50000,6.00000,11710.00000,11145.00000,3.00000,11300.00000,10820.00000,3.00000,3.00000,1.00000,10.23977,-7.86736,0.00000,-2.50000,0.00000,3.00000,1.00000,347.06210,-31.10037,0.00000,-2.50000,0.00000,289.00000,0.00000,89.99978,0.00000,210.00000,0.00000,89.99978,0.00000,0.00000,2.00000,0.00000,0.00000,0.00000,0.00000,3.00000,10940.00000,
1523.90564,2087.68091,2086.17822,0.00000,13.73494,14.73494,2.85549,18.10931,-2.04269,47.62720,6.27819,5964.97656,4695.48779,0.00000,5964.97314,47.50000,6.00000,11710.00000,11145.00000,3.00000,11300.00000,10820.00000,3.00000,3.00000,1.00000,9.91899,-8.18307,0.00000,-2.50000,0.00000,3.00000,1.00000,346.96640,-31.19647,0.00000,-2.50000,0.00000,289.00000,0.00000,89.99978,0.00000,210.00000,0.00000,89.99978,0.00000,0.00000,2.00000,0.00000,0.00000,0.00000,0.00000,3.00000,10940.00000,
1524.88330,2090.49487,2088.99243,0.00000,13.73572,14.73572,2.85627,18.10979,-2.04290,47.62874,6.27903,5964.97656,4710.09521,0.00000,5964.97314,47.50000,6.00000,11710.00000,11145.00000,3.00000,11300.00000,10820.00000,3.00000,3.00000,1.00000,9.66602,-8.43175,0.00000,-2.50000,0.00000,3.00000,1.00000,346.89471,-31.26824,0.00000,-2.50000,0.00000,289.00000,0.00000,89.99978,0.00000,210.00000,0.00000,89.99978,0.00000,0.00000,2.00000,0.00000,0.00000,0.00000,0.00000,3.00000,10940.00000,
1525.86707,2093.45825,2091.95581,0.00000,13.73654,14.73654,2.85709,18.11009,-2.04312,47.63036,6.27993,5964.97656,4747.50244,0.00000,5964.97314,47.50000,6.00000,11710.00000,11145.00000,3.00000,11300.00000,10820.00000,3.00000,3.00000,1.00000,9.38468,-8.70826,0.00000,-2.50000,0.00000,3.00000,1.00000,346.81927,-31.34402,0.00000,-2.50000,0.00000,289.00000,0.00000,89.99978,0.00000,210.00000,0.00000,89.99978,0.00000,0.00000,2.00000,0.00000,0.00000,0.00000,0.00000,3.00000,10940.00000,
1526.84851,2096.72119,2095.21851,0.00000,13.73745,14.73745,2.85800,18.11018,-2.04337,47.63216,6.28091,5964.97705,4815.96143,0.00000,5964.97461,47.50000,6.00000,11710.00000,11145.00000,3.00000,11300.00000,10820.00000,3.00000,3.00000,1.00000,9.05559,-9.03152,0.00000,-2.50000,0.00000,3.00000,1.00000,346.73615,-31.42760,0.00000,-2.50000,0.00000,289.00000,0.00000,89.99978,0.00000,210.00000,0.00000,89.99978,0.00000,0.00000,2.00000,0.00000,0.00000,0.00000,0.00000,3.00000,10940.00000,
1527.82483,2099.68604,2098.18335,0.00000,13.73827,14.73827,2.85882,18.11069,-2.04359,47.63378,6.28181,5964.97656,4845.00537,0.00000,5964.97461,47.50000,6.00000,11710.00000,11145.00000,3.00000,11300.00000,10820.00000,3.00000,3.00000,1.00000,8.73734,-9.34409,0.00000,-2.50000,0.00000,3.00000,1.00000,346.66052,-31.50384,0.00000,-2.50000,0.00000,289.00000,0.00000,89.99978,0.00000,210.00000,0.00000,89.99978,0.00000,0.00000,2.00000,0.00000,0.00000,0.00000,0.00000,3.00000,10940.00000,
1528.81055,2102.50000,2100.99756,0.00000,13.73905,14.73905,2.85961,18.11154,-2.04380,47.63532,6.28266,5964.97656,4883.36572,0.00000,5964.97461,47.50000,6.00000,11710.00000,11145.00000,3.00000,11300.00000,10820.00000,3.00000,3.00000,1.00000,8.41675,-9.65865,0.00000,-2.50000,0.00000,3.00000,1.00000,346.58868,-31.57607,0.00000,-2.50000,0.00000,289.00000,0.00000,89.99978,0.00000,210.00000,0.00000,89.99978,0.00000,0.00000,2.00000,0.00000,0.00000,0.00000,0.00000,3.00000,10940.00000,
1529.79114,2106.06372,2104.56104,0.00000,13.74004,14.74004,2.86060,18.11222,-2.04407,47.63728,6.28373,5964.97656,4870.38037,0.00000,5964.97656,47.50000,6.00000,11710.00000,11145.00000,3.00000,11300.00000,10820.00000,3.00000,3.00000,1.00000,7.98224,-10.08443,0.00000,-2.50000,0.00000,3.00000,1.00000,346.49628,-31.66848,0.00000,-2.50000,0.00000,289.00000,0.00000,89.99978,0.00000,210.00000,0.00000,89.99978,0.00000,0.00000,2.00000,0.00000,0.00000,0.00000,0.00000,3.00000,10940.00000,
1530.78088,2109.27563,2107.77295,0.00000,13.74094,14.74094,2.86149,18.11235,-2.04431,47.63904,6.28470,5964.97607,4851.58984,0.00000,5964.97656,47.50000,6.00000,11710.00000,11145.00000,3.00000,11300.00000,10820.00000,3.00000,3.00000,1.00000,7.56035,-10.49755,0.00000,-2.50000,0.00000,3.00000,1.00000,346.41263,-31.75239,0.00000,-2.50000,0.00000,289.00000,0.00000,89.99978,0.00000,210.00000,0.00000,89.99978,0.00000,0.00000,2.00000,0.00000,0.00000,0.00000,0.00000,3.00000,10940.00000,
1531.75684,2112.83789,2111.33545,0.00000,13.74193,14.74193,2.86248,18.11248,-2.04458,47.64100,6.28578,5964.97461,4828.99561,0.00000,5964.97559,47.50000,6.00000,11710.00000,11145.00000,3.00000,11300.00000,10820.00000,3.00000,3.00000,1.00000,7.05482,-10.99227,0.00000,-2.50000,0.00000,3.00000,1.00000,346.31937,-31.84607,0.00000,-2.50000,0.00000,289.00000,0.00000,89.99978,0.00000,210.00000,0.00000,89.99978,0.00000,0.00000,2.00000,0.00000,0.00000,0.00000,0.00000,3.00000,10940.00000,
1532.73950,2115.90332,2114.40063,0.00000,13.74278,14.74278,2.86333,18.11322,-2.04481,47.64267,6.28670,5964.97412,4853.56396,0.00000,5964.97559,47.50000,6.00000,11710.00000,11145.00000,3.00000,11300.00000,10820.00000,3.00000,3.00000,1.00000,6.58437,-11.45244,0.00000,-2.50000,0.00000,3.00000,1.00000,346.23877,-31.92726,0.00000,-2.50000,0.00000,289.00000,0.00000,89.99978,0.00000,210.00000,0.00000,89.99978,0.00000,0.00000,2.00000,0.00000,0.00000,0.00000,0.00000,3.00000,10940.00000,
1533.71045,2119.16919,2117.66650,0.00000,13.74368,14.74368,2.86424,18.11415,-2.04506,47.64447,6.28769,5964.97314,4905.02832,0.00000,5964.97559,47.50000,6.00000,11710.00000,11145.00000,3.00000,11300.00000,10820.00000,3.00000,3.00000,1.00000,6.04258,-11.98161,0.00000,-2.50000,0.00000,3.00000,1.00000,346.15250,-32.01385,0.00000,-2.50000,0.00000,289.00000,0.00000,89.99978,0.00000,210.00000,0.00000,89.99978,0.00000,0.00000,2.00000,0.00000,0.00000,0.00000,0.00000,3.00000,10940.00000,
1534.69519,2122.27832,2120.77563,0.00000,13.74455,14.74455,2.86510,18.11463,-2.04529,47.64617,6.28863,5964.97314,4878.24951,0.00000,5964.97656,47.50000,6.00000,11710.00000,11145.00000,3.00000,11300.00000,10820.00000,3.00000,3.00000,1.00000,5.48316,-12.52729,0.00000,-2.50000,0.00000,3.00000,1.00000,346.07001,-32.09654,0.00000,-2.50000,0.00000,289.00000,0.00000,89.99978,0.00000,210.00000,0.00000,89.99978,0.00000,0.00000,2.00000,0.00000,0.00000,0.00000,0.00000,3.00000,10940.00000,
1535.67200,2125.86719,2124.36450,0.00000,13.74555,14.74555,2.86610,18.11471,-2.04556,47.64814,6.28971,5964.97266,4840.05859,0.00000,5964.97607,47.50000,6.00000,11710.00000,11145.00000,3.00000,11300.00000,10820.00000,3.00000,3.00000,1.00000,4.77724,-13.21527,0.00000,-2.50000,0.00000,3.00000,1.00000,345.97430,-32.19260,0.00000,-2.50000,0.00000,289.00000,0.00000,89.99978,0.00000,210.00000,0.00000,89.99978,0.00000,0.00000,2.00000,0.00000,0.00000,0.00000,0.00000,3.00000,10940.00000,
1536.64526,2129.38135,2127.87866,0.00000,13.74652,14.74652,2.86707,18.11498,-2.04583,47.65007,6.29077,5964.97217,4800.23145,0.00000,5964.97510,47.50000,6.00000,11710.00000,11145.00000,3.00000,11300.00000,10820.00000,3.00000,3.00000,1.00000,4.01446,-13.95784,0.00000,-2.50000,0.00000,3.00000,1.00000,345.88013,-32.28720,0.00000,-2.50000,0.00000,289.00000,0.00000,89.99978,0.00000,210.00000,0.00000,89.99978,0.00000,0.00000,2.00000,0.00000,0.00000,0.00000,0.00000,3.00000,10940.00000,
1537.62512,2132.43945,2130.93677,0.00000,13.74737,14.74737,2.86792,18.11583,-2.04606,47.65174,6.29169,5964.97168,4829.79346,0.00000,5964.97314,47.50000,6.00000,11710.00000,11145.00000,3.00000,11300.00000,10820.00000,3.00000,3.00000,1.00000,3.28438,-14.66779,0.00000,-2.50000,0.00000,3.00000,1.00000,345.79779,-32.37007,0.00000,-2.50000,0.00000,289.00000,0.00000,89.99978,0.00000,210.00000,0.00000,89.99978,0.00000,0.00000,2.00000,0.00000,0.00000,0.00000,0.00000,3.00000,10940.00000,
1538.61438,2135.25342,2133.75098,0.00000,13.74815,14.74815,2.86870,18.11665,-2.04627,47.65329,6.29254,5964.97217,4869.97217,0.00000,5964.97314,47.50000,6.00000,11710.00000,11145.00000,3.00000,11300.00000,10820.00000,3.00000,3.00000,1.00000,2.55015,-15.38069,0.00000,-2.50000,0.00000,3.00000,1.00000,345.72171,-32.44640,0.00000,-2.50000,0.00000,289.00000,0.00000,89.99978,0.00000,210.00000,0.00000,89.99978,0.00000,0.00000,2.00000,0.00000,0.00000,0.00000,0.00000,3.00000,10940.00000,
1539.60132,2138.96655,2137.46387,0.00000,13.74918,14.74918,2.86974,18.11693,-2.04655,47.65532,6.29366,5964.97266,4872.76514,0.00000,5964.97314,47.50000,6.00000,11710.00000,11145.00000,3.00000,11300.00000,10820.00000,3.00000,3.00000,1.00000,1.47562,-16.42220,0.00000,-2.50000,0.00000,3.00000,1.00000,345.62085,-32.54741,0.00000,-2.50000,0.00000,289.00000,0.00000,89.99978,0.00000,210.00000,0.00000,89.99978,0.00000,0.00000,2.00000,0.00000,0.00000,0.00000,0.00000,3.00000,10940.00000,
1540.57434,2142.32935,2140.82666,0.00000,13.75012,14.75012,2.87067,18.11693,-2.04680,47.65717,6.29468,5964.97363,4855.00244,0.00000,5964.97314,47.50000,6.00000,11710.00000,11145.00000,3.00000,11300.00000,10820.00000,3.00000,3.00000,1.00000,0.38112,-17.48151,0.00000,-2.50000,0.00000,3.00000,1.00000,345.52914,-32.63943,0.00000,-2.50000,0.00000,289.00000,0.00000,89.99978,0.00000,210.00000,0.00000,89.99978,0.00000,0.00000,2.00000,0.00000,0.00000,0.00000,0.00000,3.00000,10940.00000,
1541.55798,2144.94238,2143.43994,0.00000,13.75084,14.75084,2.87139,18.11726,-2.04700,47.65860,6.29547,5964.97412,4830.96924,0.00000,5964.97314,47.50000,6.00000,11710.00000,11145.00000,3.00000,11300.00000,10820.00000,3.00000,3.00000,1.00000,359.43738,-18.39366,0.00000,-2.50000,0.00000,3.00000,1.00000,345.45773,-32.71143,0.00000,-2.50000,0.00000,289.00000,0.00000,89.99978,0.00000,210.00000,0.00000,89.99978,0.00000,0.00000,2.00000,0.00000,0.00000,0.00000,0.00000,3.00000,10940.00000,
1542.53528,2147.85645,2146.35400,0.00000,13.75165,14.75165,2.87220,18.11811,-2.04722,47.66020,6.29635,5964.97510,4804.14941,0.00000,5964.97168,47.50000,6.00000,11710.00000,11145.00000,3.00000,11300.00000,10820.00000,3.00000,3.00000,1.00000,358.27295,-19.51742,0.00000,-2.50000,0.00000,3.00000,1.00000,345.37808,-32.79170,0.00000,-2.50000,0.00000,289.00000,0.00000,89.99978,0.00000,210.00000,0.00000,89.99978,0.00000,0.00000,2.00000,0.00000,0.00000,0.00000,0.00000,3.00000,10940.00000,
1543.51379,2150.51978,2149.01733,0.00000,13.75239,14.75239,2.87294,18.11890,-2.04742,47.66166,6.29715,5964.97607,4779.62158,0.00000,5964.97168,47.50000,6.00000,11710.00000,11145.00000,3.00000,11300.00000,10820.00000,3.00000,3.00000,1.00000,357.08917,-20.65767,0.00000,-2.50000,0.00000,3.00000,1.00000,345.30530,-32.86486,0.00000,-2.50000,0.00000,289.00000,0.00000,89.99978,0.00000,210.00000,0.00000,89.99978,0.00000,0.00000,2.00000,0.00000,0.00000,0.00000,0.00000,3.00000,10940.00000,
1544.49976,2153.88501,2152.38257,0.00000,13.75333,14.75333,2.87388,18.11926,-2.04767,47.66351,6.29817,5964.97803,4860.01025,0.00000,5964.97168,47.50000,6.00000,11710.00000,11145.00000,3.00000,11300.00000,10820.00000,3.00000,3.00000,1.00000,355.40070,-22.28068,0.00000,-2.50000,0.00000,3.00000,1.00000,345.21194,-32.95801,0.00000,-2.50000,0.00000,289.00000,0.00000,89.99978,0.00000,210.00000,0.00000,89.99978,0.00000,0.00000,2.00000,0.00000,0.00000,0.00000,0.00000,3.00000,10940.00000,
1545.48853,2157.50269,2156.00024,0.00000,13.75433,14.75433,2.87488,18.11922,-2.04795,47.66549,6.29926,5964.97949,4989.24609,0.00000,5964.97168,47.50000,6.00000,11710.00000,11145.00000,3.00000,11300.00000,10820.00000,3.00000,3.00000,2.00000,353.29608,-24.29915,0.00000,-2.50000,0.00000,3.00000,1.00000,345.11102,-33.05918,0.00000,-2.50000,0.00000,289.00000,0.00000,89.99978,0.00000,210.00000,0.00000,89.99978,0.00000,0.00000,2.00000,0.00000,0.00000,0.00000,0.00000,3.00000,10940.00000,
1546.46155,2160.71875,2159.21631,0.00000,13.75523,14.75523,2.87578,18.11963,-2.04819,47.66725,6.30023,5964.97949,5007.70654,0.00000,5964.97168,47.50000,6.00000,11710.00000,11145.00000,3.00000,11300.00000,10820.00000,3.00000,3.00000,2.00000,351.11536,-26.38563,0.00000,-2.50000,0.00000,3.00000,1.00000,345.02084,-33.14992,0.00000,-2.50000,0.00000,289.00000,0.00000,89.99978,0.00000,210.00000,0.00000,89.99978,0.00000,0.00000,2.00000,0.00000,0.00000,0.00000,0.00000,3.00000,10940.00000,
1547.44324,2164.18530,2162.68262,0.00000,13.75619,14.75619,2.87674,18.12069,-2.04845,47.66916,6.30128,5964.97998,5045.91309,0.00000,5964.97168,47.50000,6.00000,11710.00000,11145.00000,3.00000,11300.00000,10820.00000,3.00000,3.00000,2.00000,348.35950,-29.01551,0.00000,-2.50000,0.00000,3.00000,1.00000,344.92319,-33.24807,0.00000,-2.50000,0.00000,289.00000,0.00000,89.99978,0.00000,210.00000,0.00000,89.99978,0.00000,0.00000,2.00000,0.00000,0.00000,0.00000,0.00000,3.00000,10940.00000,
1548.41309,2167.50171,2165.99927,0.00000,13.75711,14.75711,2.87766,18.12139,-2.04870,47.67097,6.30228,5964.98047,5047.29150,0.00000,5964.97168,47.50000,6.00000,11710.00000,11145.00000,3.00000,11300.00000,10820.00000,3.00000,3.00000,2.00000,345.23300,-31.99090,0.00000,-2.50000,0.00000,3.00000,1.00000,344.82932,-33.34225,0.00000,-2.50000,0.00000,289.00000,0.00000,89.99978,0.00000,210.00000,0.00000,89.99978,0.00000,0.00000,2.00000,0.00000,0.00000,0.00000,0.00000,3.00000,10940.00000,
1549.39941,2170.81836,2169.31567,0.00000,13.75803,14.75803,2.87858,18.12175,-2.04895,47.67279,6.30328,5964.98096,5042.31934,0.00000,5964.97168,47.50000,6.00000,11710.00000,11145.00000,3.00000,11300.00000,10820.00000,3.00000,3.00000,2.00000,341.50717,-35.52822,0.00000,-2.50000,0.00000,3.00000,1.00000,344.73495,-33.43684,0.00000,-2.50000,0.00000,289.00000,0.00000,89.99978,0.00000,210.00000,0.00000,89.99978,0.00000,0.00000,2.00000,0.00000,0.00000,0.00000,0.00000,3.00000,10940.00000,
1550.38770,2174.57690,2173.07422,0.00000,13.75908,14.75908,2.87963,18.12182,-2.04924,47.67485,6.30442,5964.98047,5036.80859,0.00000,5964.97949,47.50000,6.00000,11710.00000,11145.00000,3.00000,11300.00000,10820.00000,3.00000,3.00000,2.00000,336.37262,-40.39264,0.00000,-2.50000,0.00000,3.00000,1.00000,344.62750,-33.54462,0.00000,-2.50000,0.00000,289.00000,0.00000,89.99978,0.00000,210.00000,0.00000,89.99978,0.00000,0.00000,2.00000,0.00000,0.00000,0.00000,0.00000,3.00000,10940.00000,
1551.36133,2177.34058,2175.83813,0.00000,13.75984,14.75984,2.88039,18.12228,-2.04945,47.67637,6.30526,5964.97949,5038.95313,0.00000,5964.97949,47.50000,6.00000,11710.00000,11145.00000,3.00000,11300.00000,10820.00000,3.00000,3.00000,2.00000,331.83636,-44.68604,0.00000,-2.50000,0.00000,3.00000,1.00000,344.54810,-33.62453,0.00000,-2.50000,0.00000,289.00000,0.00000,89.99978,0.00000,210.00000,0.00000,89.99978,0.00000,0.00000,2.00000,0.00000,0.00000,0.00000,0.00000,3.00000,10940.00000,
1552.33972,2180.15479,2178.65210,0.00000,13.76062,14.76062,2.88118,18.12300,-2.04966,47.67791,6.30611,5964.97852,5040.24707,0.00000,5964.97949,47.50000,6.00000,11710.00000,11145.00000,3.00000,11300.00000,10820.00000,3.00000,3.00000,2.00000,326.43021,-49.80473,0.00000,-2.50000,0.00000,3.00000,1.00000,344.46692,-33.70600,0.00000,-2.50000,0.00000,289.00000,0.00000,89.99978,0.00000,210.00000,0.00000,89.99978,0.00000,0.00000,2.00000,0.00000,0.00000,0.00000,0.00000,3.00000,10940.00000,
1553.31555,2183.47119,2181.96875,0.00000,13.76155,14.76155,2.88210,18.12366,-2.04991,47.67973,6.30711,5964.97754,5036.02393,0.00000,5964.97656,47.50000,6.00000,11710.00000,11145.00000,3.00000,11300.00000,10820.00000,3.00000,3.00000,2.00000,318.90732,-56.94734,0.00000,-2.50000,0.00000,3.00000,1.00000,344.37082,-33.80241,0.00000,-2.50000,0.00000,289.00000,0.00000,89.99978,0.00000,210.00000,0.00000,89.99978,0.00000,0.00000,2.00000,0.00000,0.00000,0.00000,0.00000,3.00000,10940.00000,
1554.29736,2186.88501,2185.38257,0.00000,13.76249,14.76249,2.88305,18.12402,-2.05017,47.68160,6.30814,5964.97656,5022.82666,0.00000,5964.97510,47.50000,6.00000,11710.00000,11145.00000,3.00000,11300.00000,10820.00000,3.00000,3.00000,2.00000,309.80823,-65.64739,0.00000,-2.50000,0.00000,3.00000,1.00000,344.27161,-33.90190,0.00000,-2.50000,0.00000,289.00000,0.00000,89.99978,0.00000,210.00000,0.00000,89.99978,0.00000,0.00000,2.00000,0.00000,0.00000,0.00000,0.00000,3.00000,10940.00000,
1555.27966,2190.05103,2188.54834,0.00000,13.76337,14.76337,2.88393,18.12407,-2.05041,47.68334,6.30910,5964.97510,5009.89209,0.00000,5964.97510,47.50000,6.00000,11710.00000,11145.00000,3.00000,11300.00000,10820.00000,3.00000,3.00000,2.00000,300.28714,-74.85907,0.00000,-2.50000,0.00000,3.00000,1.00000,344.17932,-33.99461,0.00000,-2.50000,0.00000,289.00000,0.00000,89.99978,0.00000,210.00000,0.00000,89.99978,0.00000,0.00000,2.00000,0.00000,0.00000,0.00000,0.00000,3.00000,10940.00000,
1556.26392,2193.46729,2191.96460,0.00000,13.76432,14.76432,2.88487,18.12472,-2.05066,47.68521,6.31013,5964.97363,4969.32227,0.00000,5964.97510,47.50000,6.00000,11710.00000,11145.00000,3.00000,11300.00000,10820.00000,3.00000,3.00000,2.00000,289.31213,-85.65952,0.00000,-2.50000,0.00000,3.00000,1.00000,344.07971,-34.09496,0.00000,-2.50000,0.00000,289.00000,0.00000,89.99978,0.00000,210.00000,0.00000,89.99978,0.00000,0.00000,2.00000,0.00000,0.00000,0.00000,0.00000,3.00000,10940.00000,
1557.24731,2196.48218,2194.97974,0.00000,13.76516,14.76516,2.88571,18.12568,-2.05089,47.68687,6.31104,5964.97314,4949.55371,0.00000,5964.97510,47.50000,6.00000,11710.00000,11145.00000,3.00000,11300.00000,10820.00000,3.00000,3.00000,2.00000,279.60428,-95.40111,0.00000,-2.50000,0.00000,3.00000,1.00000,343.99109,-34.18376,0.00000,-2.50000,0.00000,289.00000,0.00000,89.99978,0.00000,210.00000,0.00000,89.99978,0.00000,0.00000,2.00000,0.00000,0.00000,0.00000,0.00000,3.00000,10940.00000,
1558.23621,2199.24609,2197.74341,0.00000,13.76593,14.76593,2.88648,18.12620,-2.05110,47.68838,6.31188,5964.97266,4939.47754,0.00000,5964.97510,47.50000,6.00000,11710.00000,11145.00000,3.00000,11300.00000,10820.00000,3.00000,3.00000,2.00000,271.15747,-104.02631,0.00000,-1.75488,0.00000,3.00000,1.00000,343.90912,-34.26580,0.00000,-2.50000,0.00000,289.00000,0.00000,89.99978,0.00000,210.00000,0.00000,89.99978,0.00000,0.00000,2.00000,0.00000,0.00000,0.00000,0.00000,3.00000,10940.00000,
1559.22119,2202.16064,2200.65796,0.00000,13.76674,14.76674,2.88729,18.12630,-2.05132,47.68998,6.31276,5964.97217,4928.83301,0.00000,5964.97510,47.50000,6.00000,11710.00000,11145.00000,3.00000,11300.00000,10820.00000,3.00000,3.00000,2.00000,263.05222,-112.42490,0.00000,0.28864,0.00000,3.00000,1.00000,343.82230,-34.35270,0.00000,-2.50000,0.00000,289.00000,0.00000,89.99978,0.00000,210.00000,0.00000,89.99978,0.00000,0.00000,2.00000,0.00000,0.00000,0.00000,0.00000,3.00000,10940.00000,
1560.20984,2205.27588,2203.77319,0.00000,13.76760,14.76760,2.88815,18.12630,-2.05156,47.69169,6.31370,5964.97119,4917.43604,0.00000,5964.97510,47.50000,6.00000,11710.00000,11145.00000,3.00000,11300.00000,10820.00000,3.00000,3.00000,2.00000,255.47824,-120.36347,0.00000,2.20370,0.00000,3.00000,1.00000,343.72913,-34.44629,0.00000,-2.50000,0.00000,289.00000,0.00000,89.99978,0.00000,210.00000,0.00000,89.99978,0.00000,0.00000,2.00000,0.00000,0.00000,0.00000,0.00000,3.00000,10940.00000,
1561.19189,2208.48853,2206.98584,0.00000,13.76850,14.76850,2.88905,18.12689,-2.05180,47.69345,6.31467,5964.97070,4930.82666,0.00000,5964.97461,47.50000,6.00000,11710.00000,11145.00000,3.00000,11300.00000,10820.00000,3.00000,3.00000,2.00000,248.85242,-127.35954,0.00000,2.50000,0.00000,3.00000,1.00000,343.63251,-34.54342,0.00000,-2.50000,0.00000,289.00000,0.00000,89.99978,0.00000,210.00000,0.00000,89.99978,0.00000,0.00000,2.00000,0.00000,0.00000,0.00000,0.00000,3.00000,10940.00000,
1562.18604,2210.95093,2209.44824,0.00000,13.76918,14.76918,2.88973,18.12773,-2.05199,47.69480,6.31542,5964.97021,4936.42334,0.00000,5964.97461,47.50000,6.00000,11710.00000,11145.00000,3.00000,11300.00000,10820.00000,3.00000,3.00000,2.00000,244.51843,-131.95045,0.00000,2.50000,0.00000,3.00000,1.00000,343.55820,-34.61802,0.00000,-2.50000,0.00000,289.00000,0.00000,89.99978,0.00000,210.00000,0.00000,89.99978,0.00000,0.00000,2.00000,0.00000,0.00000,0.00000,0.00000,3.00000,10940.00000,
1563.17090,2214.31763,2212.81519,0.00000,13.77011,14.77011,2.89067,18.12847,-2.05224,47.69665,6.31643,5964.97021,4895.23682,0.00000,5964.97607,47.50000,6.00000,11710.00000,11145.00000,3.00000,11300.00000,10820.00000,3.00000,3.00000,2.00000,239.49121,-137.27954,0.00000,2.50000,0.00000,3.00000,1.00000,343.45615,-34.72033,0.00000,-2.50000,0.00000,289.00000,0.00000,89.99978,0.00000,210.00000,0.00000,89.99978,0.00000,0.00000,2.00000,0.00000,0.00000,0.00000,0.00000,3.00000,10940.00000,
1564.15991,2217.48169,2215.97900,0.00000,13.77099,14.77099,2.89154,18.12854,-2.05248,47.69838,6.31739,5964.97021,4867.33643,0.00000,5964.97607,47.50000,6.00000,11710.00000,11145.00000,3.00000,11300.00000,10820.00000,3.00000,3.00000,2.00000,235.55728,-141.44574,0.00000,2.50000,0.00000,3.00000,1.00000,343.35977,-34.81678,0.00000,-2.50000,0.00000,289.00000,0.00000,89.99978,0.00000,210.00000,0.00000,89.99978,0.00000,0.00000,2.00000,0.00000,0.00000,0.00000,0.00000,3.00000,10940.00000,
1565.14282,2220.89844,2219.39575,0.00000,13.77194,14.77194,2.89249,18.12856,-2.05274,47.70026,6.31843,5964.97070,4857.85400,0.00000,5964.97607,47.50000,6.00000,11710.00000,11145.00000,3.00000,11300.00000,10820.00000,3.00000,3.00000,2.00000,232.00192,-145.20370,0.00000,2.50000,0.00000,3.00000,1.00000,343.25519,-34.92176,0.00000,-2.50000,0.00000,289.00000,0.00000,89.99978,0.00000,210.00000,0.00000,89.99978,0.00000,0.00000,2.00000,0.00000,0.00000,0.00000,0.00000,3.00000,10940.00000,
1566.13171,2223.61182,2222.10938,0.00000,13.77270,14.77270,2.89325,18.12904,-2.05295,47.70174,6.31925,5964.97119,4855.26563,0.00000,5964.97607,47.50000,6.00000,11710.00000,11145.00000,3.00000,11300.00000,10820.00000,3.00000,3.00000,2.00000,229.59500,-147.74176,0.00000,2.50000,0.00000,3.00000,1.00000,343.17175,-35.00572,0.00000,-2.50000,0.00000,289.00000,0.00000,89.99978,0.00000,210.00000,0.00000,89.99978,0.00000,0.00000,2.00000,0.00000,0.00000,0.00000,0.00000,3.00000,10940.00000,
1567.11609,2227.17969,2225.67725,0.00000,13.77369,14.77369,2.89424,18.13025,-2.05322,47.70370,6.32033,5964.97168,4876.58984,0.00000,5964.97607,47.50000,6.00000,11710.00000,11145.00000,3.00000,11300.00000,10820.00000,3.00000,3.00000,2.00000,226.88330,-150.59383,0.00000,2.50000,0.00000,3.00000,1.00000,343.06152,-35.11641,0.00000,-2.50000,0.00000,289.00000,0.00000,89.99978,0.00000,210.00000,0.00000,89.99978,0.00000,0.00000,2.00000,0.00000,0.00000,0.00000,0.00000,3.00000,10940.00000,
1568.09302,2230.24512,2228.74243,0.00000,13.77454,14.77454,2.89509,18.13083,-2.05345,47.70538,6.32125,5964.97217,4859.85059,0.00000,5964.97607,47.50000,6.00000,11710.00000,11145.00000,3.00000,11300.00000,10820.00000,3.00000,3.00000,2.00000,224.88951,-152.68471,0.00000,2.50000,0.00000,3.00000,1.00000,342.96658,-35.21151,0.00000,-2.50000,0.00000,289.00000,0.00000,89.99978,0.00000,210.00000,0.00000,89.99978,0.00000,0.00000,2.00000,0.00000,0.00000,0.00000,0.00000,3.00000,10940.00000,
1569.08472,2232.95874,2231.45605,0.00000,13.77529,14.77529,2.89584,18.13089,-2.05366,47.70687,6.32207,5964.97266,4801.81885,0.00000,5964.97607,47.50000,6.00000,11710.00000,11145.00000,3.00000,11300.00000,10820.00000,3.00000,3.00000,2.00000,223.33745,-154.30861,0.00000,2.50000,0.00000,3.00000,1.00000,342.88254,-35.29588,0.00000,-2.50000,0.00000,289.00000,0.00000,89.99978,0.00000,210.00000,0.00000,89.99978,0.00000,0.00000,2.00000,0.00000,0.00000,0.00000,0.00000,3.00000,10940.00000,
1570.06653,2236.47314,2234.97070,0.00000,13.77627,14.77627,2.89682,18.13094,-2.05392,47.70880,6.32314,5964.97266,4788.78711,0.00000,5964.97461,47.50000,6.00000,11710.00000,11145.00000,3.00000,11300.00000,10820.00000,3.00000,3.00000,2.00000,221.57390,-156.14966,0.00000,2.50000,0.00000,3.00000,1.00000,342.77347,-35.40531,0.00000,-2.50000,0.00000,289.00000,0.00000,89.99978,0.00000,210.00000,0.00000,89.99978,0.00000,0.00000,2.00000,0.00000,0.00000,0.00000,0.00000,3.00000,10940.00000,
1571.05322,2239.98950,2238.48682,0.00000,13.77725,14.77725,2.89780,18.13168,-2.05419,47.71073,6.32420,5964.97314,4778.82324,0.00000,5964.97461,47.50000,6.00000,11710.00000,11145.00000,3.00000,11300.00000,10820.00000,3.00000,3.00000,2.00000,220.04054,-157.74678,0.00000,2.50000,0.00000,3.00000,1.00000,342.66275,-35.51640,0.00000,-2.50000,0.00000,289.00000,0.00000,89.99978,0.00000,210.00000,0.00000,89.99978,0.00000,0.00000,2.00000,0.00000,0.00000,0.00000,0.00000,3.00000,10940.00000,
1572.03711,2243.60547,2242.10278,0.00000,13.77825,14.77825,2.89880,18.13278,-2.05447,47.71271,6.32530,5964.97412,4820.47803,0.00000,5964.97314,47.50000,6.00000,11710.00000,11145.00000,3.00000,11300.00000,10820.00000,3.00000,3.00000,2.00000,218.66196,-159.17924,0.00000,2.50000,0.00000,3.00000,1.00000,342.54831,-35.63131,0.00000,-2.50000,0.00000,289.00000,0.00000,89.99978,0.00000,210.00000,0.00000,89.99978,0.00000,0.00000,2.00000,0.00000,0.00000,0.00000,0.00000,3.00000,10940.00000,
1573.02600,2247.02148,2245.51880,0.00000,13.77920,14.77920,2.89975,18.13325,-2.05473,47.71458,6.32633,5964.97559,4817.69336,0.00000,5964.97314,47.50000,6.00000,11710.00000,11145.00000,3.00000,11300.00000,10820.00000,3.00000,3.00000,2.00000,217.51294,-160.37044,0.00000,2.50000,0.00000,3.00000,1.00000,342.43961,-35.74012,0.00000,-2.50000,0.00000,289.00000,0.00000,89.99978,0.00000,210.00000,0.00000,89.99978,0.00000,0.00000,2.00000,0.00000,0.00000,0.00000,0.00000,3.00000,10940.00000,
1574.01099,2249.88574,2248.38306,0.00000,13.77999,14.77999,2.90055,18.13325,-2.05494,47.71615,6.32720,5964.97656,4766.74121,0.00000,5964.97314,47.50000,6.00000,11710.00000,11145.00000,3.00000,11300.00000,10820.00000,3.00000,3.00000,2.00000,216.64680,-161.26692,0.00000,2.50000,0.00000,3.00000,1.00000,342.34805,-35.83184,0.00000,-2.50000,0.00000,289.00000,0.00000,89.99978,0.00000,210.00000,0.00000,89.99978,0.00000,0.00000,2.00000,0.00000,0.00000,0.00000,0.00000,3.00000,10940.00000,
1574.99500,2252.90088,2251.39819,0.00000,13.78083,14.78083,2.90138,18.13332,-2.05517,47.71781,6.32811,5964.97754,4741.85938,0.00000,5964.97314,47.50000,6.00000,11710.00000,11145.00000,3.00000,11300.00000,10820.00000,3.00000,3.00000,2.00000,215.81772,-162.12402,0.00000,2.50000,0.00000,3.00000,1.00000,342.25125,-35.92900,0.00000,-2.50000,0.00000,289.00000,0.00000,89.99978,0.00000,210.00000,0.00000,89.99978,0.00000,0.00000,2.00000,0.00000,0.00000,0.00000,0.00000,3.00000,10940.00000,
1575.97351,2256.31787,2254.81543,0.00000,13.78178,14.78178,2.90233,18.13418,-2.05543,47.71968,6.32914,5964.97852,4729.50244,0.00000,5964.97314,47.50000,6.00000,11710.00000,11145.00000,3.00000,11300.00000,10820.00000,3.00000,3.00000,2.00000,214.96692,-163.00253,0.00000,2.50000,0.00000,3.00000,1.00000,342.14099,-36.03991,0.00000,-2.50000,0.00000,289.00000,0.00000,89.99978,0.00000,210.00000,0.00000,89.99978,0.00000,0.00000,2.00000,0.00000,0.00000,0.00000,0.00000,3.00000,10940.00000,
1576.94812,2259.23242,2257.72998,0.00000,13.78259,14.78259,2.90314,18.13506,-2.05565,47.72128,6.33003,5964.97949,4753.55566,0.00000,5964.97314,47.50000,6.00000,11710.00000,11145.00000,3.00000,11300.00000,10820.00000,3.00000,3.00000,2.00000,214.30630,-163.68358,0.00000,2.50000,0.00000,3.00000,1.00000,342.04654,-36.13467,0.00000,-2.50000,0.00000,289.00000,0.00000,89.99978,0.00000,210.00000,0.00000,89.99978,0.00000,0.00000,2.00000,0.00000,0.00000,0.00000,0.00000,3.00000,10940.00000,
1577.93689,2262.14697,2260.64453,0.00000,13.78340,14.78340,2.90395,18.13553,-2.05587,47.72288,6.33091,5964.97998,4844.07861,0.00000,5964.97314,47.50000,6.00000,11710.00000,11145.00000,3.00000,11300.00000,10820.00000,3.00000,3.00000,2.00000,213.69818,-164.30963,0.00000,2.50000,0.00000,3.00000,1.00000,341.95163,-36.22965,0.00000,-2.50000,0.00000,289.00000,0.00000,89.99978,0.00000,210.00000,0.00000,89.99978,0.00000,0.00000,2.00000,0.00000,0.00000,0.00000,0.00000,3.00000,10940.00000,
1578.91772,2265.11182,2263.60938,0.00000,13.78422,14.78422,2.90478,18.13577,-2.05610,47.72450,6.33181,5964.98047,4792.42139,0.00000,5964.97314,47.50000,6.00000,11710.00000,11145.00000,3.00000,11300.00000,10820.00000,3.00000,3.00000,2.00000,213.12737,-164.89682,0.00000,2.50000,0.00000,3.00000,1.00000,341.85468,-36.32685,0.00000,-2.50000,0.00000,289.00000,0.00000,89.99978,0.00000,210.00000,0.00000,89.99978,0.00000,0.00000,2.00000,0.00000,0.00000,0.00000,0.00000,3.00000,10940.00000,
1579.89893,2268.22754,2266.72485,0.00000,13.78509,14.78509,2.90564,18.13581,-2.05634,47.72621,6.33275,5964.98047,4741.55225,0.00000,5964.97314,47.50000,6.00000,11710.00000,11145.00000,3.00000,11300.00000,10820.00000,3.00000,3.00000,2.00000,212.57362,-165.46588,0.00000,2.50000,0.00000,3.00000,1.00000,341.75253,-36.42937,0.00000,-2.50000,0.00000,289.00000,0.00000,89.99978,0.00000,210.00000,0.00000,89.99978,0.00000,0.00000,2.00000,0.00000,0.00000,0.00000,0.00000,3.00000,10940.00000,
1580.87817,2271.44360,2269.94092,0.00000,13.78598,14.78598,2.90653,18.13642,-2.05658,47.72797,6.33372,5964.98096,4785.89648,0.00000,5964.97314,47.50000,6.00000,11710.00000,11145.00000,3.00000,11300.00000,10820.00000,3.00000,3.00000,2.00000,212.04616,-166.00766,0.00000,2.50000,0.00000,3.00000,1.00000,341.64706,-36.53557,0.00000,-2.50000,0.00000,289.00000,0.00000,89.99978,0.00000,210.00000,0.00000,89.99978,0.00000,0.00000,2.00000,0.00000,0.00000,0.00000,0.00000,3.00000,10940.00000,
1581.86646,2274.50879,2273.00635,0.00000,13.78683,14.78683,2.90739,18.13729,-2.05681,47.72966,6.33465,5964.98096,4796.53223,0.00000,5964.97314,47.50000,6.00000,11710.00000,11145.00000,3.00000,11300.00000,10820.00000,3.00000,3.00000,2.00000,211.58055,-166.48532,0.00000,2.50000,0.00000,3.00000,1.00000,341.54633,-36.63653,0.00000,-2.50000,0.00000,289.00000,0.00000,89.99978,0.00000,210.00000,0.00000,89.99978,0.00000,0.00000,2.00000,0.00000,0.00000,0.00000,0.00000,3.00000,10940.00000,
1582.84851,2277.87573,2276.37305,0.00000,13.78777,14.78777,2.90832,18.13789,-2.05707,47.73150,6.33567,5964.98193,4733.26953,0.00000,5964.97314,47.50000,6.00000,11710.00000,11145.00000,3.00000,11300.00000,10820.00000,3.00000,3.00000,2.00000,211.10646,-166.97115,0.00000,2.50000,0.00000,3.00000,1.00000,341.43414,-36.74877,0.00000,-2.50000,0.00000,289.00000,0.00000,89.99978,0.00000,210.00000,0.00000,89.99978,0.00000,0.00000,2.00000,0.00000,0.00000,0.00000,0.00000,3.00000,10940.00000,
1583.82031,2280.98975,2279.48730,0.00000,13.78863,14.78863,2.90919,18.13810,-2.05731,47.73321,6.33662,5964.98193,4761.39844,0.00000,5964.97363,47.50000,6.00000,11710.00000,11145.00000,3.00000,11300.00000,10820.00000,3.00000,3.00000,2.00000,210.69913,-167.38826,0.00000,2.50000,0.00000,3.00000,1.00000,341.32983,-36.85328,0.00000,-2.50000,0.00000,289.00000,0.00000,89.99978,0.00000,210.00000,0.00000,89.99978,0.00000,0.00000,2.00000,0.00000,0.00000,0.00000,0.00000,3.00000,10940.00000,
1584.80750,2284.20557,2282.70288,0.00000,13.78953,14.78953,2.91008,18.13823,-2.05755,47.73497,6.33759,5964.98193,4837.22119,0.00000,5964.97363,47.50000,6.00000,11710.00000,11145.00000,3.00000,11300.00000,10820.00000,3.00000,3.00000,2.00000,210.30675,-167.78989,0.00000,2.50000,0.00000,3.00000,1.00000,341.22165,-36.96172,0.00000,-2.50000,0.00000,289.00000,0.00000,89.99978,0.00000,210.00000,0.00000,89.99978,0.00000,0.00000,2.00000,0.00000,0.00000,0.00000,0.00000,3.00000,10940.00000,
1585.78882,2287.01953,2285.51709,0.00000,13.79031,14.79031,2.91086,18.13874,-2.05777,47.73652,6.33844,5964.98145,4912.95264,0.00000,5964.97363,47.50000,6.00000,11710.00000,11145.00000,3.00000,11300.00000,10820.00000,3.00000,3.00000,2.00000,209.98477,-168.11940,0.00000,2.50000,0.00000,3.00000,1.00000,341.12653,-37.05723,0.00000,-2.50000,0.00000,289.00000,0.00000,89.99978,0.00000,210.00000,0.00000,89.99978,0.00000,0.00000,2.00000,0.00000,0.00000,0.00000,0.00000,3.00000,10940.00000,
1586.77539,2290.03467,2288.53198,0.00000,13.79115,14.79115,2.91170,18.13946,-2.05800,47.73817,6.33935,5964.98145,4951.75977,0.00000,5964.97363,47.50000,6.00000,11710.00000,11145.00000,3.00000,11300.00000,10820.00000,3.00000,3.00000,2.00000,209.65988,-168.45148,0.00000,2.50000,0.00000,3.00000,1.00000,341.02417,-37.15993,0.00000,-2.50000,0.00000,289.00000,0.00000,89.99978,0.00000,210.00000,0.00000,89.99978,0.00000,0.00000,2.00000,0.00000,0.00000,0.00000,0.00000,3.00000,10940.00000,
1587.75696,2292.94922,2291.44653,0.00000,13.79196,14.79196,2.91251,18.14000,-2.05822,47.73977,6.34024,5964.98193,4977.00049,0.00000,5964.97363,47.50000,6.00000,11710.00000,11145.00000,3.00000,11300.00000,10820.00000,3.00000,3.00000,2.00000,209.36400,-168.75374,0.00000,2.50000,0.00000,3.00000,1.00000,340.92477,-37.25948,0.00000,-2.50000,0.00000,289.00000,0.00000,89.99978,0.00000,210.00000,0.00000,89.99978,0.00000,0.00000,2.00000,0.00000,0.00000,0.00000,0.00000,3.00000,10940.00000,
1588.74121,2296.06470,2294.56226,0.00000,13.79282,14.79282,2.91337,18.14031,-2.05846,47.74148,6.34118,5964.98193,5013.44385,0.00000,5964.97363,47.50000,6.00000,11710.00000,11145.00000,3.00000,11300.00000,10820.00000,3.00000,3.00000,2.00000,209.06575,-169.05830,0.00000,2.50000,0.00000,3.00000,1.00000,340.81805,-37.36648,0.00000,-2.50000,0.00000,289.00000,0.00000,89.99978,0.00000,210.00000,0.00000,89.99978,0.00000,0.00000,2.00000,0.00000,0.00000,0.00000,0.00000,3.00000,10940.00000,
1589.72009,2299.17969,2297.67725,0.00000,13.79369,14.79369,2.91424,18.14039,-2.05869,47.74319,6.34213,5964.98145,5028.55859,0.00000,5964.97363,47.50000,6.00000,11710.00000,11145.00000,3.00000,11300.00000,10820.00000,3.00000,3.00000,2.00000,208.78464,-169.34529,0.00000,2.50000,0.00000,3.00000,1.00000,340.71085,-37.47403,0.00000,-2.50000,0.00000,289.00000,0.00000,89.99978,0.00000,210.00000,0.00000,89.99978,0.00000,0.00000,2.00000,0.00000,0.00000,0.00000,0.00000,3.00000,10940.00000,
1590.69495,2302.39575,2300.89331,0.00000,13.79458,14.79458,2.91513,18.14101,-2.05894,47.74495,6.34310,5964.98145,5019.82031,0.00000,5964.97363,47.50000,6.00000,11710.00000,11145.00000,3.00000,11300.00000,10820.00000,3.00000,3.00000,2.00000,208.51083,-169.62494,0.00000,2.50000,0.00000,3.00000,1.00000,340.59964,-37.58577,0.00000,-2.50000,0.00000,289.00000,0.00000,89.99978,0.00000,210.00000,0.00000,89.99978,0.00000,0.00000,2.00000,0.00000,0.00000,0.00000,0.00000,3.00000,10940.00000,
1591.68616,2305.10938,2303.60693,0.00000,13.79533,14.79533,2.91589,18.14179,-2.05915,47.74644,6.34392,5964.98145,5005.65625,0.00000,5964.97363,47.50000,6.00000,11710.00000,11145.00000,3.00000,11300.00000,10820.00000,3.00000,3.00000,2.00000,208.29173,-169.84836,0.00000,2.50000,0.00000,3.00000,1.00000,340.50571,-37.68004,0.00000,-2.50000,0.00000,289.00000,0.00000,89.99978,0.00000,210.00000,0.00000,89.99978,0.00000,0.00000,2.00000,0.00000,0.00000,0.00000,0.00000,3.00000,10940.00000,
1592.66125,2308.57642,2307.07397,0.00000,13.79630,14.79630,2.91685,18.14249,-2.05941,47.74834,6.34497,5964.98193,5000.18701,0.00000,5964.97559,47.50000,6.00000,11710.00000,11145.00000,3.00000,11300.00000,10820.00000,3.00000,3.00000,2.00000,208.02654,-170.11853,0.00000,2.50000,0.00000,3.00000,1.00000,340.38568,-37.80040,0.00000,-2.50000,0.00000,289.00000,0.00000,89.99978,0.00000,210.00000,0.00000,89.99978,0.00000,0.00000,2.00000,0.00000,0.00000,0.00000,0.00000,3.00000,10940.00000,
1593.65332,2311.39063,2309.88794,0.00000,13.79708,14.79708,2.91763,18.14273,-2.05962,47.74988,6.34583,5964.98193,5007.08057,0.00000,5964.97559,47.50000,6.00000,11710.00000,11145.00000,3.00000,11300.00000,10820.00000,3.00000,3.00000,2.00000,207.82256,-170.32639,0.00000,2.50000,0.00000,3.00000,1.00000,340.28741,-37.89857,0.00000,-2.50000,0.00000,289.00000,0.00000,89.99978,0.00000,210.00000,0.00000,89.99978,0.00000,0.00000,2.00000,0.00000,0.00000,0.00000,0.00000,3.00000,10940.00000,
1594.62939,2314.10400,2312.60156,0.00000,13.79783,14.79783,2.91838,18.14277,-2.05983,47.75137,6.34665,5964.98193,5013.71143,0.00000,5964.97559,47.50000,6.00000,11710.00000,11145.00000,3.00000,11300.00000,10820.00000,3.00000,3.00000,2.00000,207.63458,-170.51788,0.00000,2.50000,0.00000,3.00000,1.00000,340.19186,-37.99434,0.00000,-2.50000,0.00000,289.00000,0.00000,89.99978,0.00000,210.00000,0.00000,89.99978,0.00000,0.00000,2.00000,0.00000,0.00000,0.00000,0.00000,3.00000,10940.00000,
1595.61047,2317.62109,2316.11865,0.00000,13.79881,14.79881,2.91936,18.14311,-2.06010,47.75330,6.34772,5964.98145,5023.19287,0.00000,5964.97559,47.50000,6.00000,11710.00000,11145.00000,3.00000,11300.00000,10820.00000,3.00000,3.00000,2.00000,207.40303,-170.75385,0.00000,2.50000,0.00000,3.00000,1.00000,340.06741,-38.11915,0.00000,-2.50000,0.00000,289.00000,0.00000,89.99978,0.00000,210.00000,0.00000,89.99978,0.00000,0.00000,2.00000,0.00000,0.00000,0.00000,0.00000,3.00000,10940.00000,
1596.58240,2320.88745,2319.38477,0.00000,13.79972,14.79972,2.92027,18.14386,-2.06035,47.75509,6.34871,5964.98145,5037.96094,0.00000,5964.97559,47.50000,6.00000,11710.00000,11145.00000,3.00000,11300.00000,10820.00000,3.00000,3.00000,2.00000,207.19919,-170.96143,0.00000,2.50000,0.00000,3.00000,1.00000,339.95123,-38.23574,0.00000,-2.50000,0.00000,289.00000,0.00000,89.99978,0.00000,210.00000,0.00000,89.99978,0.00000,0.00000,2.00000,0.00000,0.00000,0.00000,0.00000,3.00000,10940.00000,
1597.57104,2323.55078,2322.04810,0.00000,13.80046,14.80046,2.92101,18.14445,-2.06055,47.75655,6.34951,5964.98145,5052.98584,0.00000,5964.97559,47.50000,6.00000,11710.00000,11145.00000,3.00000,11300.00000,10820.00000,3.00000,3.00000,2.00000,207.04042,-171.12302,0.00000,2.50000,0.00000,3.00000,1.00000,339.85605,-38.33097,0.00000,-2.50000,0.00000,289.00000,0.00000,89.99978,0.00000,210.00000,0.00000,89.99978,0.00000,0.00000,2.00000,0.00000,0.00000,0.00000,0.00000,3.00000,10940.00000,
1598.55859,2326.51563,2325.01294,0.00000,13.80128,14.80128,2.92183,18.14480,-2.06078,47.75817,6.35041,5964.98193,5070.37939,0.00000,5964.97559,47.50000,6.00000,11710.00000,11145.00000,3.00000,11300.00000,10820.00000,3.00000,3.00000,2.00000,206.87094,-171.29547,0.00000,2.50000,0.00000,3.00000,1.00000,339.74966,-38.43758,0.00000,-2.50000,0.00000,289.00000,0.00000,89.99978,0.00000,210.00000,0.00000,89.99978,0.00000,0.00000,2.00000,0.00000,0.00000,0.00000,0.00000,3.00000,10940.00000,
1599.54114,2329.73169,2328.22900,0.00000,13.80217,14.80217,2.92273,18.14488,-2.06102,47.75994,6.35139,5964.98145,5089.22510,0.00000,5964.97656,47.50000,6.00000,11710.00000,11145.00000,3.00000,11300.00000,10820.00000,3.00000,3.00000,2.00000,206.69536,-171.47414,0.00000,2.50000,0.00000,3.00000,1.00000,339.63373,-38.55386,0.00000,-2.50000,0.00000,289.00000,0.00000,89.99978,0.00000,210.00000,0.00000,89.99978,0.00000,0.00000,2.00000,0.00000,0.00000,0.00000,0.00000,3.00000,10940.00000,
1600.52881,2332.59595,2331.09351,0.00000,13.80297,14.80297,2.92352,18.14525,-2.06124,47.76151,6.35226,5964.98145,5097.99609,0.00000,5964.97656,47.50000,6.00000,11710.00000,11145.00000,3.00000,11300.00000,10820.00000,3.00000,3.00000,2.00000,206.54581,-171.62637,0.00000,2.50000,0.00000,3.00000,1.00000,339.52997,-38.65794,0.00000,-2.50000,0.00000,289.00000,0.00000,89.99978,0.00000,210.00000,0.00000,89.99978,0.00000,0.00000,2.00000,0.00000,0.00000,0.00000,0.00000,3.00000,10940.00000,
1601.51855,2335.91260,2334.40991,0.00000,13.80389,14.80389,2.92444,18.14606,-2.06150,47.76333,6.35326,5964.98145,5088.35352,0.00000,5964.97656,47.50000,6.00000,11710.00000,11145.00000,3.00000,11300.00000,10820.00000,3.00000,3.00000,2.00000,206.37988,-171.79529,0.00000,2.50000,0.00000,3.00000,1.00000,339.40930,-38.77895,0.00000,-2.50000,0.00000,289.00000,0.00000,89.99978,0.00000,210.00000,0.00000,89.99978,0.00000,0.00000,2.00000,0.00000,0.00000,0.00000,0.00000,3.00000,10940.00000,
1602.50342,2339.37988,2337.87744,0.00000,13.80485,14.80485,2.92541,18.14677,-2.06176,47.76523,6.35431,5964.98145,5089.04541,0.00000,5964.97656,47.50000,6.00000,11710.00000,11145.00000,3.00000,11300.00000,10820.00000,3.00000,3.00000,2.00000,206.21449,-171.96326,0.00000,2.50000,0.00000,3.00000,1.00000,339.28296,-38.90566,0.00000,-2.50000,0.00000,289.00000,0.00000,89.99978,0.00000,210.00000,0.00000,89.99978,0.00000,0.00000,2.00000,0.00000,0.00000,0.00000,0.00000,3.00000,10940.00000,
1603.47729,2342.19409,2340.69141,0.00000,13.80564,14.80564,2.92619,18.14712,-2.06198,47.76677,6.35517,5964.98145,5089.58740,0.00000,5964.97656,47.50000,6.00000,11710.00000,11145.00000,3.00000,11300.00000,10820.00000,3.00000,3.00000,2.00000,206.08575,-172.09407,0.00000,2.50000,0.00000,3.00000,1.00000,339.18042,-39.00856,0.00000,-2.50000,0.00000,289.00000,0.00000,89.99978,0.00000,210.00000,0.00000,89.99978,0.00000,0.00000,2.00000,0.00000,0.00000,0.00000,0.00000,3.00000,10940.00000,
1604.45813,2345.66138,2344.15869,0.00000,13.80660,14.80660,2.92715,18.14716,-2.06224,47.76867,6.35622,5964.98145,5091.11426,0.00000,5964.97656,47.50000,6.00000,11710.00000,11145.00000,3.00000,11300.00000,10820.00000,3.00000,3.00000,2.00000,205.93369,-172.24873,0.00000,2.50000,0.00000,3.00000,1.00000,339.05270,-39.13631,0.00000,-2.50000,0.00000,289.00000,0.00000,89.99978,0.00000,210.00000,0.00000,89.99978,0.00000,0.00000,2.00000,0.00000,0.00000,0.00000,0.00000,3.00000,10940.00000,
1605.43713,2348.87744,2347.37476,0.00000,13.80749,14.80749,2.92804,18.14767,-2.06249,47.77044,6.35719,5964.98145,5102.48633,0.00000,5964.97656,47.50000,6.00000,11710.00000,11145.00000,3.00000,11300.00000,10820.00000,3.00000,3.00000,2.00000,205.79860,-172.38618,0.00000,2.50000,0.00000,3.00000,1.00000,338.93329,-39.25611,0.00000,-2.50000,0.00000,289.00000,0.00000,89.99978,0.00000,210.00000,0.00000,89.99978,0.00000,0.00000,2.00000,0.00000,0.00000,0.00000,0.00000,3.00000,10940.00000,
1606.42212,2352.14380,2350.64111,0.00000,13.80840,14.80840,2.92895,18.14859,-2.06274,47.77223,6.35818,5964.98145,5104.04785,0.00000,5964.97656,47.50000,6.00000,11710.00000,11145.00000,3.00000,11300.00000,10820.00000,3.00000,3.00000,2.00000,205.66685,-172.52000,0.00000,2.50000,0.00000,3.00000,1.00000,338.81143,-39.37828,0.00000,-2.50000,0.00000,289.00000,0.00000,89.99978,0.00000,210.00000,0.00000,89.99978,0.00000,0.00000,2.00000,0.00000,0.00000,0.00000,0.00000,3.00000,10940.00000,
1607.40637,2355.71167,2354.20898,0.00000,13.80939,14.80939,2.92994,18.14925,-2.06301,47.77419,6.35927,5964.98145,5099.08203,0.00000,5964.97656,47.50000,6.00000,11710.00000,11145.00000,3.00000,11300.00000,10820.00000,3.00000,3.00000,2.00000,205.52890,-172.65997,0.00000,2.50000,0.00000,3.00000,1.00000,338.67761,-39.51228,0.00000,-2.50000,0.00000,289.00000,0.00000,89.99978,0.00000,210.00000,0.00000,89.99978,0.00000,0.00000,2.00000,0.00000,0.00000,0.00000,0.00000,3.00000,10940.00000,
1608.38281,2359.12720,2357.62476,0.00000,13.81034,14.81034,2.93089,18.14948,-2.06327,47.77606,6.36030,5964.98145,5095.36133,0.00000,5964.97803,47.50000,6.00000,11710.00000,11145.00000,3.00000,11300.00000,10820.00000,3.00000,3.00000,2.00000,205.40262,-172.78851,0.00000,2.50000,0.00000,3.00000,1.00000,338.54883,-39.64131,0.00000,-2.50000,0.00000,289.00000,0.00000,89.99978,0.00000,210.00000,0.00000,89.99978,0.00000,0.00000,2.00000,0.00000,0.00000,0.00000,0.00000,3.00000,10940.00000,
1609.36865,2362.24292,2360.74023,0.00000,13.81120,14.81120,2.93176,18.14954,-2.06351,47.77777,6.36125,5964.97998,5093.27832,0.00000,5964.97803,47.50000,6.00000,11710.00000,11145.00000,3.00000,11300.00000,10820.00000,3.00000,3.00000,2.00000,205.29158,-172.90112,0.00000,2.50000,0.00000,3.00000,1.00000,338.43076,-39.75970,0.00000,-2.50000,0.00000,289.00000,0.00000,89.99978,0.00000,210.00000,0.00000,89.99978,0.00000,0.00000,2.00000,0.00000,0.00000,0.00000,0.00000,3.00000,10940.00000,
1610.36438,2365.00659,2363.50415,0.00000,13.81197,14.81197,2.93252,18.15007,-2.06372,47.77928,6.36209,5964.97900,5091.64893,0.00000,5964.97803,47.50000,6.00000,11710.00000,11145.00000,3.00000,11300.00000,10820.00000,3.00000,3.00000,2.00000,205.19662,-172.99803,0.00000,2.50000,0.00000,3.00000,1.00000,338.32553,-39.86537,0.00000,-2.50000,0.00000,289.00000,0.00000,89.99978,0.00000,210.00000,0.00000,89.99978,0.00000,0.00000,2.00000,0.00000,0.00000,0.00000,0.00000,3.00000,10940.00000,
1611.34216,2368.02173,2366.51929,0.00000,13.81281,14.81281,2.93336,18.15104,-2.06395,47.78094,6.36300,5964.97803,5090.14697,0.00000,5964.97656,47.50000,6.00000,11710.00000,11145.00000,3.00000,11300.00000,10820.00000,3.00000,3.00000,2.00000,205.09631,-173.09998,0.00000,2.50000,0.00000,3.00000,1.00000,338.21027,-39.98088,0.00000,-2.50000,0.00000,289.00000,0.00000,89.99978,0.00000,210.00000,0.00000,89.99978,0.00000,0.00000,2.00000,0.00000,0.00000,0.00000,0.00000,3.00000,10940.00000,
1612.32288,2371.18750,2369.68506,0.00000,13.81369,14.81369,2.93424,18.15152,-2.06420,47.78267,6.36396,5964.97754,5088.11621,0.00000,5964.97656,47.50000,6.00000,11710.00000,11145.00000,3.00000,11300.00000,10820.00000,3.00000,3.00000,2.00000,204.99448,-173.20293,0.00000,2.50000,0.00000,3.00000,1.00000,338.08914,-40.10220,0.00000,-2.50000,0.00000,289.00000,0.00000,89.99978,0.00000,210.00000,0.00000,89.99978,0.00000,0.00000,2.00000,0.00000,0.00000,0.00000,0.00000,3.00000,10940.00000,
1613.30762,2374.40356,2372.90112,0.00000,13.81458,14.81458,2.93513,18.15151,-2.06444,47.78444,6.36494,5964.97656,5082.78418,0.00000,5964.97656,47.50000,6.00000,11710.00000,11145.00000,3.00000,11300.00000,10820.00000,3.00000,3.00000,2.00000,204.89468,-173.30424,0.00000,2.50000,0.00000,3.00000,1.00000,337.96609,-40.22571,0.00000,-2.50000,0.00000,289.00000,0.00000,89.99978,0.00000,210.00000,0.00000,89.99978,0.00000,0.00000,2.00000,0.00000,0.00000,0.00000,0.00000,3.00000,10940.00000,
1614.28772,2377.51929,2376.01660,0.00000,13.81545,14.81545,2.93600,18.14894,-2.06468,47.78614,6.36588,5964.97559,5079.41650,0.00000,5964.97656,47.50000,6.00000,11710.00000,11145.00000,3.00000,11300.00000,10820.00000,3.00000,3.00000,2.00000,204.80151,-173.39964,0.00000,2.50000,0.00000,3.00000,1.00000,337.84534,-40.34687,0.00000,-2.50000,0.00000,289.00000,0.00000,89.99978,0.00000,210.00000,0.00000,89.99978,0.00000,0.00000,2.00000,0.00000,0.00000,0.00000,0.00000,3.00000,10940.00000,
1615.27515,2380.13232,2378.62964,0.00000,13.81617,14.81617,2.93673,18.14934,-2.06488,47.78758,6.36668,5964.97461,5076.39111,0.00000,5964.97656,47.50000,6.00000,11710.00000,11145.00000,3.00000,11300.00000,10820.00000,3.00000,3.00000,2.00000,204.72557,-173.47861,0.00000,2.50000,0.00000,3.00000,1.00000,337.74350,-40.45091,0.00000,-2.50000,0.00000,289.00000,0.00000,89.99978,0.00000,210.00000,0.00000,89.99978,0.00000,0.00000,2.00000,0.00000,0.00000,0.00000,0.00000,3.00000,10940.00000,
1616.26331,2383.59961,2382.09717,0.00000,13.81714,14.81714,2.93769,18.15941,-2.06515,47.78948,6.36773,5964.97363,5070.57813,0.00000,5964.97656,47.50000,6.00000,11710.00000,11145.00000,3.00000,11300.00000,10820.00000,3.00000,3.00000,2.00000,204.62823,-173.57852,0.00000,2.50000,0.00000,3.00000,1.00000,337.60773,-40.58778,0.00000,-2.50000,0.00000,289.00000,0.00000,89.99978,0.00000,210.00000,0.00000,89.99978,0.00000,0.00000,2.00000,0.00000,0.00000,0.00000,0.00000,3.00000,10940.00000,
1617.25073,2386.86450,2385.36182,0.00000,13.81804,14.81804,2.93860,18.15977,-2.06540,47.79127,6.36872,5964.97314,5066.05273,0.00000,5964.97656,47.50000,6.00000,11710.00000,11145.00000,3.00000,11300.00000,10820.00000,3.00000,3.00000,2.00000,204.53963,-173.66597,0.00000,2.50000,0.00000,3.00000,1.00000,337.47922,-40.71417,0.00000,-2.50000,0.00000,289.00000,0.00000,89.99978,0.00000,210.00000,0.00000,89.99978,0.00000,0.00000,2.00000,0.00000,0.00000,0.00000,0.00000,3.00000,10940.00000,
1618.23364,2390.13086,2388.62817,0.00000,13.81895,14.81895,2.93950,18.15541,-2.06565,47.79306,6.36971,5964.97217,5062.90771,0.00000,5964.97656,47.50000,6.00000,11710.00000,11145.00000,3.00000,11300.00000,10820.00000,3.00000,3.00000,2.00000,204.45381,-173.75085,0.00000,2.50000,0.00000,3.00000,1.00000,337.35001,-40.84132,0.00000,-2.50000,0.00000,289.00000,0.00000,89.99978,0.00000,210.00000,0.00000,89.99978,0.00000,0.00000,2.00000,0.00000,0.00000,0.00000,0.00000,3.00000,10940.00000,
1619.21997,2393.69849,2392.19604,0.00000,13.81994,14.81994,2.94049,18.15256,-2.06592,47.79502,6.37080,5964.97119,5062.11914,0.00000,5964.97656,47.50000,6.00000,11710.00000,11145.00000,3.00000,11300.00000,10820.00000,3.00000,3.00000,2.00000,204.36325,-173.84186,0.00000,2.50000,0.00000,3.00000,1.00000,337.20813,-40.98254,0.00000,-2.50000,0.00000,289.00000,0.00000,89.99978,0.00000,210.00000,0.00000,89.99978,0.00000,0.00000,2.00000,0.00000,0.00000,0.00000,0.00000,3.00000,10940.00000,
1620.19495,2397.01514,2395.51245,0.00000,13.82086,14.82086,2.94142,18.15281,-2.06617,47.79683,6.37180,5964.96973,5060.15820,0.00000,5964.97656,47.50000,6.00000,11710.00000,11145.00000,3.00000,11300.00000,10820.00000,3.00000,3.00000,2.00000,204.28181,-173.92419,0.00000,2.50000,0.00000,3.00000,1.00000,337.07553,-41.11531,0.00000,-2.50000,0.00000,289.00000,0.00000,89.99978,0.00000,210.00000,0.00000,89.99978,0.00000,0.00000,2.00000,0.00000,0.00000,0.00000,0.00000,3.00000,10940.00000,
1621.17639,2400.38184,2398.87939,0.00000,13.82180,14.82180,2.94235,17.89865,-2.06643,47.79868,6.37283,5964.95947,5059.84473,0.00000,5964.97021,47.50000,6.00000,11710.00000,11145.00000,3.00000,11300.00000,10820.00000,3.00000,3.00000,2.00000,204.20200,-174.02591,0.00000,2.50000,0.00000,3.00000,1.00000,336.94058,-41.27099,0.00000,-2.50000,0.00000,289.00000,0.00000,89.99978,0.00000,210.00000,0.00000,89.99978,0.00000,0.00000,2.00000,0.00000,0.00000,0.00000,0.00000,3.00000,10940.00000,
1622.16272,2403.54785,2402.04517,0.00000,13.82268,14.82268,2.94323,17.82527,-2.06668,47.80042,6.37380,5964.94434,5064.07617,0.00000,5964.94727,47.50000,6.00000,11710.00000,11145.00000,3.00000,11300.00000,10820.00000,3.00000,3.00000,2.00000,204.13112,-174.30870,0.00000,2.50000,0.00000,3.00000,1.00000,336.81366,-41.60815,0.00000,-2.50000,0.00000,289.00000,0.00000,89.99978,0.00000,210.00000,0.00000,89.99978,0.00000,0.00000,2.00000,0.00000,0.00000,0.00000,0.00000,3.00000,10940.00000,
1623.14136,2406.36182,2404.85938,0.00000,13.82346,14.82346,2.94401,18.20869,-2.06690,47.80195,6.37467,5964.94629,5060.35742,0.00000,5964.94727,47.50000,6.00000,11710.00000,11145.00000,3.00000,11300.00000,10820.00000,3.00000,3.00000,2.00000,204.07295,-174.57954,0.00000,2.50000,0.00000,3.00000,1.00000,336.69855,-41.93348,0.00000,-2.50000,0.00000,289.00000,0.00000,89.99978,0.00000,210.00000,0.00000,89.99978,0.00000,0.00000,2.00000,0.00000,0.00000,0.00000,0.00000,3.00000,10940.00000,
1624.12744,2409.47754,2407.97485,0.00000,13.82433,14.82433,2.94488,18.59380,-2.06714,47.80366,6.37564,5964.95215,5052.53418,0.00000,5964.94727,47.50000,6.00000,11710.00000,11145.00000,3.00000,11300.00000,10820.00000,3.00000,3.00000,2.00000,204.01248,-174.76221,0.00000,2.50000,0.00000,3.00000,1.00000,336.57022,-42.18250,0.00000,-2.50000,0.00000,289.00000,0.00000,89.99978,0.00000,210.00000,0.00000,89.99978,0.00000,0.00000,2.00000,0.00000,0.00000,0.00000,0.00000,3.00000,10940.00000,
1625.10486,2412.69360,2411.19092,0.00000,13.82522,14.82522,2.94577,18.73020,-2.06740,47.80541,6.37664,5964.95605,5047.70215,0.00000,5964.94727,47.50000,6.00000,11710.00000,11145.00000,3.00000,11300.00000,10820.00000,3.00000,3.00000,2.00000,203.95294,-174.85133,0.00000,2.50000,0.00000,3.00000,1.00000,336.43701,-42.34416,0.00000,-2.50000,0.00000,289.00000,0.00000,89.99978,0.00000,210.00000,0.00000,89.99978,0.00000,0.00000,2.00000,0.00000,0.00000,0.00000,0.00000,3.00000,10940.00000,
1626.09900,2415.80908,2414.30640,0.00000,13.82608,14.82608,2.94664,18.72913,-2.06765,47.80711,6.37762,5964.95947,5039.91357,0.00000,5964.94727,47.50000,6.00000,11710.00000,11145.00000,3.00000,11300.00000,10820.00000,3.00000,3.00000,2.00000,203.89667,-174.91499,0.00000,2.50000,0.00000,3.00000,1.00000,336.30734,-42.48050,0.00000,-2.50000,0.00000,289.00000,0.00000,89.99978,0.00000,210.00000,0.00000,89.99978,0.00000,0.00000,2.00000,0.00000,0.00000,0.00000,0.00000,3.00000,10940.00000,
1627.08276,2418.82422,2417.32153,0.00000,13.82692,14.82692,2.94747,18.72727,-2.06788,47.80876,6.37856,5964.96387,5034.43896,0.00000,5964.94727,47.50000,6.00000,11710.00000,11145.00000,3.00000,11300.00000,10820.00000,3.00000,3.00000,2.00000,203.84431,-174.98251,0.00000,2.50000,0.00000,3.00000,1.00000,336.18121,-42.62102,0.00000,-2.50000,0.00000,289.00000,0.00000,89.99978,0.00000,210.00000,0.00000,89.99978,0.00000,0.00000,2.00000,0.00000,0.00000,0.00000,0.00000,3.00000,10940.00000,
1628.05359,2422.24097,2420.73828,0.00000,13.82787,14.82787,2.94842,18.75344,-2.06815,47.81063,6.37963,5964.96875,5015.89453,1.00000,5964.94922,47.50000,6.00000,11710.00000,11145.00000,3.00000,11300.00000,10820.00000,3.00000,3.00000,2.00000,203.78658,-175.06085,0.00000,2.50000,0.00000,3.00000,1.00000,336.03812,-42.78417,0.00000,-2.50000,0.00000,289.00000,0.00000,89.99978,0.00000,210.00000,0.00000,89.99978,0.00000,0.00000,2.00000,0.00000,0.00000,0.00000,0.00000,3.00000,10940.00000,
1629.04089,2425.10522,2423.60254,0.00000,13.82867,14.82867,2.94922,18.77782,-2.06838,47.81219,6.38052,5964.97314,5004.58838,1.00000,5964.95117,47.50000,6.00000,11710.00000,11145.00000,3.00000,11300.00000,10820.00000,3.00000,3.00000,2.00000,203.73961,-175.12048,0.00000,2.50000,0.00000,3.00000,1.00000,335.91809,-42.91663,0.00000,-2.50000,0.00000,289.00000,0.00000,89.99978,0.00000,210.00000,0.00000,89.99978,0.00000,0.00000,2.00000,0.00000,0.00000,0.00000,0.00000,3.00000,10940.00000,
1630.01404,2428.17041,2426.66797,0.00000,13.82952,14.82952,2.95007,18.79364,-2.06862,47.81387,6.38148,5964.97754,4990.37939,1.00000,5964.95117,47.50000,6.00000,11710.00000,11145.00000,3.00000,11300.00000,10820.00000,3.00000,3.00000,2.00000,203.69095,-175.17844,0.00000,2.50000,0.00000,3.00000,1.00000,335.78806,-43.05471,0.00000,-2.50000,0.00000,289.00000,0.00000,89.99978,0.00000,210.00000,0.00000,89.99978,0.00000,0.00000,2.00000,0.00000,0.00000,0.00000,0.00000,3.00000,10940.00000,
1630.99182,2431.03491,2429.53223,0.00000,13.83031,14.83031,2.95087,18.80122,-2.06885,47.81543,6.38238,5964.98145,4981.36572,1.00000,5964.96240,47.50000,6.00000,11710.00000,11145.00000,3.00000,11300.00000,10820.00000,3.00000,3.00000,2.00000,203.64658,-175.22916,0.00000,2.50000,0.00000,3.00000,1.00000,335.66586,-43.18290,0.00000,-2.50000,0.00000,289.00000,0.00000,89.99978,0.00000,210.00000,0.00000,89.99978,0.00000,0.00000,2.00000,0.00000,0.00000,0.00000,0.00000,3.00000,10940.00000,
1631.98523,2433.69800,2432.19556,0.00000,13.83105,14.83105,2.95160,18.80641,-2.06906,47.81688,6.38321,5964.98145,4984.74463,1.00000,5964.96240,47.50000,6.00000,11710.00000,11145.00000,3.00000,11300.00000,10820.00000,3.00000,3.00000,2.00000,203.60620,-175.27563,0.00000,2.50000,0.00000,3.00000,1.00000,335.55173,-43.30250,0.00000,-2.50000,0.00000,289.00000,0.00000,89.99978,0.00000,210.00000,0.00000,89.99978,0.00000,0.00000,2.00000,0.00000,0.00000,0.00000,0.00000,3.00000,10940.00000,
1632.96826,2436.81372,2435.31104,0.00000,13.83192,14.83192,2.95247,18.81289,-2.06931,47.81858,6.38419,5964.98145,4977.82129,1.00000,5964.96240,47.50000,6.00000,11710.00000,11145.00000,3.00000,11300.00000,10820.00000,3.00000,3.00000,2.00000,203.56059,-175.32860,0.00000,2.50000,0.00000,3.00000,1.00000,335.41763,-43.44316,0.00000,-2.50000,0.00000,289.00000,0.00000,89.99978,0.00000,210.00000,0.00000,89.99978,0.00000,0.00000,2.00000,0.00000,0.00000,0.00000,0.00000,3.00000,10940.00000,
1633.95605,2439.92773,2438.42505,0.00000,13.83278,14.83278,2.95334,18.81994,-2.06956,47.82028,6.38517,5964.98193,4971.74023,1.00000,5964.96436,47.50000,6.00000,11710.00000,11145.00000,3.00000,11300.00000,10820.00000,3.00000,3.00000,2.00000,203.51558,-175.38055,0.00000,2.50000,0.00000,3.00000,1.00000,335.28293,-43.58448,0.00000,-2.50000,0.00000,289.00000,0.00000,89.99978,0.00000,210.00000,0.00000,89.99978,0.00000,0.00000,2.00000,0.00000,0.00000,0.00000,0.00000,3.00000,10940.00000,
1634.93542,2443.29419,2441.79175,0.00000,13.83372,14.83372,2.95427,18.82765,-2.06983,47.82212,6.38622,5964.98193,4966.80420,1.00000,5964.96729,47.50000,6.00000,11710.00000,11145.00000,3.00000,11300.00000,10820.00000,3.00000,3.00000,2.00000,203.46904,-175.43507,0.00000,2.50000,0.00000,3.00000,1.00000,335.13657,-43.73782,0.00000,-2.50000,0.00000,289.00000,0.00000,89.99978,0.00000,210.00000,0.00000,89.99978,0.00000,0.00000,2.00000,0.00000,0.00000,0.00000,0.00000,3.00000,10940.00000,
